"2023-04-25T07:33:01.338Z","SYS","Session logging started.",""
"2023-04-25T07:33:01.340Z","EVSE","Session Started: EVConnected",""
"2023-04-25T07:33:02.342Z","EVSE","Set PWM On (5.000000074505806%)",""
"2023-04-25T07:33:02.451Z","EVSE","Change HLC Limits: 10000W/25A, target_voltage 0, hack_bpt false",""
"2023-04-25T07:33:02.630Z","EVSE","EIM Authorization received",""
"2023-04-25T07:33:02.631Z","EVSE","Transaction Started (550.253 kWh)",""
"2023-04-25T07:33:02.633Z","EVSE","DC mode. We are in 5percent mode so we can continue without further action.",""
"2023-04-25T07:33:02.684Z","EVSE","Charger state: Wait for Auth->PrepareCharging",""
"2023-04-25T07:33:02.823Z","EVSE","Set PWM On (5.000000074505806%)",""
"2023-04-25T07:33:08.943Z","CAR","V2G SupportedAppProtocolReq",""
"2023-04-25T07:33:08.946Z","EVSE","V2G SupportedAppProtocolRes",""
"2023-04-25T07:33:09.006Z","CAR","V2G SessionSetupReq",""
"2023-04-25T07:33:09.091Z","EVSE","V2G SessionSetupRes",""
"2023-04-25T07:33:09.351Z","CAR","V2G ServiceDiscoveryReq",""
"2023-04-25T07:33:09.485Z","EVSE","V2G ServiceDiscoveryRes",""
"2023-04-25T07:33:09.700Z","CAR","V2G ServicePaymentSelectionReq",""
"2023-04-25T07:33:09.803Z","EVSE","V2G ServicePaymentSelectionRes",""
"2023-04-25T07:33:10.164Z","CAR","V2G ContractAuthenticationReq",""
"2023-04-25T07:33:10.183Z","EVSE","V2G ContractAuthenticationRes",""
"2023-04-25T07:33:10.225Z","CAR","V2G ContractAuthenticationReq",""
"2023-04-25T07:33:10.330Z","EVSE","V2G ContractAuthenticationRes",""
"2023-04-25T07:33:10.642Z","CAR","V2G ChargeParameterDiscoveryReq",""
"2023-04-25T07:33:10.705Z","EVSE","V2G ChargeParameterDiscoveryRes",""
"2023-04-25T07:33:11.660Z","EVSE","Start cable check...",""
"2023-04-25T07:33:11.661Z","EVSE","DC power supply set: 500V/2A, requested was 500V/2A.",""
"2023-04-25T07:33:11.691Z","CAR","V2G CableCheckReq",""
"2023-04-25T07:33:11.766Z","EVSE","V2G CableCheckRes",""
"2023-04-25T07:33:11.881Z","EVSE","DC power supply: switch ON called",""
"2023-04-25T07:33:11.892Z","CAR","V2G CableCheckReq",""
"2023-04-25T07:33:11.934Z","EVSE","V2G CableCheckRes",""
"2023-04-25T07:33:12.016Z","CAR","V2G CableCheckReq",""
"2023-04-25T07:33:12.150Z","EVSE","V2G CableCheckRes",""
"2023-04-25T07:33:12.192Z","CAR","V2G CableCheckReq",""
"2023-04-25T07:33:12.297Z","EVSE","V2G CableCheckRes",""
"2023-04-25T07:33:12.422Z","CAR","V2G CableCheckReq",""
"2023-04-25T07:33:12.463Z","EVSE","V2G CableCheckRes",""
"2023-04-25T07:33:12.545Z","CAR","V2G CableCheckReq",""
"2023-04-25T07:33:12.647Z","EVSE","V2G CableCheckRes",""
"2023-04-25T07:33:12.729Z","CAR","V2G CableCheckReq",""
"2023-04-25T07:33:12.864Z","EVSE","V2G CableCheckRes",""
"2023-04-25T07:33:12.915Z","CAR","V2G CableCheckReq",""
"2023-04-25T07:33:12.977Z","CAR","Event CarRequestedPower",""
"2023-04-25T07:33:13.022Z","EVSE","V2G CableCheckRes",""
"2023-04-25T07:33:13.135Z","CAR","V2G CableCheckReq",""
"2023-04-25T07:33:13.228Z","EVSE","V2G CableCheckRes",""
"2023-04-25T07:33:13.280Z","EVSE","Isolation measurement P 910000 N 900000.",""
"2023-04-25T07:33:13.291Z","CAR","V2G CableCheckReq",""
"2023-04-25T07:33:13.362Z","EVSE","V2G CableCheckRes",""
"2023-04-25T07:33:13.455Z","CAR","V2G CableCheckReq",""
"2023-04-25T07:33:13.547Z","EVSE","V2G CableCheckRes",""
"2023-04-25T07:33:13.629Z","CAR","V2G CableCheckReq",""
"2023-04-25T07:33:13.731Z","EVSE","V2G CableCheckRes",""
"2023-04-25T07:33:13.856Z","CAR","V2G CableCheckReq",""
"2023-04-25T07:33:13.918Z","EVSE","V2G CableCheckRes",""
"2023-04-25T07:33:14.000Z","CAR","V2G CableCheckReq",""
"2023-04-25T07:33:14.092Z","EVSE","V2G CableCheckRes",""
"2023-04-25T07:33:14.174Z","CAR","V2G CableCheckReq",""
"2023-04-25T07:33:14.279Z","EVSE","V2G CableCheckRes",""
"2023-04-25T07:33:14.290Z","EVSE","Isolation measurement P 910000 N 900000.",""
"2023-04-25T07:33:14.291Z","EVSE","DC power supply set: 500V/2A, requested was 500V/2A.",""
"2023-04-25T07:33:14.388Z","CAR","V2G CableCheckReq",""
"2023-04-25T07:33:14.483Z","EVSE","V2G CableCheckRes",""
"2023-04-25T07:33:14.524Z","CAR","V2G CableCheckReq",""
"2023-04-25T07:33:14.627Z","EVSE","V2G CableCheckRes",""
"2023-04-25T07:33:14.709Z","CAR","V2G CableCheckReq",""
"2023-04-25T07:33:14.760Z","EVSE","Isolation measurement Ok P 910000 N 900000.",""
"2023-04-25T07:33:14.824Z","EVSE","V2G CableCheckRes",""
"2023-04-25T07:33:14.936Z","CAR","V2G CableCheckReq",""
"2023-04-25T07:33:14.989Z","EVSE","V2G CableCheckRes",""
"2023-04-25T07:33:15.081Z","CAR","V2G CableCheckReq",""
"2023-04-25T07:33:15.174Z","EVSE","V2G CableCheckRes",""
"2023-04-25T07:33:15.266Z","CAR","V2G CableCheckReq",""
"2023-04-25T07:33:15.349Z","EVSE","V2G CableCheckRes",""
"2023-04-25T07:33:15.431Z","CAR","V2G CableCheckReq",""
"2023-04-25T07:33:15.533Z","EVSE","V2G CableCheckRes",""
"2023-04-25T07:33:15.628Z","CAR","V2G CableCheckReq",""
"2023-04-25T07:33:15.735Z","EVSE","V2G CableCheckRes",""
"2023-04-25T07:33:15.810Z","CAR","V2G CableCheckReq",""
"2023-04-25T07:33:15.902Z","EVSE","V2G CableCheckRes",""
"2023-04-25T07:33:15.974Z","CAR","V2G CableCheckReq",""
"2023-04-25T07:33:16.066Z","EVSE","V2G CableCheckRes",""
"2023-04-25T07:33:16.148Z","CAR","V2G CableCheckReq",""
"2023-04-25T07:33:16.251Z","EVSE","V2G CableCheckRes",""
"2023-04-25T07:33:16.333Z","CAR","V2G CableCheckReq",""
"2023-04-25T07:33:16.436Z","EVSE","V2G CableCheckRes",""
"2023-04-25T07:33:16.518Z","CAR","V2G CableCheckReq",""
"2023-04-25T07:33:16.611Z","EVSE","V2G CableCheckRes",""
"2023-04-25T07:33:16.693Z","CAR","V2G CableCheckReq",""
"2023-04-25T07:33:16.838Z","EVSE","V2G CableCheckRes",""
"2023-04-25T07:33:16.901Z","CAR","V2G CableCheckReq",""
"2023-04-25T07:33:16.984Z","EVSE","V2G CableCheckRes",""
"2023-04-25T07:33:17.058Z","CAR","V2G CableCheckReq",""
"2023-04-25T07:33:17.186Z","EVSE","V2G CableCheckRes",""
"2023-04-25T07:33:17.236Z","CAR","V2G CableCheckReq",""
"2023-04-25T07:33:17.349Z","EVSE","V2G CableCheckRes",""
"2023-04-25T07:33:17.411Z","CAR","V2G CableCheckReq",""
"2023-04-25T07:33:17.514Z","EVSE","V2G CableCheckRes",""
"2023-04-25T07:33:17.596Z","CAR","V2G CableCheckReq",""
"2023-04-25T07:33:17.698Z","EVSE","V2G CableCheckRes",""
"2023-04-25T07:33:17.791Z","CAR","V2G CableCheckReq",""
"2023-04-25T07:33:17.906Z","EVSE","V2G CableCheckRes",""
"2023-04-25T07:33:17.948Z","CAR","V2G CableCheckReq",""
"2023-04-25T07:33:18.052Z","EVSE","V2G CableCheckRes",""
"2023-04-25T07:33:18.136Z","CAR","V2G CableCheckReq",""
"2023-04-25T07:33:18.270Z","EVSE","V2G CableCheckRes",""
"2023-04-25T07:33:18.323Z","CAR","V2G CableCheckReq",""
"2023-04-25T07:33:18.448Z","EVSE","V2G CableCheckRes",""
"2023-04-25T07:33:18.500Z","CAR","V2G CableCheckReq",""
"2023-04-25T07:33:18.592Z","EVSE","V2G CableCheckRes",""
"2023-04-25T07:33:18.664Z","CAR","V2G CableCheckReq",""
"2023-04-25T07:33:18.778Z","EVSE","V2G CableCheckRes",""
"2023-04-25T07:33:18.892Z","CAR","V2G CableCheckReq",""
"2023-04-25T07:33:18.994Z","EVSE","V2G CableCheckRes",""
"2023-04-25T07:33:19.036Z","CAR","V2G CableCheckReq",""
"2023-04-25T07:33:19.128Z","EVSE","V2G CableCheckRes",""
"2023-04-25T07:33:19.211Z","CAR","V2G CableCheckReq",""
"2023-04-25T07:33:19.326Z","EVSE","V2G CableCheckRes",""
"2023-04-25T07:33:19.388Z","CAR","V2G CableCheckReq",""
"2023-04-25T07:33:19.494Z","EVSE","V2G CableCheckRes",""
"2023-04-25T07:33:19.618Z","CAR","V2G CableCheckReq",""
"2023-04-25T07:33:19.711Z","EVSE","V2G CableCheckRes",""
"2023-04-25T07:33:19.763Z","CAR","V2G CableCheckReq",""
"2023-04-25T07:33:19.888Z","EVSE","V2G CableCheckRes",""
"2023-04-25T07:33:19.940Z","CAR","V2G CableCheckReq",""
"2023-04-25T07:33:20.033Z","EVSE","V2G CableCheckRes",""
"2023-04-25T07:33:20.105Z","CAR","V2G CableCheckReq",""
"2023-04-25T07:33:20.209Z","EVSE","V2G CableCheckRes",""
"2023-04-25T07:33:20.332Z","CAR","V2G CableCheckReq",""
"2023-04-25T07:33:20.394Z","EVSE","V2G CableCheckRes",""
"2023-04-25T07:33:20.477Z","CAR","V2G CableCheckReq",""
"2023-04-25T07:33:20.591Z","EVSE","V2G CableCheckRes",""
"2023-04-25T07:33:20.697Z","CAR","V2G CableCheckReq",""
"2023-04-25T07:33:20.759Z","EVSE","V2G CableCheckRes",""
"2023-04-25T07:33:20.833Z","CAR","V2G CableCheckReq",""
"2023-04-25T07:33:20.961Z","EVSE","V2G CableCheckRes",""
"2023-04-25T07:33:21.065Z","CAR","V2G CableCheckReq",""
"2023-04-25T07:33:21.127Z","EVSE","V2G CableCheckRes",""
"2023-04-25T07:33:21.229Z","CAR","V2G CableCheckReq",""
"2023-04-25T07:33:21.302Z","EVSE","V2G CableCheckRes",""
"2023-04-25T07:33:21.374Z","CAR","V2G CableCheckReq",""
"2023-04-25T07:33:21.476Z","EVSE","V2G CableCheckRes",""
"2023-04-25T07:33:21.559Z","CAR","V2G CableCheckReq",""
"2023-04-25T07:33:21.694Z","EVSE","V2G CableCheckRes",""
"2023-04-25T07:33:21.776Z","CAR","V2G CableCheckReq",""
"2023-04-25T07:33:21.828Z","EVSE","V2G CableCheckRes",""
"2023-04-25T07:33:21.910Z","CAR","V2G CableCheckReq",""
"2023-04-25T07:33:22.013Z","EVSE","V2G CableCheckRes",""
"2023-04-25T07:33:22.097Z","CAR","V2G CableCheckReq",""
"2023-04-25T07:33:22.204Z","EVSE","V2G CableCheckRes",""
"2023-04-25T07:33:22.319Z","CAR","V2G CableCheckReq",""
"2023-04-25T07:33:22.416Z","EVSE","V2G CableCheckRes",""
"2023-04-25T07:33:22.447Z","CAR","V2G CableCheckReq",""
"2023-04-25T07:33:22.550Z","EVSE","V2G CableCheckRes",""
"2023-04-25T07:33:22.644Z","CAR","V2G CableCheckReq",""
"2023-04-25T07:33:22.748Z","EVSE","V2G CableCheckRes",""
"2023-04-25T07:33:22.820Z","CAR","V2G CableCheckReq",""
"2023-04-25T07:33:22.912Z","EVSE","V2G CableCheckRes",""
"2023-04-25T07:33:22.995Z","CAR","V2G CableCheckReq",""
"2023-04-25T07:33:23.097Z","EVSE","V2G CableCheckRes",""
"2023-04-25T07:33:23.180Z","CAR","V2G CableCheckReq",""
"2023-04-25T07:33:23.272Z","EVSE","V2G CableCheckRes",""
"2023-04-25T07:33:23.387Z","CAR","V2G CableCheckReq",""
"2023-04-25T07:33:23.496Z","EVSE","V2G CableCheckRes",""
"2023-04-25T07:33:23.548Z","CAR","V2G CableCheckReq",""
"2023-04-25T07:33:23.685Z","EVSE","V2G CableCheckRes",""
"2023-04-25T07:33:23.746Z","CAR","V2G CableCheckReq",""
"2023-04-25T07:33:23.818Z","EVSE","V2G CableCheckRes",""
"2023-04-25T07:33:23.900Z","CAR","V2G CableCheckReq",""
"2023-04-25T07:33:23.993Z","EVSE","V2G CableCheckRes",""
"2023-04-25T07:33:24.075Z","CAR","V2G CableCheckReq",""
"2023-04-25T07:33:24.168Z","EVSE","V2G CableCheckRes",""
"2023-04-25T07:33:24.250Z","CAR","V2G CableCheckReq",""
"2023-04-25T07:33:24.394Z","EVSE","V2G CableCheckRes",""
"2023-04-25T07:33:24.436Z","CAR","V2G CableCheckReq",""
"2023-04-25T07:33:24.528Z","EVSE","V2G CableCheckRes",""
"2023-04-25T07:33:24.623Z","CAR","V2G CableCheckReq",""
"2023-04-25T07:33:24.747Z","EVSE","V2G CableCheckRes",""
"2023-04-25T07:33:24.800Z","CAR","V2G CableCheckReq",""
"2023-04-25T07:33:24.896Z","EVSE","V2G CableCheckRes",""
"2023-04-25T07:33:25.011Z","CAR","V2G CableCheckReq",""
"2023-04-25T07:33:25.114Z","EVSE","V2G CableCheckRes",""
"2023-04-25T07:33:25.156Z","CAR","V2G CableCheckReq",""
"2023-04-25T07:33:25.258Z","EVSE","V2G CableCheckRes",""
"2023-04-25T07:33:25.341Z","CAR","V2G CableCheckReq",""
"2023-04-25T07:33:25.434Z","EVSE","V2G CableCheckRes",""
"2023-04-25T07:33:25.517Z","CAR","V2G CableCheckReq",""
"2023-04-25T07:33:25.651Z","EVSE","V2G CableCheckRes",""
"2023-04-25T07:33:25.713Z","CAR","V2G CableCheckReq",""
"2023-04-25T07:33:25.785Z","EVSE","V2G CableCheckRes",""
"2023-04-25T07:33:25.869Z","CAR","V2G CableCheckReq",""
"2023-04-25T07:33:26.003Z","EVSE","V2G CableCheckRes",""
"2023-04-25T07:33:26.065Z","CAR","V2G CableCheckReq",""
"2023-04-25T07:33:26.158Z","EVSE","V2G CableCheckRes",""
"2023-04-25T07:33:26.272Z","CAR","V2G CableCheckReq",""
"2023-04-25T07:33:26.378Z","EVSE","V2G CableCheckRes",""
"2023-04-25T07:33:26.420Z","CAR","V2G CableCheckReq",""
"2023-04-25T07:33:26.512Z","EVSE","V2G CableCheckRes",""
"2023-04-25T07:33:26.586Z","CAR","V2G CableCheckReq",""
"2023-04-25T07:33:26.721Z","EVSE","V2G CableCheckRes",""
"2023-04-25T07:33:26.773Z","CAR","V2G CableCheckReq",""
"2023-04-25T07:33:26.866Z","EVSE","V2G CableCheckRes",""
"2023-04-25T07:33:26.948Z","CAR","V2G CableCheckReq",""
"2023-04-25T07:33:27.061Z","EVSE","V2G CableCheckRes",""
"2023-04-25T07:33:27.176Z","CAR","V2G CableCheckReq",""
"2023-04-25T07:33:27.238Z","EVSE","V2G CableCheckRes",""
"2023-04-25T07:33:27.310Z","CAR","V2G CableCheckReq",""
"2023-04-25T07:33:27.424Z","EVSE","V2G CableCheckRes",""
"2023-04-25T07:33:27.498Z","CAR","V2G CableCheckReq",""
"2023-04-25T07:33:27.623Z","EVSE","V2G CableCheckRes",""
"2023-04-25T07:33:27.706Z","CAR","V2G CableCheckReq",""
"2023-04-25T07:33:27.768Z","EVSE","V2G CableCheckRes",""
"2023-04-25T07:33:27.850Z","CAR","V2G CableCheckReq",""
"2023-04-25T07:33:27.954Z","EVSE","V2G CableCheckRes",""
"2023-04-25T07:33:28.036Z","CAR","V2G CableCheckReq",""
"2023-04-25T07:33:28.139Z","EVSE","V2G CableCheckRes",""
"2023-04-25T07:33:28.222Z","CAR","V2G CableCheckReq",""
"2023-04-25T07:33:28.348Z","EVSE","V2G CableCheckRes",""
"2023-04-25T07:33:28.410Z","CAR","V2G CableCheckReq",""
"2023-04-25T07:33:28.492Z","EVSE","V2G CableCheckRes",""
"2023-04-25T07:33:28.586Z","CAR","V2G CableCheckReq",""
"2023-04-25T07:33:28.703Z","EVSE","V2G CableCheckRes",""
"2023-04-25T07:33:28.754Z","CAR","V2G CableCheckReq",""
"2023-04-25T07:33:28.858Z","EVSE","V2G CableCheckRes",""
"2023-04-25T07:33:28.973Z","CAR","V2G CableCheckReq",""
"2023-04-25T07:33:29.036Z","EVSE","V2G CableCheckRes",""
"2023-04-25T07:33:29.110Z","CAR","V2G CableCheckReq",""
"2023-04-25T07:33:29.213Z","EVSE","V2G CableCheckRes",""
"2023-04-25T07:33:29.295Z","CAR","V2G CableCheckReq",""
"2023-04-25T07:33:29.409Z","EVSE","V2G CableCheckRes",""
"2023-04-25T07:33:29.470Z","CAR","V2G CableCheckReq",""
"2023-04-25T07:33:29.616Z","EVSE","V2G CableCheckRes",""
"2023-04-25T07:33:29.668Z","CAR","V2G CableCheckReq",""
"2023-04-25T07:33:29.792Z","EVSE","V2G CableCheckRes",""
"2023-04-25T07:33:29.843Z","CAR","V2G CableCheckReq",""
"2023-04-25T07:33:29.936Z","EVSE","V2G CableCheckRes",""
"2023-04-25T07:33:30.018Z","CAR","V2G CableCheckReq",""
"2023-04-25T07:33:30.112Z","EVSE","V2G CableCheckRes",""
"2023-04-25T07:33:30.195Z","CAR","V2G CableCheckReq",""
"2023-04-25T07:33:30.334Z","EVSE","V2G CableCheckRes",""
"2023-04-25T07:33:30.428Z","CAR","V2G CableCheckReq",""
"2023-04-25T07:33:30.481Z","EVSE","V2G CableCheckRes",""
"2023-04-25T07:33:30.565Z","CAR","V2G CableCheckReq",""
"2023-04-25T07:33:30.681Z","EVSE","V2G CableCheckRes",""
"2023-04-25T07:33:30.743Z","CAR","V2G CableCheckReq",""
"2023-04-25T07:33:30.869Z","EVSE","V2G CableCheckRes",""
"2023-04-25T07:33:30.920Z","CAR","V2G CableCheckReq",""
"2023-04-25T07:33:31.013Z","EVSE","V2G CableCheckRes",""
"2023-04-25T07:33:31.096Z","CAR","V2G CableCheckReq",""
"2023-04-25T07:33:31.188Z","EVSE","V2G CableCheckRes",""
"2023-04-25T07:33:31.271Z","CAR","V2G CableCheckReq",""
"2023-04-25T07:33:31.374Z","EVSE","V2G CableCheckRes",""
"2023-04-25T07:33:31.488Z","CAR","V2G CableCheckReq",""
"2023-04-25T07:33:31.550Z","EVSE","V2G CableCheckRes",""
"2023-04-25T07:33:31.634Z","CAR","V2G CableCheckReq",""
"2023-04-25T07:33:31.762Z","EVSE","V2G CableCheckRes",""
"2023-04-25T07:33:31.826Z","CAR","V2G CableCheckReq",""
"2023-04-25T07:33:31.941Z","EVSE","V2G CableCheckRes",""
"2023-04-25T07:33:31.994Z","CAR","V2G CableCheckReq",""
"2023-04-25T07:33:32.120Z","EVSE","V2G CableCheckRes",""
"2023-04-25T07:33:32.173Z","CAR","V2G CableCheckReq",""
"2023-04-25T07:33:32.265Z","EVSE","V2G CableCheckRes",""
"2023-04-25T07:33:32.359Z","CAR","V2G CableCheckReq",""
"2023-04-25T07:33:32.497Z","EVSE","V2G CableCheckRes",""
"2023-04-25T07:33:32.539Z","CAR","V2G CableCheckReq",""
"2023-04-25T07:33:32.634Z","EVSE","V2G CableCheckRes",""
"2023-04-25T07:33:32.706Z","CAR","V2G CableCheckReq",""
"2023-04-25T07:33:32.809Z","EVSE","V2G CableCheckRes",""
"2023-04-25T07:33:32.893Z","CAR","V2G CableCheckReq",""
"2023-04-25T07:33:32.986Z","EVSE","V2G CableCheckRes",""
"2023-04-25T07:33:33.080Z","CAR","V2G CableCheckReq",""
"2023-04-25T07:33:33.215Z","EVSE","V2G CableCheckRes",""
"2023-04-25T07:33:33.288Z","CAR","V2G CableCheckReq",""
"2023-04-25T07:33:33.349Z","EVSE","V2G CableCheckRes",""
"2023-04-25T07:33:33.488Z","CAR","V2G CableCheckReq",""
"2023-04-25T07:33:33.563Z","EVSE","V2G CableCheckRes",""
"2023-04-25T07:33:33.605Z","CAR","V2G CableCheckReq",""
"2023-04-25T07:33:33.708Z","EVSE","V2G CableCheckRes",""
"2023-04-25T07:33:33.791Z","CAR","V2G CableCheckReq",""
"2023-04-25T07:33:33.894Z","EVSE","V2G CableCheckRes",""
"2023-04-25T07:33:33.977Z","CAR","V2G CableCheckReq",""
"2023-04-25T07:33:34.070Z","EVSE","V2G CableCheckRes",""
"2023-04-25T07:33:34.153Z","CAR","V2G CableCheckReq",""
"2023-04-25T07:33:34.256Z","EVSE","V2G CableCheckRes",""
"2023-04-25T07:33:34.338Z","CAR","V2G CableCheckReq",""
"2023-04-25T07:33:34.468Z","EVSE","V2G CableCheckRes",""
"2023-04-25T07:33:34.551Z","CAR","V2G CableCheckReq",""
"2023-04-25T07:33:34.626Z","EVSE","V2G CableCheckRes",""
"2023-04-25T07:33:34.699Z","CAR","V2G CableCheckReq",""
"2023-04-25T07:33:34.834Z","EVSE","V2G CableCheckRes",""
"2023-04-25T07:33:34.886Z","CAR","V2G CableCheckReq",""
"2023-04-25T07:33:34.978Z","EVSE","V2G CableCheckRes",""
"2023-04-25T07:33:35.102Z","CAR","V2G CableCheckReq",""
"2023-04-25T07:33:35.186Z","EVSE","V2G CableCheckRes",""
"2023-04-25T07:33:35.238Z","CAR","V2G CableCheckReq",""
"2023-04-25T07:33:35.341Z","EVSE","V2G CableCheckRes",""
"2023-04-25T07:33:35.612Z","EVSE","DC power supply set: 695.4000244140625V/1A, requested was 695.4000244140625V/1A.",""
"2023-04-25T07:33:35.875Z","EVSE","Change HLC Limits: 10000W/14.380213A, target_voltage 695.4, hack_bpt false",""
"2023-04-25T07:33:35.993Z","CAR","V2G PreChargeReq",""
"2023-04-25T07:33:35.995Z","EVSE","V2G PreChargeRes",""
"2023-04-25T07:33:35.997Z","CAR","V2G PreChargeReq",""
"2023-04-25T07:33:35.999Z","EVSE","V2G PreChargeRes",""
"2023-04-25T07:33:36.001Z","CAR","V2G PreChargeReq",""
"2023-04-25T07:33:36.056Z","EVSE","V2G PreChargeRes",""
"2023-04-25T07:33:36.129Z","CAR","V2G PreChargeReq",""
"2023-04-25T07:33:36.222Z","EVSE","V2G PreChargeRes",""
"2023-04-25T07:33:36.305Z","CAR","V2G PreChargeReq",""
"2023-04-25T07:33:36.400Z","EVSE","V2G PreChargeRes",""
"2023-04-25T07:33:36.525Z","CAR","V2G PreChargeReq",""
"2023-04-25T07:33:36.629Z","EVSE","V2G PreChargeRes",""
"2023-04-25T07:33:36.660Z","CAR","V2G PreChargeReq",""
"2023-04-25T07:33:36.763Z","EVSE","V2G PreChargeRes",""
"2023-04-25T07:33:36.846Z","EVSE","DC power supply set: 695.2999877929688V/1A, requested was 695.2999877929688V/1A.",""
"2023-04-25T07:33:37.120Z","CAR","V2G PreChargeReq",""
"2023-04-25T07:33:37.122Z","EVSE","V2G PreChargeRes",""
"2023-04-25T07:33:37.125Z","EVSE","DC power supply set: 695.4000244140625V/1A, requested was 695.4000244140625V/1A.",""
"2023-04-25T07:33:37.461Z","CAR","V2G PreChargeReq",""
"2023-04-25T07:33:37.463Z","EVSE","V2G PreChargeRes",""
"2023-04-25T07:33:37.465Z","CAR","V2G PreChargeReq",""
"2023-04-25T07:33:37.467Z","EVSE","V2G PreChargeRes",""
"2023-04-25T07:33:37.470Z","EVSE","DC power supply set: 695.2999877929688V/1A, requested was 695.2999877929688V/1A.",""
"2023-04-25T07:33:37.796Z","CAR","V2G PreChargeReq",""
"2023-04-25T07:33:37.798Z","EVSE","V2G PreChargeRes",""
"2023-04-25T07:33:37.801Z","EVSE","DC power supply set: 695.2000122070312V/1A, requested was 695.2000122070312V/1A.",""
"2023-04-25T07:33:38.180Z","CAR","V2G PreChargeReq",""
"2023-04-25T07:33:38.182Z","EVSE","V2G PreChargeRes",""
"2023-04-25T07:33:38.184Z","EVSE","DC power supply set: 695.0999755859375V/1A, requested was 695.0999755859375V/1A.",""
"2023-04-25T07:33:38.547Z","CAR","V2G PreChargeReq",""
"2023-04-25T07:33:38.549Z","EVSE","V2G PreChargeRes",""
"2023-04-25T07:33:38.552Z","EVSE","DC power supply set: 695.2000122070312V/1A, requested was 695.2000122070312V/1A.",""
"2023-04-25T07:33:38.590Z","EVSE","Change HLC Limits: 10000W/14.38435A, target_voltage 695.2, hack_bpt false",""
"2023-04-25T07:33:38.895Z","CAR","V2G PreChargeReq",""
"2023-04-25T07:33:38.899Z","EVSE","V2G PreChargeRes",""
"2023-04-25T07:33:38.901Z","CAR","V2G PreChargeReq",""
"2023-04-25T07:33:38.904Z","EVSE","V2G PreChargeRes",""
"2023-04-25T07:33:38.907Z","EVSE","DC power supply set: 695.2999877929688V/1A, requested was 695.2999877929688V/1A.",""
"2023-04-25T07:33:39.239Z","CAR","V2G PreChargeReq",""
"2023-04-25T07:33:39.242Z","EVSE","V2G PreChargeRes",""
"2023-04-25T07:33:39.245Z","CAR","V2G PreChargeReq",""
"2023-04-25T07:33:39.247Z","EVSE","V2G PreChargeRes",""
"2023-04-25T07:33:39.250Z","CAR","V2G PreChargeReq",""
"2023-04-25T07:33:39.252Z","EVSE","V2G PreChargeRes",""
"2023-04-25T07:33:39.257Z","CAR","V2G PowerDeliveryReq",""
"2023-04-25T07:33:39.260Z","EVSE","V2G PowerDeliveryRes",""
"2023-04-25T07:33:39.341Z","EVSE","Charger state: PrepareCharging->Charging",""
"2023-04-25T07:33:39.385Z","EVSE","DC power supply set: 825.5999755859375V/0A, requested was 825.5999755859375V/0A.",""
"2023-04-25T07:33:39.688Z","CAR","V2G CurrentDemandReq",""
"2023-04-25T07:33:39.690Z","EVSE","V2G CurrentDemandRes",""
"2023-04-25T07:33:39.692Z","EVSE","DC power supply set: 825.5999755859375V/0.30000001192092896A, requested was 825.5999755859375V/0.30000001192092896A.",""
"2023-04-25T07:33:40.048Z","EVSE","Change HLC Limits: 10000W/12.112404A, target_voltage 825.6, hack_bpt false",""
"2023-04-25T07:33:40.061Z","CAR","V2G CurrentDemandReq",""
"2023-04-25T07:33:40.063Z","EVSE","V2G CurrentDemandRes",""
"2023-04-25T07:33:40.065Z","EVSE","DC power supply set: 825.5999755859375V/0.8999999761581421A, requested was 825.5999755859375V/0.8999999761581421A.",""
"2023-04-25T07:33:40.441Z","CAR","V2G CurrentDemandReq",""
"2023-04-25T07:33:40.445Z","EVSE","V2G CurrentDemandRes",""
"2023-04-25T07:33:40.449Z","EVSE","DC power supply set: 825.5999755859375V/1.7999999523162842A, requested was 825.5999755859375V/1.7999999523162842A.",""
"2023-04-25T07:33:40.833Z","CAR","V2G CurrentDemandReq",""
"2023-04-25T07:33:40.835Z","EVSE","V2G CurrentDemandRes",""
"2023-04-25T07:33:40.839Z","EVSE","DC power supply set: 825.5999755859375V/2.9000000953674316A, requested was 825.5999755859375V/2.9000000953674316A.",""
"2023-04-25T07:33:41.145Z","CAR","V2G CurrentDemandReq",""
"2023-04-25T07:33:41.148Z","EVSE","V2G CurrentDemandRes",""
"2023-04-25T07:33:41.151Z","EVSE","DC power supply set: 825.5999755859375V/3.5A, requested was 825.5999755859375V/3.5A.",""
"2023-04-25T07:33:41.275Z","CAR","V2G CurrentDemandReq",""
"2023-04-25T07:33:41.278Z","EVSE","V2G CurrentDemandRes",""
"2023-04-25T07:33:41.281Z","EVSE","DC power supply set: 825.5999755859375V/4.900000095367432A, requested was 825.5999755859375V/4.900000095367432A.",""
"2023-04-25T07:33:41.413Z","CAR","V2G CurrentDemandReq",""
"2023-04-25T07:33:41.416Z","EVSE","V2G CurrentDemandRes",""
"2023-04-25T07:33:41.419Z","EVSE","DC power supply set: 825.5999755859375V/6.599999904632568A, requested was 825.5999755859375V/6.599999904632568A.",""
"2023-04-25T07:33:41.546Z","CAR","V2G CurrentDemandReq",""
"2023-04-25T07:33:41.549Z","EVSE","V2G CurrentDemandRes",""
"2023-04-25T07:33:41.552Z","EVSE","DC power supply set: 825.5999755859375V/8.600000381469727A, requested was 825.5999755859375V/8.600000381469727A.",""
"2023-04-25T07:33:41.681Z","CAR","V2G CurrentDemandReq",""
"2023-04-25T07:33:41.683Z","EVSE","V2G CurrentDemandRes",""
"2023-04-25T07:33:41.686Z","EVSE","DC power supply set: 825.5999755859375V/10.600000381469727A, requested was 825.5999755859375V/10.600000381469727A.",""
"2023-04-25T07:33:41.810Z","CAR","V2G CurrentDemandReq",""
"2023-04-25T07:33:41.813Z","EVSE","V2G CurrentDemandRes",""
"2023-04-25T07:33:41.816Z","EVSE","DC power supply set: 825.5999755859375V/11.600000381469727A, requested was 825.5999755859375V/11.600000381469727A.",""
"2023-04-25T07:33:41.927Z","CAR","V2G CurrentDemandReq",""
"2023-04-25T07:33:41.929Z","EVSE","V2G CurrentDemandRes",""
"2023-04-25T07:33:41.932Z","EVSE","DC power supply set: 825.5999755859375V/12A, requested was 825.5999755859375V/12A.",""
"2023-04-25T07:33:42.053Z","CAR","V2G CurrentDemandReq",""
"2023-04-25T07:33:42.056Z","EVSE","V2G CurrentDemandRes",""
"2023-04-25T07:33:42.058Z","CAR","V2G CurrentDemandReq",""
"2023-04-25T07:33:42.061Z","EVSE","V2G CurrentDemandRes",""
"2023-04-25T07:33:42.065Z","CAR","V2G CurrentDemandReq",""
"2023-04-25T07:33:42.068Z","EVSE","V2G CurrentDemandRes",""
"2023-04-25T07:33:42.070Z","CAR","V2G CurrentDemandReq",""
"2023-04-25T07:33:42.073Z","EVSE","V2G CurrentDemandRes",""
"2023-04-25T07:33:42.075Z","CAR","V2G CurrentDemandReq",""
"2023-04-25T07:33:42.165Z","EVSE","V2G CurrentDemandRes",""
"2023-04-25T07:33:42.229Z","CAR","V2G CurrentDemandReq",""
"2023-04-25T07:33:42.322Z","EVSE","V2G CurrentDemandRes",""
"2023-04-25T07:33:42.405Z","CAR","V2G CurrentDemandReq",""
"2023-04-25T07:33:42.500Z","EVSE","V2G CurrentDemandRes",""
"2023-04-25T07:33:42.630Z","CAR","V2G CurrentDemandReq",""
"2023-04-25T07:33:42.690Z","EVSE","V2G CurrentDemandRes",""
"2023-04-25T07:33:42.763Z","CAR","V2G CurrentDemandReq",""
"2023-04-25T07:33:42.910Z","EVSE","V2G CurrentDemandRes",""
"2023-04-25T07:33:42.951Z","CAR","V2G CurrentDemandReq",""
"2023-04-25T07:33:43.044Z","EVSE","V2G CurrentDemandRes",""
"2023-04-25T07:33:43.127Z","CAR","V2G CurrentDemandReq",""
"2023-04-25T07:33:43.231Z","EVSE","V2G CurrentDemandRes",""
"2023-04-25T07:33:43.304Z","CAR","V2G CurrentDemandReq",""
"2023-04-25T07:33:43.397Z","EVSE","V2G CurrentDemandRes",""
"2023-04-25T07:33:43.480Z","CAR","V2G CurrentDemandReq",""
"2023-04-25T07:33:43.584Z","EVSE","V2G CurrentDemandRes",""
"2023-04-25T07:33:43.699Z","CAR","V2G CurrentDemandReq",""
"2023-04-25T07:33:43.795Z","EVSE","V2G CurrentDemandRes",""
"2023-04-25T07:33:43.857Z","CAR","V2G CurrentDemandReq",""
"2023-04-25T07:33:43.963Z","EVSE","V2G CurrentDemandRes",""
"2023-04-25T07:33:44.055Z","CAR","V2G CurrentDemandReq",""
"2023-04-25T07:33:44.128Z","EVSE","V2G CurrentDemandRes",""
"2023-04-25T07:33:44.212Z","CAR","V2G CurrentDemandReq",""
"2023-04-25T07:33:44.305Z","EVSE","V2G CurrentDemandRes",""
"2023-04-25T07:33:44.388Z","CAR","V2G CurrentDemandReq",""
"2023-04-25T07:33:44.482Z","EVSE","V2G CurrentDemandRes",""
"2023-04-25T07:33:44.564Z","CAR","V2G CurrentDemandReq",""
"2023-04-25T07:33:44.680Z","EVSE","V2G CurrentDemandRes",""
"2023-04-25T07:33:44.743Z","CAR","V2G CurrentDemandReq",""
"2023-04-25T07:33:44.837Z","EVSE","V2G CurrentDemandRes",""
"2023-04-25T07:33:44.920Z","CAR","V2G CurrentDemandReq",""
"2023-04-25T07:33:45.023Z","EVSE","V2G CurrentDemandRes",""
"2023-04-25T07:33:45.140Z","CAR","V2G CurrentDemandReq",""
"2023-04-25T07:33:45.243Z","EVSE","V2G CurrentDemandRes",""
"2023-04-25T07:33:45.296Z","CAR","V2G CurrentDemandReq",""
"2023-04-25T07:33:45.432Z","EVSE","V2G CurrentDemandRes",""
"2023-04-25T07:33:45.474Z","CAR","V2G CurrentDemandReq",""
"2023-04-25T07:33:45.569Z","EVSE","V2G CurrentDemandRes",""
"2023-04-25T07:33:45.684Z","CAR","V2G CurrentDemandReq",""
"2023-04-25T07:33:45.746Z","EVSE","V2G CurrentDemandRes",""
"2023-04-25T07:33:45.819Z","CAR","V2G CurrentDemandReq",""
"2023-04-25T07:33:45.923Z","EVSE","V2G CurrentDemandRes",""
"2023-04-25T07:33:46.006Z","CAR","V2G CurrentDemandReq",""
"2023-04-25T07:33:46.098Z","EVSE","V2G CurrentDemandRes",""
"2023-04-25T07:33:46.181Z","CAR","V2G CurrentDemandReq",""
"2023-04-25T07:33:46.296Z","EVSE","V2G CurrentDemandRes",""
"2023-04-25T07:33:46.411Z","CAR","V2G CurrentDemandReq",""
"2023-04-25T07:33:46.484Z","EVSE","V2G CurrentDemandRes",""
"2023-04-25T07:33:46.557Z","CAR","V2G CurrentDemandReq",""
"2023-04-25T07:33:46.682Z","EVSE","V2G CurrentDemandRes",""
"2023-04-25T07:33:46.736Z","CAR","V2G CurrentDemandReq",""
"2023-04-25T07:33:46.872Z","EVSE","V2G CurrentDemandRes",""
"2023-04-25T07:33:46.913Z","CAR","V2G CurrentDemandReq",""
"2023-04-25T07:33:47.007Z","EVSE","V2G CurrentDemandRes",""
"2023-04-25T07:33:47.079Z","CAR","V2G CurrentDemandReq",""
"2023-04-25T07:33:47.183Z","EVSE","V2G CurrentDemandRes",""
"2023-04-25T07:33:47.266Z","CAR","V2G CurrentDemandReq",""
"2023-04-25T07:33:47.360Z","EVSE","V2G CurrentDemandRes",""
"2023-04-25T07:33:47.444Z","CAR","V2G CurrentDemandReq",""
"2023-04-25T07:33:47.548Z","EVSE","V2G CurrentDemandRes",""
"2023-04-25T07:33:47.643Z","CAR","V2G CurrentDemandReq",""
"2023-04-25T07:33:47.748Z","EVSE","V2G CurrentDemandRes",""
"2023-04-25T07:33:47.842Z","CAR","V2G CurrentDemandReq",""
"2023-04-25T07:33:47.904Z","EVSE","V2G CurrentDemandRes",""
"2023-04-25T07:33:47.989Z","CAR","V2G CurrentDemandReq",""
"2023-04-25T07:33:48.115Z","EVSE","V2G CurrentDemandRes",""
"2023-04-25T07:33:48.169Z","CAR","V2G CurrentDemandReq",""
"2023-04-25T07:33:48.263Z","EVSE","V2G CurrentDemandRes",""
"2023-04-25T07:33:48.346Z","CAR","V2G CurrentDemandReq",""
"2023-04-25T07:33:48.439Z","EVSE","V2G CurrentDemandRes",""
"2023-04-25T07:33:48.522Z","CAR","V2G CurrentDemandReq",""
"2023-04-25T07:33:48.626Z","EVSE","V2G CurrentDemandRes",""
"2023-04-25T07:33:48.699Z","CAR","V2G CurrentDemandReq",""
"2023-04-25T07:33:48.803Z","EVSE","V2G CurrentDemandRes",""
"2023-04-25T07:33:48.886Z","CAR","V2G CurrentDemandReq",""
"2023-04-25T07:33:49.024Z","EVSE","V2G CurrentDemandRes",""
"2023-04-25T07:33:49.057Z","CAR","V2G CurrentDemandReq",""
"2023-04-25T07:33:49.198Z","EVSE","V2G CurrentDemandRes",""
"2023-04-25T07:33:49.255Z","CAR","V2G CurrentDemandReq",""
"2023-04-25T07:33:49.370Z","EVSE","V2G CurrentDemandRes",""
"2023-04-25T07:33:49.443Z","CAR","V2G CurrentDemandReq",""
"2023-04-25T07:33:49.526Z","EVSE","V2G CurrentDemandRes",""
"2023-04-25T07:33:49.609Z","CAR","V2G CurrentDemandReq",""
"2023-04-25T07:33:49.724Z","EVSE","V2G CurrentDemandRes",""
"2023-04-25T07:33:49.786Z","CAR","V2G CurrentDemandReq",""
"2023-04-25T07:33:49.890Z","EVSE","V2G CurrentDemandRes",""
"2023-04-25T07:33:49.973Z","CAR","V2G CurrentDemandReq",""
"2023-04-25T07:33:50.066Z","EVSE","V2G CurrentDemandRes",""
"2023-04-25T07:33:50.149Z","CAR","V2G CurrentDemandReq",""
"2023-04-25T07:33:50.243Z","EVSE","V2G CurrentDemandRes",""
"2023-04-25T07:33:50.318Z","CAR","V2G CurrentDemandReq",""
"2023-04-25T07:33:50.444Z","EVSE","V2G CurrentDemandRes",""
"2023-04-25T07:33:50.549Z","CAR","V2G CurrentDemandReq",""
"2023-04-25T07:33:50.601Z","EVSE","V2G CurrentDemandRes",""
"2023-04-25T07:33:50.718Z","CAR","V2G CurrentDemandReq",""
"2023-04-25T07:33:50.823Z","EVSE","V2G CurrentDemandRes",""
"2023-04-25T07:33:50.865Z","CAR","V2G CurrentDemandReq",""
"2023-04-25T07:33:50.959Z","EVSE","V2G CurrentDemandRes",""
"2023-04-25T07:33:51.042Z","CAR","V2G CurrentDemandReq",""
"2023-04-25T07:33:51.146Z","EVSE","V2G CurrentDemandRes",""
"2023-04-25T07:33:51.229Z","CAR","V2G CurrentDemandReq",""
"2023-04-25T07:33:51.324Z","EVSE","V2G CurrentDemandRes",""
"2023-04-25T07:33:51.398Z","CAR","V2G CurrentDemandReq",""
"2023-04-25T07:33:51.502Z","EVSE","V2G CurrentDemandRes",""
"2023-04-25T07:33:51.616Z","CAR","V2G CurrentDemandReq",""
"2023-04-25T07:33:51.691Z","EVSE","V2G CurrentDemandRes",""
"2023-04-25T07:33:51.776Z","CAR","V2G CurrentDemandReq",""
"2023-04-25T07:33:51.861Z","EVSE","V2G CurrentDemandRes",""
"2023-04-25T07:33:51.956Z","CAR","V2G CurrentDemandReq",""
"2023-04-25T07:33:52.072Z","EVSE","V2G CurrentDemandRes",""
"2023-04-25T07:33:52.146Z","CAR","V2G CurrentDemandReq",""
"2023-04-25T07:33:52.229Z","EVSE","V2G CurrentDemandRes",""
"2023-04-25T07:33:52.312Z","CAR","V2G CurrentDemandReq",""
"2023-04-25T07:33:52.406Z","EVSE","V2G CurrentDemandRes",""
"2023-04-25T07:33:52.490Z","CAR","V2G CurrentDemandReq",""
"2023-04-25T07:33:52.583Z","EVSE","V2G CurrentDemandRes",""
"2023-04-25T07:33:52.656Z","CAR","V2G CurrentDemandReq",""
"2023-04-25T07:33:52.781Z","EVSE","V2G CurrentDemandRes",""
"2023-04-25T07:33:52.844Z","CAR","V2G CurrentDemandReq",""
"2023-04-25T07:33:52.949Z","EVSE","V2G CurrentDemandRes",""
"2023-04-25T07:33:53.075Z","CAR","V2G CurrentDemandReq",""
"2023-04-25T07:33:53.127Z","EVSE","V2G CurrentDemandRes",""
"2023-04-25T07:33:53.212Z","CAR","V2G CurrentDemandReq",""
"2023-04-25T07:33:53.328Z","EVSE","V2G CurrentDemandRes",""
"2023-04-25T07:33:53.403Z","CAR","V2G CurrentDemandReq",""
"2023-04-25T07:33:53.477Z","EVSE","V2G CurrentDemandRes",""
"2023-04-25T07:33:53.560Z","CAR","V2G CurrentDemandReq",""
"2023-04-25T07:33:53.664Z","EVSE","V2G CurrentDemandRes",""
"2023-04-25T07:33:53.799Z","CAR","V2G CurrentDemandReq",""
"2023-04-25T07:33:53.844Z","EVSE","V2G CurrentDemandRes",""
"2023-04-25T07:33:53.917Z","CAR","V2G CurrentDemandReq",""
"2023-04-25T07:33:54.021Z","EVSE","V2G CurrentDemandRes",""
"2023-04-25T07:33:54.117Z","CAR","V2G CurrentDemandReq",""
"2023-04-25T07:33:54.235Z","EVSE","V2G CurrentDemandRes",""
"2023-04-25T07:33:54.278Z","CAR","V2G CurrentDemandReq",""
"2023-04-25T07:33:54.415Z","EVSE","V2G CurrentDemandRes",""
"2023-04-25T07:33:54.509Z","CAR","V2G CurrentDemandReq",""
"2023-04-25T07:33:54.604Z","EVSE","V2G CurrentDemandRes",""
"2023-04-25T07:33:54.689Z","CAR","V2G CurrentDemandReq",""
"2023-04-25T07:33:54.734Z","EVSE","V2G CurrentDemandRes",""
"2023-04-25T07:33:54.816Z","CAR","V2G CurrentDemandReq",""
"2023-04-25T07:33:54.920Z","EVSE","V2G CurrentDemandRes",""
"2023-04-25T07:33:55.003Z","CAR","V2G CurrentDemandReq",""
"2023-04-25T07:33:55.107Z","EVSE","V2G CurrentDemandRes",""
"2023-04-25T07:33:55.190Z","CAR","V2G CurrentDemandReq",""
"2023-04-25T07:33:55.283Z","EVSE","V2G CurrentDemandRes",""
"2023-04-25T07:33:55.367Z","CAR","V2G CurrentDemandReq",""
"2023-04-25T07:33:55.481Z","EVSE","V2G CurrentDemandRes",""
"2023-04-25T07:33:55.587Z","CAR","V2G CurrentDemandReq",""
"2023-04-25T07:33:55.661Z","EVSE","V2G CurrentDemandRes",""
"2023-04-25T07:33:55.724Z","CAR","V2G CurrentDemandReq",""
"2023-04-25T07:33:55.829Z","EVSE","V2G CurrentDemandRes",""
"2023-04-25T07:33:55.965Z","CAR","V2G CurrentDemandReq",""
"2023-04-25T07:33:56.007Z","EVSE","V2G CurrentDemandRes",""
"2023-04-25T07:33:56.081Z","CAR","V2G CurrentDemandReq",""
"2023-04-25T07:33:56.185Z","EVSE","V2G CurrentDemandRes",""
"2023-04-25T07:33:56.269Z","CAR","V2G CurrentDemandReq",""
"2023-04-25T07:33:56.362Z","EVSE","V2G CurrentDemandRes",""
"2023-04-25T07:33:56.446Z","CAR","V2G CurrentDemandReq",""
"2023-04-25T07:33:56.549Z","EVSE","V2G CurrentDemandRes",""
"2023-04-25T07:33:56.633Z","CAR","V2G CurrentDemandReq",""
"2023-04-25T07:33:56.727Z","EVSE","V2G CurrentDemandRes",""
"2023-04-25T07:33:56.855Z","CAR","V2G CurrentDemandReq",""
"2023-04-25T07:33:56.908Z","EVSE","V2G CurrentDemandRes",""
"2023-04-25T07:33:57.034Z","CAR","V2G CurrentDemandReq",""
"2023-04-25T07:33:57.140Z","EVSE","V2G CurrentDemandRes",""
"2023-04-25T07:33:57.182Z","CAR","V2G CurrentDemandReq",""
"2023-04-25T07:33:57.308Z","EVSE","V2G CurrentDemandRes",""
"2023-04-25T07:33:57.351Z","CAR","V2G CurrentDemandReq",""
"2023-04-25T07:33:57.444Z","EVSE","V2G CurrentDemandRes",""
"2023-04-25T07:33:57.527Z","CAR","V2G CurrentDemandReq",""
"2023-04-25T07:33:57.621Z","EVSE","V2G CurrentDemandRes",""
"2023-04-25T07:33:57.705Z","CAR","V2G CurrentDemandReq",""
"2023-04-25T07:33:57.821Z","EVSE","V2G CurrentDemandRes",""
"2023-04-25T07:33:57.883Z","CAR","V2G CurrentDemandReq",""
"2023-04-25T07:33:57.977Z","EVSE","V2G CurrentDemandRes",""
"2023-04-25T07:33:58.063Z","CAR","V2G CurrentDemandReq",""
"2023-04-25T07:33:58.199Z","EVSE","V2G CurrentDemandRes",""
"2023-04-25T07:33:58.252Z","CAR","V2G CurrentDemandReq",""
"2023-04-25T07:33:58.345Z","EVSE","V2G CurrentDemandRes",""
"2023-04-25T07:33:58.441Z","CAR","V2G CurrentDemandReq",""
"2023-04-25T07:33:58.560Z","EVSE","V2G CurrentDemandRes",""
"2023-04-25T07:33:58.635Z","CAR","V2G CurrentDemandReq",""
"2023-04-25T07:33:58.709Z","EVSE","V2G CurrentDemandRes",""
"2023-04-25T07:33:58.824Z","CAR","V2G CurrentDemandReq",""
"2023-04-25T07:33:58.877Z","EVSE","V2G CurrentDemandRes",""
"2023-04-25T07:33:58.961Z","CAR","V2G CurrentDemandReq",""
"2023-04-25T07:33:59.065Z","EVSE","V2G CurrentDemandRes",""
"2023-04-25T07:33:59.148Z","CAR","V2G CurrentDemandReq",""
"2023-04-25T07:33:59.243Z","EVSE","V2G CurrentDemandRes",""
"2023-04-25T07:33:59.337Z","CAR","V2G CurrentDemandReq",""
"2023-04-25T07:33:59.464Z","EVSE","V2G CurrentDemandRes",""
"2023-04-25T07:33:59.516Z","CAR","V2G CurrentDemandReq",""
"2023-04-25T07:33:59.643Z","EVSE","V2G CurrentDemandRes",""
"2023-04-25T07:33:59.686Z","CAR","V2G CurrentDemandReq",""
"2023-04-25T07:33:59.824Z","EVSE","V2G CurrentDemandRes",""
"2023-04-25T07:33:59.908Z","CAR","V2G CurrentDemandReq",""
"2023-04-25T07:34:00.003Z","EVSE","V2G CurrentDemandRes",""
"2023-04-25T07:34:00.045Z","CAR","V2G CurrentDemandReq",""
"2023-04-25T07:34:00.139Z","EVSE","V2G CurrentDemandRes",""
"2023-04-25T07:34:00.222Z","CAR","V2G CurrentDemandReq",""
"2023-04-25T07:34:00.326Z","EVSE","V2G CurrentDemandRes",""
"2023-04-25T07:34:00.409Z","CAR","V2G CurrentDemandReq",""
"2023-04-25T07:34:00.503Z","EVSE","V2G CurrentDemandRes",""
"2023-04-25T07:34:00.587Z","CAR","V2G CurrentDemandReq",""
"2023-04-25T07:34:00.683Z","EVSE","V2G CurrentDemandRes",""
"2023-04-25T07:34:00.800Z","CAR","V2G CurrentDemandReq",""
"2023-04-25T07:34:00.958Z","EVSE","V2G CurrentDemandRes",""
"2023-04-25T07:34:00.961Z","CAR","V2G CurrentDemandReq",""
"2023-04-25T07:34:01.041Z","EVSE","V2G CurrentDemandRes",""
"2023-04-25T07:34:01.137Z","CAR","V2G CurrentDemandReq",""
"2023-04-25T07:34:01.285Z","EVSE","V2G CurrentDemandRes",""
"2023-04-25T07:34:01.305Z","CAR","V2G CurrentDemandReq",""
"2023-04-25T07:34:01.399Z","EVSE","V2G CurrentDemandRes",""
"2023-04-25T07:34:01.483Z","CAR","V2G CurrentDemandReq",""
"2023-04-25T07:34:01.578Z","EVSE","V2G CurrentDemandRes",""
"2023-04-25T07:34:01.662Z","CAR","V2G CurrentDemandReq",""
"2023-04-25T07:34:01.766Z","EVSE","V2G CurrentDemandRes",""
"2023-04-25T07:34:01.849Z","CAR","V2G CurrentDemandReq",""
"2023-04-25T07:34:01.964Z","EVSE","V2G CurrentDemandRes",""
"2023-04-25T07:34:02.070Z","CAR","V2G CurrentDemandReq",""
"2023-04-25T07:34:02.157Z","EVSE","V2G CurrentDemandRes",""
"2023-04-25T07:34:02.241Z","CAR","V2G CurrentDemandReq",""
"2023-04-25T07:34:02.304Z","EVSE","V2G CurrentDemandRes",""
"2023-04-25T07:34:02.389Z","CAR","V2G CurrentDemandReq",""
"2023-04-25T07:34:02.518Z","EVSE","V2G CurrentDemandRes",""
"2023-04-25T07:34:02.571Z","CAR","V2G CurrentDemandReq",""
"2023-04-25T07:34:02.666Z","EVSE","V2G CurrentDemandRes",""
"2023-04-25T07:34:02.749Z","CAR","V2G CurrentDemandReq",""
"2023-04-25T07:34:02.844Z","EVSE","V2G CurrentDemandRes",""
"2023-04-25T07:34:02.927Z","CAR","V2G CurrentDemandReq",""
"2023-04-25T07:34:03.022Z","EVSE","V2G CurrentDemandRes",""
"2023-04-25T07:34:03.106Z","CAR","V2G CurrentDemandReq",""
"2023-04-25T07:34:03.199Z","EVSE","V2G CurrentDemandRes",""
"2023-04-25T07:34:03.284Z","CAR","V2G CurrentDemandReq",""
"2023-04-25T07:34:03.422Z","EVSE","V2G CurrentDemandRes",""
"2023-04-25T07:34:03.465Z","CAR","V2G CurrentDemandReq",""
"2023-04-25T07:34:03.559Z","EVSE","V2G CurrentDemandRes",""
"2023-04-25T07:34:03.642Z","CAR","V2G CurrentDemandReq",""
"2023-04-25T07:34:03.738Z","EVSE","V2G CurrentDemandRes",""
"2023-04-25T07:34:03.866Z","CAR","V2G CurrentDemandReq",""
"2023-04-25T07:34:03.939Z","EVSE","V2G CurrentDemandRes",""
"2023-04-25T07:34:04.012Z","CAR","V2G CurrentDemandReq",""
"2023-04-25T07:34:04.096Z","EVSE","V2G CurrentDemandRes",""
"2023-04-25T07:34:04.180Z","CAR","V2G CurrentDemandReq",""
"2023-04-25T07:34:04.283Z","EVSE","V2G CurrentDemandRes",""
"2023-04-25T07:34:04.368Z","CAR","V2G CurrentDemandReq",""
"2023-04-25T07:34:04.462Z","EVSE","V2G CurrentDemandRes",""
"2023-04-25T07:34:04.545Z","CAR","V2G CurrentDemandReq",""
"2023-04-25T07:34:04.683Z","EVSE","V2G CurrentDemandRes",""
"2023-04-25T07:34:04.778Z","CAR","V2G CurrentDemandReq",""
"2023-04-25T07:34:04.831Z","EVSE","V2G CurrentDemandRes",""
"2023-04-25T07:34:04.905Z","CAR","V2G CurrentDemandReq",""
"2023-04-25T07:34:05.010Z","EVSE","V2G CurrentDemandRes",""
"2023-04-25T07:34:05.094Z","CAR","V2G CurrentDemandReq",""
"2023-04-25T07:34:05.210Z","EVSE","V2G CurrentDemandRes",""
"2023-04-25T07:34:05.284Z","CAR","V2G CurrentDemandReq",""
"2023-04-25T07:34:05.368Z","EVSE","V2G CurrentDemandRes",""
"2023-04-25T07:34:05.453Z","CAR","V2G CurrentDemandReq",""
"2023-04-25T07:34:05.547Z","EVSE","V2G CurrentDemandRes",""
"2023-04-25T07:34:05.620Z","CAR","V2G CurrentDemandReq",""
"2023-04-25T07:34:05.724Z","EVSE","V2G CurrentDemandRes",""
"2023-04-25T07:34:05.808Z","CAR","V2G CurrentDemandReq",""
"2023-04-25T07:34:05.902Z","EVSE","V2G CurrentDemandRes",""
"2023-04-25T07:34:06.019Z","CAR","V2G CurrentDemandReq",""
"2023-04-25T07:34:06.092Z","EVSE","V2G CurrentDemandRes",""
"2023-04-25T07:34:06.165Z","CAR","V2G CurrentDemandReq",""
"2023-04-25T07:34:06.259Z","EVSE","V2G CurrentDemandRes",""
"2023-04-25T07:34:06.343Z","CAR","V2G CurrentDemandReq",""
"2023-04-25T07:34:06.448Z","EVSE","V2G CurrentDemandRes",""
"2023-04-25T07:34:06.553Z","CAR","V2G CurrentDemandReq",""
"2023-04-25T07:34:06.669Z","EVSE","V2G CurrentDemandRes",""
"2023-04-25T07:34:06.711Z","CAR","V2G CurrentDemandReq",""
"2023-04-25T07:34:06.794Z","EVSE","V2G CurrentDemandRes",""
"2023-04-25T07:34:06.878Z","CAR","V2G CurrentDemandReq",""
"2023-04-25T07:34:06.993Z","EVSE","V2G CurrentDemandRes",""
"2023-04-25T07:34:07.065Z","CAR","V2G CurrentDemandReq",""
"2023-04-25T07:34:07.159Z","EVSE","V2G CurrentDemandRes",""
"2023-04-25T07:34:07.287Z","CAR","V2G CurrentDemandReq",""
"2023-04-25T07:34:07.350Z","EVSE","V2G CurrentDemandRes",""
"2023-04-25T07:34:07.446Z","CAR","V2G CurrentDemandReq",""
"2023-04-25T07:34:07.530Z","EVSE","V2G CurrentDemandRes",""
"2023-04-25T07:34:07.613Z","CAR","V2G CurrentDemandReq",""
"2023-04-25T07:34:07.708Z","EVSE","V2G CurrentDemandRes",""
"2023-04-25T07:34:07.834Z","CAR","V2G CurrentDemandReq",""
"2023-04-25T07:34:07.939Z","EVSE","V2G CurrentDemandRes",""
"2023-04-25T07:34:07.974Z","CAR","V2G CurrentDemandReq",""
"2023-04-25T07:34:08.057Z","EVSE","V2G CurrentDemandRes",""
"2023-04-25T07:34:08.141Z","CAR","V2G CurrentDemandReq",""
"2023-04-25T07:34:08.245Z","EVSE","V2G CurrentDemandRes",""
"2023-04-25T07:34:08.328Z","CAR","V2G CurrentDemandReq",""
"2023-04-25T07:34:08.423Z","EVSE","V2G CurrentDemandRes",""
"2023-04-25T07:34:08.496Z","CAR","V2G CurrentDemandReq",""
"2023-04-25T07:34:08.646Z","EVSE","V2G CurrentDemandRes",""
"2023-04-25T07:34:08.700Z","CAR","V2G CurrentDemandReq",""
"2023-04-25T07:34:08.776Z","EVSE","V2G CurrentDemandRes",""
"2023-04-25T07:34:08.860Z","CAR","V2G CurrentDemandReq",""
"2023-04-25T07:34:08.996Z","EVSE","V2G CurrentDemandRes",""
"2023-04-25T07:34:09.048Z","CAR","V2G CurrentDemandReq",""
"2023-04-25T07:34:09.190Z","EVSE","V2G CurrentDemandRes",""
"2023-04-25T07:34:09.233Z","CAR","V2G CurrentDemandReq",""
"2023-04-25T07:34:09.318Z","EVSE","V2G CurrentDemandRes",""
"2023-04-25T07:34:09.402Z","CAR","V2G CurrentDemandReq",""
"2023-04-25T07:34:09.507Z","EVSE","V2G CurrentDemandRes",""
"2023-04-25T07:34:09.591Z","CAR","V2G CurrentDemandReq",""
"2023-04-25T07:34:09.686Z","EVSE","V2G CurrentDemandRes",""
"2023-04-25T07:34:09.770Z","CAR","V2G CurrentDemandReq",""
"2023-04-25T07:34:09.896Z","EVSE","V2G CurrentDemandRes",""
"2023-04-25T07:34:09.950Z","CAR","V2G CurrentDemandReq",""
"2023-04-25T07:34:10.057Z","EVSE","V2G CurrentDemandRes",""
"2023-04-25T07:34:10.174Z","CAR","V2G CurrentDemandReq",""
"2023-04-25T07:34:10.227Z","EVSE","V2G CurrentDemandRes",""
"2023-04-25T07:34:10.311Z","CAR","V2G CurrentDemandReq",""
"2023-04-25T07:34:10.408Z","EVSE","V2G CurrentDemandRes",""
"2023-04-25T07:34:10.504Z","CAR","V2G CurrentDemandReq",""
"2023-04-25T07:34:10.588Z","EVSE","V2G CurrentDemandRes",""
"2023-04-25T07:34:10.671Z","CAR","V2G CurrentDemandReq",""
"2023-04-25T07:34:10.765Z","EVSE","V2G CurrentDemandRes",""
"2023-04-25T07:34:10.849Z","CAR","V2G CurrentDemandReq",""
"2023-04-25T07:34:10.954Z","EVSE","V2G CurrentDemandRes",""
"2023-04-25T07:34:11.017Z","CAR","V2G CurrentDemandReq",""
"2023-04-25T07:34:11.154Z","EVSE","V2G CurrentDemandRes",""
"2023-04-25T07:34:11.208Z","CAR","V2G CurrentDemandReq",""
"2023-04-25T07:34:11.301Z","EVSE","V2G CurrentDemandRes",""
"2023-04-25T07:34:11.385Z","CAR","V2G CurrentDemandReq",""
"2023-04-25T07:34:11.489Z","EVSE","V2G CurrentDemandRes",""
"2023-04-25T07:34:11.573Z","CAR","V2G CurrentDemandReq",""
"2023-04-25T07:34:11.659Z","EVSE","V2G CurrentDemandRes",""
"2023-04-25T07:34:11.798Z","CAR","V2G CurrentDemandReq",""
"2023-04-25T07:34:11.850Z","EVSE","V2G CurrentDemandRes",""
"2023-04-25T07:34:11.924Z","CAR","V2G CurrentDemandReq",""
"2023-04-25T07:34:12.029Z","EVSE","V2G CurrentDemandRes",""
"2023-04-25T07:34:12.104Z","CAR","V2G CurrentDemandReq",""
"2023-04-25T07:34:12.200Z","EVSE","V2G CurrentDemandRes",""
"2023-04-25T07:34:12.286Z","CAR","V2G CurrentDemandReq",""
"2023-04-25T07:34:12.403Z","EVSE","V2G CurrentDemandRes",""
"2023-04-25T07:34:12.499Z","CAR","V2G CurrentDemandReq",""
"2023-04-25T07:34:12.561Z","EVSE","V2G CurrentDemandRes",""
"2023-04-25T07:34:12.644Z","CAR","V2G CurrentDemandReq",""
"2023-04-25T07:34:12.750Z","EVSE","V2G CurrentDemandRes",""
"2023-04-25T07:34:12.834Z","CAR","V2G CurrentDemandReq",""
"2023-04-25T07:34:12.962Z","EVSE","V2G CurrentDemandRes",""
"2023-04-25T07:34:13.017Z","CAR","V2G CurrentDemandReq",""
"2023-04-25T07:34:13.134Z","EVSE","V2G CurrentDemandRes",""
"2023-04-25T07:34:13.178Z","CAR","V2G CurrentDemandReq",""
"2023-04-25T07:34:13.282Z","EVSE","V2G CurrentDemandRes",""
"2023-04-25T07:34:13.366Z","CAR","V2G CurrentDemandReq",""
"2023-04-25T07:34:13.460Z","EVSE","V2G CurrentDemandRes",""
"2023-04-25T07:34:13.630Z","CAR","V2G CurrentDemandReq",""
"2023-04-25T07:34:13.661Z","EVSE","V2G CurrentDemandRes",""
"2023-04-25T07:34:13.723Z","CAR","V2G CurrentDemandReq",""
"2023-04-25T07:34:13.828Z","EVSE","V2G CurrentDemandRes",""
"2023-04-25T07:34:13.911Z","CAR","V2G CurrentDemandReq",""
"2023-04-25T07:34:14.026Z","EVSE","V2G CurrentDemandRes",""
"2023-04-25T07:34:14.079Z","CAR","V2G CurrentDemandReq",""
"2023-04-25T07:34:14.183Z","EVSE","V2G CurrentDemandRes",""
"2023-04-25T07:34:14.268Z","CAR","V2G CurrentDemandReq",""
"2023-04-25T07:34:14.365Z","EVSE","V2G CurrentDemandRes",""
"2023-04-25T07:34:14.493Z","CAR","V2G CurrentDemandReq",""
"2023-04-25T07:34:14.557Z","EVSE","V2G CurrentDemandRes",""
"2023-04-25T07:34:14.619Z","CAR","V2G CurrentDemandReq",""
"2023-04-25T07:34:14.763Z","EVSE","V2G CurrentDemandRes",""
"2023-04-25T07:34:14.815Z","CAR","V2G CurrentDemandReq",""
"2023-04-25T07:34:14.906Z","EVSE","V2G CurrentDemandRes",""
"2023-04-25T07:34:15.017Z","CAR","V2G CurrentDemandReq",""
"2023-04-25T07:34:15.078Z","EVSE","V2G CurrentDemandRes",""
"2023-04-25T07:34:15.159Z","CAR","V2G CurrentDemandReq",""
"2023-04-25T07:34:15.261Z","EVSE","V2G CurrentDemandRes",""
"2023-04-25T07:34:15.352Z","CAR","V2G CurrentDemandReq",""
"2023-04-25T07:34:15.443Z","EVSE","V2G CurrentDemandRes",""
"2023-04-25T07:34:15.535Z","CAR","V2G CurrentDemandReq",""
"2023-04-25T07:34:15.637Z","EVSE","V2G CurrentDemandRes",""
"2023-04-25T07:34:15.709Z","CAR","V2G CurrentDemandReq",""
"2023-04-25T07:34:15.840Z","EVSE","V2G CurrentDemandRes",""
"2023-04-25T07:34:15.912Z","CAR","V2G CurrentDemandReq",""
"2023-04-25T07:34:16.055Z","EVSE","V2G CurrentDemandRes",""
"2023-04-25T07:34:16.076Z","CAR","V2G CurrentDemandReq",""
"2023-04-25T07:34:16.158Z","EVSE","V2G CurrentDemandRes",""
"2023-04-25T07:34:16.239Z","CAR","V2G CurrentDemandReq",""
"2023-04-25T07:34:16.351Z","EVSE","V2G CurrentDemandRes",""
"2023-04-25T07:34:16.432Z","CAR","V2G CurrentDemandReq",""
"2023-04-25T07:34:16.524Z","EVSE","V2G CurrentDemandRes",""
"2023-04-25T07:34:16.605Z","CAR","V2G CurrentDemandReq",""
"2023-04-25T07:34:16.706Z","EVSE","V2G CurrentDemandRes",""
"2023-04-25T07:34:16.788Z","CAR","V2G CurrentDemandReq",""
"2023-04-25T07:34:16.879Z","EVSE","V2G CurrentDemandRes",""
"2023-04-25T07:34:17.011Z","CAR","V2G CurrentDemandReq",""
"2023-04-25T07:34:17.074Z","EVSE","V2G CurrentDemandRes",""
"2023-04-25T07:34:17.198Z","CAR","V2G CurrentDemandReq",""
"2023-04-25T07:34:17.260Z","EVSE","V2G CurrentDemandRes",""
"2023-04-25T07:34:17.351Z","CAR","V2G CurrentDemandReq",""
"2023-04-25T07:34:17.422Z","EVSE","V2G CurrentDemandRes",""
"2023-04-25T07:34:17.503Z","CAR","V2G CurrentDemandReq",""
"2023-04-25T07:34:17.604Z","EVSE","V2G CurrentDemandRes",""
"2023-04-25T07:34:17.686Z","CAR","V2G CurrentDemandReq",""
"2023-04-25T07:34:17.787Z","EVSE","V2G CurrentDemandRes",""
"2023-04-25T07:34:17.868Z","CAR","V2G CurrentDemandReq",""
"2023-04-25T07:34:18.010Z","EVSE","V2G CurrentDemandRes",""
"2023-04-25T07:34:18.061Z","CAR","V2G CurrentDemandReq",""
"2023-04-25T07:34:18.173Z","EVSE","V2G CurrentDemandRes",""
"2023-04-25T07:34:18.224Z","CAR","V2G CurrentDemandReq",""
"2023-04-25T07:34:18.336Z","EVSE","V2G CurrentDemandRes",""
"2023-04-25T07:34:18.397Z","CAR","V2G CurrentDemandReq",""
"2023-04-25T07:34:18.531Z","EVSE","V2G CurrentDemandRes",""
"2023-04-25T07:34:18.601Z","CAR","V2G CurrentDemandReq",""
"2023-04-25T07:34:18.683Z","EVSE","V2G CurrentDemandRes",""
"2023-04-25T07:34:18.764Z","CAR","V2G CurrentDemandReq",""
"2023-04-25T07:34:18.865Z","EVSE","V2G CurrentDemandRes",""
"2023-04-25T07:34:18.946Z","CAR","V2G CurrentDemandReq",""
"2023-04-25T07:34:19.058Z","EVSE","V2G CurrentDemandRes",""
"2023-04-25T07:34:19.129Z","CAR","V2G CurrentDemandReq",""
"2023-04-25T07:34:19.220Z","EVSE","V2G CurrentDemandRes",""
"2023-04-25T07:34:19.301Z","CAR","V2G CurrentDemandReq",""
"2023-04-25T07:34:19.402Z","EVSE","V2G CurrentDemandRes",""
"2023-04-25T07:34:19.484Z","CAR","V2G CurrentDemandReq",""
"2023-04-25T07:34:19.587Z","EVSE","V2G CurrentDemandRes",""
"2023-04-25T07:34:19.712Z","CAR","V2G CurrentDemandReq",""
"2023-04-25T07:34:19.793Z","EVSE","V2G CurrentDemandRes",""
"2023-04-25T07:34:19.864Z","CAR","V2G CurrentDemandReq",""
"2023-04-25T07:34:19.946Z","EVSE","V2G CurrentDemandRes",""
"2023-04-25T07:34:20.057Z","CAR","V2G CurrentDemandReq",""
"2023-04-25T07:34:20.119Z","EVSE","V2G CurrentDemandRes",""
"2023-04-25T07:34:20.200Z","CAR","V2G CurrentDemandReq",""
"2023-04-25T07:34:20.302Z","EVSE","V2G CurrentDemandRes",""
"2023-04-25T07:34:20.384Z","CAR","V2G CurrentDemandReq",""
"2023-04-25T07:34:20.485Z","EVSE","V2G CurrentDemandRes",""
"2023-04-25T07:34:20.566Z","CAR","V2G CurrentDemandReq",""
"2023-04-25T07:34:20.668Z","EVSE","V2G CurrentDemandRes",""
"2023-04-25T07:34:20.801Z","CAR","V2G CurrentDemandReq",""
"2023-04-25T07:34:20.864Z","EVSE","V2G CurrentDemandRes",""
"2023-04-25T07:34:20.966Z","CAR","V2G CurrentDemandReq",""
"2023-04-25T07:34:21.029Z","EVSE","V2G CurrentDemandRes",""
"2023-04-25T07:34:21.141Z","CAR","V2G CurrentDemandReq",""
"2023-04-25T07:34:21.213Z","EVSE","V2G CurrentDemandRes",""
"2023-04-25T07:34:21.294Z","CAR","V2G CurrentDemandReq",""
"2023-04-25T07:34:21.386Z","EVSE","V2G CurrentDemandRes",""
"2023-04-25T07:34:21.467Z","CAR","V2G CurrentDemandReq",""
"2023-04-25T07:34:21.558Z","EVSE","V2G CurrentDemandRes",""
"2023-04-25T07:34:21.639Z","CAR","V2G CurrentDemandReq",""
"2023-04-25T07:34:21.751Z","EVSE","V2G CurrentDemandRes",""
"2023-04-25T07:34:21.832Z","CAR","V2G CurrentDemandReq",""
"2023-04-25T07:34:21.923Z","EVSE","V2G CurrentDemandRes",""
"2023-04-25T07:34:22.035Z","CAR","V2G CurrentDemandReq",""
"2023-04-25T07:34:22.127Z","EVSE","V2G CurrentDemandRes",""
"2023-04-25T07:34:22.199Z","CAR","V2G CurrentDemandReq",""
"2023-04-25T07:34:22.290Z","EVSE","V2G CurrentDemandRes",""
"2023-04-25T07:34:22.374Z","CAR","V2G CurrentDemandReq",""
"2023-04-25T07:34:22.506Z","EVSE","V2G CurrentDemandRes",""
"2023-04-25T07:34:22.577Z","CAR","V2G CurrentDemandReq",""
"2023-04-25T07:34:22.638Z","EVSE","V2G CurrentDemandRes",""
"2023-04-25T07:34:22.719Z","CAR","V2G CurrentDemandReq",""
"2023-04-25T07:34:22.821Z","EVSE","V2G CurrentDemandRes",""
"2023-04-25T07:34:22.902Z","CAR","V2G CurrentDemandReq",""
"2023-04-25T07:34:23.024Z","EVSE","V2G CurrentDemandRes",""
"2023-04-25T07:34:23.085Z","CAR","V2G CurrentDemandReq",""
"2023-04-25T07:34:23.187Z","EVSE","V2G CurrentDemandRes",""
"2023-04-25T07:34:23.268Z","CAR","V2G CurrentDemandReq",""
"2023-04-25T07:34:23.412Z","EVSE","V2G CurrentDemandRes",""
"2023-04-25T07:34:23.453Z","CAR","V2G CurrentDemandReq",""
"2023-04-25T07:34:23.576Z","EVSE","V2G CurrentDemandRes",""
"2023-04-25T07:34:23.637Z","CAR","V2G CurrentDemandReq",""
"2023-04-25T07:34:23.772Z","EVSE","V2G CurrentDemandRes",""
"2023-04-25T07:34:23.854Z","CAR","V2G CurrentDemandReq",""
"2023-04-25T07:34:23.916Z","EVSE","V2G CurrentDemandRes",""
"2023-04-25T07:34:24.028Z","CAR","V2G CurrentDemandReq",""
"2023-04-25T07:34:24.080Z","EVSE","V2G CurrentDemandRes",""
"2023-04-25T07:34:24.161Z","CAR","V2G CurrentDemandReq",""
"2023-04-25T07:34:24.263Z","EVSE","V2G CurrentDemandRes",""
"2023-04-25T07:34:24.346Z","CAR","V2G CurrentDemandReq",""
"2023-04-25T07:34:24.437Z","EVSE","V2G CurrentDemandRes",""
"2023-04-25T07:34:24.518Z","CAR","V2G CurrentDemandReq",""
"2023-04-25T07:34:24.621Z","EVSE","V2G CurrentDemandRes",""
"2023-04-25T07:34:24.737Z","CAR","V2G CurrentDemandReq",""
"2023-04-25T07:34:24.831Z","EVSE","V2G CurrentDemandRes",""
"2023-04-25T07:34:24.892Z","CAR","V2G CurrentDemandReq",""
"2023-04-25T07:34:24.995Z","EVSE","V2G CurrentDemandRes",""
"2023-04-25T07:34:25.109Z","CAR","V2G CurrentDemandReq",""
"2023-04-25T07:34:25.203Z","EVSE","V2G CurrentDemandRes",""
"2023-04-25T07:34:25.244Z","CAR","V2G CurrentDemandReq",""
"2023-04-25T07:34:25.346Z","EVSE","V2G CurrentDemandRes",""
"2023-04-25T07:34:25.428Z","CAR","V2G CurrentDemandReq",""
"2023-04-25T07:34:25.520Z","EVSE","V2G CurrentDemandRes",""
"2023-04-25T07:34:25.602Z","CAR","V2G CurrentDemandReq",""
"2023-04-25T07:34:25.704Z","EVSE","V2G CurrentDemandRes",""
"2023-04-25T07:34:25.785Z","CAR","V2G CurrentDemandReq",""
"2023-04-25T07:34:25.877Z","EVSE","V2G CurrentDemandRes",""
"2023-04-25T07:34:25.968Z","CAR","V2G CurrentDemandReq",""
"2023-04-25T07:34:26.112Z","EVSE","V2G CurrentDemandRes",""
"2023-04-25T07:34:26.153Z","CAR","V2G CurrentDemandReq",""
"2023-04-25T07:34:26.286Z","EVSE","V2G CurrentDemandRes",""
"2023-04-25T07:34:26.338Z","CAR","V2G CurrentDemandReq",""
"2023-04-25T07:34:26.461Z","EVSE","V2G CurrentDemandRes",""
"2023-04-25T07:34:26.502Z","CAR","V2G CurrentDemandReq",""
"2023-04-25T07:34:26.603Z","EVSE","V2G CurrentDemandRes",""
"2023-04-25T07:34:26.695Z","CAR","V2G CurrentDemandReq",""
"2023-04-25T07:34:26.786Z","EVSE","V2G CurrentDemandRes",""
"2023-04-25T07:34:26.868Z","CAR","V2G CurrentDemandReq",""
"2023-04-25T07:34:26.959Z","EVSE","V2G CurrentDemandRes",""
"2023-04-25T07:34:27.071Z","CAR","V2G CurrentDemandReq",""
"2023-04-25T07:34:27.142Z","EVSE","V2G CurrentDemandRes",""
"2023-04-25T07:34:27.224Z","CAR","V2G CurrentDemandReq",""
"2023-04-25T07:34:27.356Z","EVSE","V2G CurrentDemandRes",""
"2023-04-25T07:34:27.417Z","CAR","V2G CurrentDemandReq",""
"2023-04-25T07:34:27.509Z","EVSE","V2G CurrentDemandRes",""
"2023-04-25T07:34:27.602Z","CAR","V2G CurrentDemandReq",""
"2023-04-25T07:34:27.704Z","EVSE","V2G CurrentDemandRes",""
"2023-04-25T07:34:27.765Z","CAR","V2G CurrentDemandReq",""
"2023-04-25T07:34:27.867Z","EVSE","V2G CurrentDemandRes",""
"2023-04-25T07:34:27.948Z","CAR","V2G CurrentDemandReq",""
"2023-04-25T07:34:28.061Z","EVSE","V2G CurrentDemandRes",""
"2023-04-25T07:34:28.122Z","CAR","V2G CurrentDemandReq",""
"2023-04-25T07:34:28.224Z","EVSE","V2G CurrentDemandRes",""
"2023-04-25T07:34:28.306Z","CAR","V2G CurrentDemandReq",""
"2023-04-25T07:34:28.398Z","EVSE","V2G CurrentDemandRes",""
"2023-04-25T07:34:28.479Z","CAR","V2G CurrentDemandReq",""
"2023-04-25T07:34:28.581Z","EVSE","V2G CurrentDemandRes",""
"2023-04-25T07:34:28.704Z","CAR","V2G CurrentDemandReq",""
"2023-04-25T07:34:28.776Z","EVSE","V2G CurrentDemandRes",""
"2023-04-25T07:34:28.859Z","CAR","V2G CurrentDemandReq",""
"2023-04-25T07:34:28.981Z","EVSE","V2G CurrentDemandRes",""
"2023-04-25T07:34:29.064Z","CAR","V2G CurrentDemandReq",""
"2023-04-25T07:34:29.124Z","EVSE","V2G CurrentDemandRes",""
"2023-04-25T07:34:29.206Z","CAR","V2G CurrentDemandReq",""
"2023-04-25T07:34:29.307Z","EVSE","V2G CurrentDemandRes",""
"2023-04-25T07:34:29.389Z","CAR","V2G CurrentDemandReq",""
"2023-04-25T07:34:29.480Z","EVSE","V2G CurrentDemandRes",""
"2023-04-25T07:34:29.562Z","CAR","V2G CurrentDemandReq",""
"2023-04-25T07:34:29.673Z","EVSE","V2G CurrentDemandRes",""
"2023-04-25T07:34:29.745Z","CAR","V2G CurrentDemandReq",""
"2023-04-25T07:34:29.847Z","EVSE","V2G CurrentDemandRes",""
"2023-04-25T07:34:29.928Z","CAR","V2G CurrentDemandReq",""
"2023-04-25T07:34:30.066Z","EVSE","V2G CurrentDemandRes",""
"2023-04-25T07:34:30.138Z","CAR","V2G CurrentDemandReq",""
"2023-04-25T07:34:30.210Z","EVSE","V2G CurrentDemandRes",""
"2023-04-25T07:34:30.322Z","CAR","V2G CurrentDemandReq",""
"2023-04-25T07:34:30.385Z","EVSE","V2G CurrentDemandRes",""
"2023-04-25T07:34:30.466Z","CAR","V2G CurrentDemandReq",""
"2023-04-25T07:34:30.568Z","EVSE","V2G CurrentDemandRes",""
"2023-04-25T07:34:30.650Z","CAR","V2G CurrentDemandReq",""
"2023-04-25T07:34:30.752Z","EVSE","V2G CurrentDemandRes",""
"2023-04-25T07:34:30.824Z","CAR","V2G CurrentDemandReq",""
"2023-04-25T07:34:30.926Z","EVSE","V2G CurrentDemandRes",""
"2023-04-25T07:34:31.048Z","CAR","V2G CurrentDemandReq",""
"2023-04-25T07:34:31.100Z","EVSE","V2G CurrentDemandRes",""
"2023-04-25T07:34:31.181Z","CAR","V2G CurrentDemandReq",""
"2023-04-25T07:34:31.285Z","EVSE","V2G CurrentDemandRes",""
"2023-04-25T07:34:31.409Z","CAR","V2G CurrentDemandReq",""
"2023-04-25T07:34:31.491Z","EVSE","V2G CurrentDemandRes",""
"2023-04-25T07:34:31.543Z","CAR","V2G CurrentDemandReq",""
"2023-04-25T07:34:31.685Z","EVSE","V2G CurrentDemandRes",""
"2023-04-25T07:34:31.737Z","CAR","V2G CurrentDemandReq",""
"2023-04-25T07:34:31.829Z","EVSE","V2G CurrentDemandRes",""
"2023-04-25T07:34:31.911Z","CAR","V2G CurrentDemandReq",""
"2023-04-25T07:34:32.014Z","EVSE","V2G CurrentDemandRes",""
"2023-04-25T07:34:32.085Z","CAR","V2G CurrentDemandReq",""
"2023-04-25T07:34:32.187Z","EVSE","V2G CurrentDemandRes",""
"2023-04-25T07:34:32.269Z","CAR","V2G CurrentDemandReq",""
"2023-04-25T07:34:32.361Z","EVSE","V2G CurrentDemandRes",""
"2023-04-25T07:34:32.443Z","CAR","V2G CurrentDemandReq",""
"2023-04-25T07:34:32.555Z","EVSE","V2G CurrentDemandRes",""
"2023-04-25T07:34:32.668Z","CAR","V2G CurrentDemandReq",""
"2023-04-25T07:34:32.759Z","EVSE","V2G CurrentDemandRes",""
"2023-04-25T07:34:32.810Z","CAR","V2G CurrentDemandReq",""
"2023-04-25T07:34:32.913Z","EVSE","V2G CurrentDemandRes",""
"2023-04-25T07:34:33.027Z","CAR","V2G CurrentDemandReq",""
"2023-04-25T07:34:33.090Z","EVSE","V2G CurrentDemandRes",""
"2023-04-25T07:34:33.162Z","CAR","V2G CurrentDemandReq",""
"2023-04-25T07:34:33.264Z","EVSE","V2G CurrentDemandRes",""
"2023-04-25T07:34:33.346Z","CAR","V2G CurrentDemandReq",""
"2023-04-25T07:34:33.448Z","EVSE","V2G CurrentDemandRes",""
"2023-04-25T07:34:33.530Z","CAR","V2G CurrentDemandReq",""
"2023-04-25T07:34:33.622Z","EVSE","V2G CurrentDemandRes",""
"2023-04-25T07:34:33.705Z","CAR","V2G CurrentDemandReq",""
"2023-04-25T07:34:33.807Z","EVSE","V2G CurrentDemandRes",""
"2023-04-25T07:34:33.932Z","CAR","V2G CurrentDemandReq",""
"2023-04-25T07:34:34.007Z","EVSE","V2G CurrentDemandRes",""
"2023-04-25T07:34:34.071Z","CAR","V2G CurrentDemandReq",""
"2023-04-25T07:34:34.162Z","EVSE","V2G CurrentDemandRes",""
"2023-04-25T07:34:34.245Z","CAR","V2G CurrentDemandReq",""
"2023-04-25T07:34:34.389Z","EVSE","V2G CurrentDemandRes",""
"2023-04-25T07:34:34.431Z","CAR","V2G CurrentDemandReq",""
"2023-04-25T07:34:34.522Z","EVSE","V2G CurrentDemandRes",""
"2023-04-25T07:34:34.604Z","CAR","V2G CurrentDemandReq",""
"2023-04-25T07:34:34.707Z","EVSE","V2G CurrentDemandRes",""
"2023-04-25T07:34:34.789Z","CAR","V2G CurrentDemandReq",""
"2023-04-25T07:34:34.881Z","EVSE","V2G CurrentDemandRes",""
"2023-04-25T07:34:34.963Z","CAR","V2G CurrentDemandReq",""
"2023-04-25T07:34:35.078Z","EVSE","V2G CurrentDemandRes",""
"2023-04-25T07:34:35.137Z","CAR","V2G CurrentDemandReq",""
"2023-04-25T07:34:35.250Z","EVSE","V2G CurrentDemandRes",""
"2023-04-25T07:34:35.374Z","CAR","V2G CurrentDemandReq",""
"2023-04-25T07:34:35.426Z","EVSE","V2G CurrentDemandRes",""
"2023-04-25T07:34:35.508Z","CAR","V2G CurrentDemandReq",""
"2023-04-25T07:34:35.653Z","EVSE","V2G CurrentDemandRes",""
"2023-04-25T07:34:35.694Z","CAR","V2G CurrentDemandReq",""
"2023-04-25T07:34:35.785Z","EVSE","V2G CurrentDemandRes",""
"2023-04-25T07:34:35.867Z","CAR","V2G CurrentDemandReq",""
"2023-04-25T07:34:35.959Z","EVSE","V2G CurrentDemandRes",""
"2023-04-25T07:34:36.041Z","CAR","V2G CurrentDemandReq",""
"2023-04-25T07:34:36.154Z","EVSE","V2G CurrentDemandRes",""
"2023-04-25T07:34:36.217Z","CAR","V2G CurrentDemandReq",""
"2023-04-25T07:34:36.329Z","EVSE","V2G CurrentDemandRes",""
"2023-04-25T07:34:36.410Z","CAR","V2G CurrentDemandReq",""
"2023-04-25T07:34:36.543Z","EVSE","V2G CurrentDemandRes",""
"2023-04-25T07:34:36.626Z","CAR","V2G CurrentDemandReq",""
"2023-04-25T07:34:36.677Z","EVSE","V2G CurrentDemandRes",""
"2023-04-25T07:34:36.773Z","CAR","V2G CurrentDemandReq",""
"2023-04-25T07:34:36.886Z","EVSE","V2G CurrentDemandRes",""
"2023-04-25T07:34:36.998Z","CAR","V2G CurrentDemandReq",""
"2023-04-25T07:34:37.070Z","EVSE","V2G CurrentDemandRes",""
"2023-04-25T07:34:37.122Z","CAR","V2G CurrentDemandReq",""
"2023-04-25T07:34:37.225Z","EVSE","V2G CurrentDemandRes",""
"2023-04-25T07:34:37.307Z","CAR","V2G CurrentDemandReq",""
"2023-04-25T07:34:37.399Z","EVSE","V2G CurrentDemandRes",""
"2023-04-25T07:34:37.491Z","CAR","V2G CurrentDemandReq",""
"2023-04-25T07:34:37.583Z","EVSE","V2G CurrentDemandRes",""
"2023-04-25T07:34:37.677Z","CAR","V2G CurrentDemandReq",""
"2023-04-25T07:34:37.790Z","EVSE","V2G CurrentDemandRes",""
"2023-04-25T07:34:37.841Z","CAR","V2G CurrentDemandReq",""
"2023-04-25T07:34:37.943Z","EVSE","V2G CurrentDemandRes",""
"2023-04-25T07:34:38.025Z","CAR","V2G CurrentDemandReq",""
"2023-04-25T07:34:38.138Z","EVSE","V2G CurrentDemandRes",""
"2023-04-25T07:34:38.240Z","CAR","V2G CurrentDemandReq",""
"2023-04-25T07:34:38.322Z","EVSE","V2G CurrentDemandRes",""
"2023-04-25T07:34:38.384Z","CAR","V2G CurrentDemandReq",""
"2023-04-25T07:34:38.486Z","EVSE","V2G CurrentDemandRes",""
"2023-04-25T07:34:38.567Z","CAR","V2G CurrentDemandReq",""
"2023-04-25T07:34:38.669Z","EVSE","V2G CurrentDemandRes",""
"2023-04-25T07:34:38.751Z","CAR","V2G CurrentDemandReq",""
"2023-04-25T07:34:38.843Z","EVSE","V2G CurrentDemandRes",""
"2023-04-25T07:34:38.968Z","CAR","V2G CurrentDemandReq",""
"2023-04-25T07:34:39.080Z","EVSE","V2G CurrentDemandRes",""
"2023-04-25T07:34:39.112Z","CAR","V2G CurrentDemandReq",""
"2023-04-25T07:34:39.204Z","EVSE","V2G CurrentDemandRes",""
"2023-04-25T07:34:39.286Z","CAR","V2G CurrentDemandReq",""
"2023-04-25T07:34:39.388Z","EVSE","V2G CurrentDemandRes",""
"2023-04-25T07:34:39.481Z","CAR","V2G CurrentDemandReq",""
"2023-04-25T07:34:39.595Z","EVSE","V2G CurrentDemandRes",""
"2023-04-25T07:34:39.667Z","CAR","V2G CurrentDemandReq",""
"2023-04-25T07:34:39.739Z","EVSE","V2G CurrentDemandRes",""
"2023-04-25T07:34:39.820Z","CAR","V2G CurrentDemandReq",""
"2023-04-25T07:34:39.924Z","EVSE","V2G CurrentDemandRes",""
"2023-04-25T07:34:40.006Z","CAR","V2G CurrentDemandReq",""
"2023-04-25T07:34:40.129Z","EVSE","V2G CurrentDemandRes",""
"2023-04-25T07:34:40.243Z","CAR","V2G CurrentDemandReq",""
"2023-04-25T07:34:40.303Z","EVSE","V2G CurrentDemandRes",""
"2023-04-25T07:34:40.365Z","CAR","V2G CurrentDemandReq",""
"2023-04-25T07:34:40.467Z","EVSE","V2G CurrentDemandRes",""
"2023-04-25T07:34:40.549Z","CAR","V2G CurrentDemandReq",""
"2023-04-25T07:34:40.641Z","EVSE","V2G CurrentDemandRes",""
"2023-04-25T07:34:40.724Z","CAR","V2G CurrentDemandReq",""
"2023-04-25T07:34:40.858Z","EVSE","V2G CurrentDemandRes",""
"2023-04-25T07:34:40.900Z","CAR","V2G CurrentDemandReq",""
"2023-04-25T07:34:41.001Z","EVSE","V2G CurrentDemandRes",""
"2023-04-25T07:34:41.094Z","CAR","V2G CurrentDemandReq",""
"2023-04-25T07:34:41.186Z","EVSE","V2G CurrentDemandRes",""
"2023-04-25T07:34:41.267Z","CAR","V2G CurrentDemandReq",""
"2023-04-25T07:34:41.392Z","EVSE","V2G CurrentDemandRes",""
"2023-04-25T07:34:41.463Z","CAR","V2G CurrentDemandReq",""
"2023-04-25T07:34:41.545Z","EVSE","V2G CurrentDemandRes",""
"2023-04-25T07:34:41.626Z","CAR","V2G CurrentDemandReq",""
"2023-04-25T07:34:41.718Z","EVSE","V2G CurrentDemandRes",""
"2023-04-25T07:34:41.810Z","CAR","V2G CurrentDemandReq",""
"2023-04-25T07:34:41.912Z","EVSE","V2G CurrentDemandRes",""
"2023-04-25T07:34:41.995Z","CAR","V2G CurrentDemandReq",""
"2023-04-25T07:34:42.152Z","EVSE","V2G CurrentDemandRes",""
"2023-04-25T07:34:42.174Z","CAR","V2G CurrentDemandReq",""
"2023-04-25T07:34:42.278Z","EVSE","V2G CurrentDemandRes",""
"2023-04-25T07:34:42.350Z","CAR","V2G CurrentDemandReq",""
"2023-04-25T07:34:42.442Z","EVSE","V2G CurrentDemandRes",""
"2023-04-25T07:34:42.535Z","CAR","V2G CurrentDemandReq",""
"2023-04-25T07:34:42.651Z","EVSE","V2G CurrentDemandRes",""
"2023-04-25T07:34:42.703Z","CAR","V2G CurrentDemandReq",""
"2023-04-25T07:34:42.805Z","EVSE","V2G CurrentDemandRes",""
"2023-04-25T07:34:42.887Z","CAR","V2G CurrentDemandReq",""
"2023-04-25T07:34:42.978Z","EVSE","V2G CurrentDemandRes",""
"2023-04-25T07:34:43.060Z","CAR","V2G CurrentDemandReq",""
"2023-04-25T07:34:43.173Z","EVSE","V2G CurrentDemandRes",""
"2023-04-25T07:34:43.246Z","CAR","V2G CurrentDemandReq",""
"2023-04-25T07:34:43.350Z","EVSE","V2G CurrentDemandRes",""
"2023-04-25T07:34:43.474Z","CAR","V2G CurrentDemandReq",""
"2023-04-25T07:34:43.546Z","EVSE","V2G CurrentDemandRes",""
"2023-04-25T07:34:43.608Z","CAR","V2G CurrentDemandReq",""
"2023-04-25T07:34:43.710Z","EVSE","V2G CurrentDemandRes",""
"2023-04-25T07:34:43.826Z","CAR","V2G CurrentDemandReq",""
"2023-04-25T07:34:43.920Z","EVSE","V2G CurrentDemandRes",""
"2023-04-25T07:34:43.972Z","CAR","V2G CurrentDemandReq",""
"2023-04-25T07:34:44.065Z","EVSE","V2G CurrentDemandRes",""
"2023-04-25T07:34:44.147Z","CAR","V2G CurrentDemandReq",""
"2023-04-25T07:34:44.260Z","EVSE","V2G CurrentDemandRes",""
"2023-04-25T07:34:44.322Z","CAR","V2G CurrentDemandReq",""
"2023-04-25T07:34:44.425Z","EVSE","V2G CurrentDemandRes",""
"2023-04-25T07:34:44.507Z","CAR","V2G CurrentDemandReq",""
"2023-04-25T07:34:44.599Z","EVSE","V2G CurrentDemandRes",""
"2023-04-25T07:34:44.745Z","CAR","V2G CurrentDemandReq",""
"2023-04-25T07:34:44.799Z","EVSE","V2G CurrentDemandRes",""
"2023-04-25T07:34:44.873Z","CAR","V2G CurrentDemandReq",""
"2023-04-25T07:34:44.965Z","EVSE","V2G CurrentDemandRes",""
"2023-04-25T07:34:45.079Z","CAR","V2G CurrentDemandReq",""
"2023-04-25T07:34:45.151Z","EVSE","V2G CurrentDemandRes",""
"2023-04-25T07:34:45.276Z","CAR","V2G CurrentDemandReq",""
"2023-04-25T07:34:45.327Z","EVSE","V2G CurrentDemandRes",""
"2023-04-25T07:34:45.410Z","CAR","V2G CurrentDemandReq",""
"2023-04-25T07:34:45.502Z","EVSE","V2G CurrentDemandRes",""
"2023-04-25T07:34:45.584Z","CAR","V2G CurrentDemandReq",""
"2023-04-25T07:34:45.687Z","EVSE","V2G CurrentDemandRes",""
"2023-04-25T07:34:45.759Z","CAR","V2G CurrentDemandReq",""
"2023-04-25T07:34:45.861Z","EVSE","V2G CurrentDemandRes",""
"2023-04-25T07:34:45.954Z","CAR","V2G CurrentDemandReq",""
"2023-04-25T07:34:46.057Z","EVSE","V2G CurrentDemandRes",""
"2023-04-25T07:34:46.118Z","CAR","V2G CurrentDemandReq",""
"2023-04-25T07:34:46.232Z","EVSE","V2G CurrentDemandRes",""
"2023-04-25T07:34:46.345Z","CAR","V2G CurrentDemandReq",""
"2023-04-25T07:34:46.458Z","EVSE","V2G CurrentDemandRes",""
"2023-04-25T07:34:46.489Z","CAR","V2G CurrentDemandReq",""
"2023-04-25T07:34:46.591Z","EVSE","V2G CurrentDemandRes",""
"2023-04-25T07:34:46.673Z","CAR","V2G CurrentDemandReq",""
"2023-04-25T07:34:46.765Z","EVSE","V2G CurrentDemandRes",""
"2023-04-25T07:34:46.837Z","CAR","V2G CurrentDemandReq",""
"2023-04-25T07:34:46.939Z","EVSE","V2G CurrentDemandRes",""
"2023-04-25T07:34:47.021Z","CAR","V2G CurrentDemandReq",""
"2023-04-25T07:34:47.124Z","EVSE","V2G CurrentDemandRes",""
"2023-04-25T07:34:47.249Z","CAR","V2G CurrentDemandReq",""
"2023-04-25T07:34:47.311Z","EVSE","V2G CurrentDemandRes",""
"2023-04-25T07:34:47.396Z","CAR","V2G CurrentDemandReq",""
"2023-04-25T07:34:47.478Z","EVSE","V2G CurrentDemandRes",""
"2023-04-25T07:34:47.572Z","CAR","V2G CurrentDemandReq",""
"2023-04-25T07:34:47.670Z","EVSE","V2G CurrentDemandRes",""
"2023-04-25T07:34:47.763Z","CAR","V2G CurrentDemandReq",""
"2023-04-25T07:34:47.845Z","EVSE","V2G CurrentDemandRes",""
"2023-04-25T07:34:47.927Z","CAR","V2G CurrentDemandReq",""
"2023-04-25T07:34:48.019Z","EVSE","V2G CurrentDemandRes",""
"2023-04-25T07:34:48.111Z","CAR","V2G CurrentDemandReq",""
"2023-04-25T07:34:48.234Z","EVSE","V2G CurrentDemandRes",""
"2023-04-25T07:34:48.287Z","CAR","V2G CurrentDemandReq",""
"2023-04-25T07:34:48.389Z","EVSE","V2G CurrentDemandRes",""
"2023-04-25T07:34:48.472Z","CAR","V2G CurrentDemandReq",""
"2023-04-25T07:34:48.606Z","EVSE","V2G CurrentDemandRes",""
"2023-04-25T07:34:48.660Z","CAR","V2G CurrentDemandReq",""
"2023-04-25T07:34:48.743Z","EVSE","V2G CurrentDemandRes",""
"2023-04-25T07:34:48.826Z","CAR","V2G CurrentDemandReq",""
"2023-04-25T07:34:48.963Z","EVSE","V2G CurrentDemandRes",""
"2023-04-25T07:34:49.016Z","CAR","V2G CurrentDemandReq",""
"2023-04-25T07:34:49.108Z","EVSE","V2G CurrentDemandRes",""
"2023-04-25T07:34:49.232Z","CAR","V2G CurrentDemandReq",""
"2023-04-25T07:34:49.284Z","EVSE","V2G CurrentDemandRes",""
"2023-04-25T07:34:49.366Z","CAR","V2G CurrentDemandReq",""
"2023-04-25T07:34:49.459Z","EVSE","V2G CurrentDemandRes",""
"2023-04-25T07:34:49.562Z","CAR","V2G CurrentDemandReq",""
"2023-04-25T07:34:49.645Z","EVSE","V2G CurrentDemandRes",""
"2023-04-25T07:34:49.727Z","CAR","V2G CurrentDemandReq",""
"2023-04-25T07:34:49.861Z","EVSE","V2G CurrentDemandRes",""
"2023-04-25T07:34:49.913Z","CAR","V2G CurrentDemandReq",""
"2023-04-25T07:34:50.006Z","EVSE","V2G CurrentDemandRes",""
"2023-04-25T07:34:50.098Z","CAR","V2G CurrentDemandReq",""
"2023-04-25T07:34:50.233Z","EVSE","V2G CurrentDemandRes",""
"2023-04-25T07:34:50.315Z","CAR","V2G CurrentDemandReq",""
"2023-04-25T07:34:50.357Z","EVSE","V2G CurrentDemandRes",""
"2023-04-25T07:34:50.449Z","CAR","V2G CurrentDemandReq",""
"2023-04-25T07:34:50.584Z","EVSE","V2G CurrentDemandRes",""
"2023-04-25T07:34:50.626Z","CAR","V2G CurrentDemandReq",""
"2023-04-25T07:34:50.728Z","EVSE","V2G CurrentDemandRes",""
"2023-04-25T07:34:50.811Z","CAR","V2G CurrentDemandReq",""
"2023-04-25T07:34:50.913Z","EVSE","V2G CurrentDemandRes",""
"2023-04-25T07:34:50.985Z","CAR","V2G CurrentDemandReq",""
"2023-04-25T07:34:51.077Z","EVSE","V2G CurrentDemandRes",""
"2023-04-25T07:34:51.212Z","CAR","V2G CurrentDemandReq",""
"2023-04-25T07:34:51.305Z","EVSE","V2G CurrentDemandRes",""
"2023-04-25T07:34:51.345Z","CAR","V2G CurrentDemandReq",""
"2023-04-25T07:34:51.490Z","EVSE","V2G CurrentDemandRes",""
"2023-04-25T07:34:51.541Z","CAR","V2G CurrentDemandReq",""
"2023-04-25T07:34:51.624Z","EVSE","V2G CurrentDemandRes",""
"2023-04-25T07:34:51.706Z","CAR","V2G CurrentDemandReq",""
"2023-04-25T07:34:51.798Z","EVSE","V2G CurrentDemandRes",""
"2023-04-25T07:34:51.880Z","CAR","V2G CurrentDemandReq",""
"2023-04-25T07:34:51.982Z","EVSE","V2G CurrentDemandRes",""
"2023-04-25T07:34:52.064Z","CAR","V2G CurrentDemandReq",""
"2023-04-25T07:34:52.166Z","EVSE","V2G CurrentDemandRes",""
"2023-04-25T07:34:52.279Z","CAR","V2G CurrentDemandReq",""
"2023-04-25T07:34:52.340Z","EVSE","V2G CurrentDemandRes",""
"2023-04-25T07:34:52.443Z","CAR","V2G CurrentDemandReq",""
"2023-04-25T07:34:52.558Z","EVSE","V2G CurrentDemandRes",""
"2023-04-25T07:34:52.622Z","CAR","V2G CurrentDemandReq",""
"2023-04-25T07:34:52.734Z","EVSE","V2G CurrentDemandRes",""
"2023-04-25T07:34:52.786Z","CAR","V2G CurrentDemandReq",""
"2023-04-25T07:34:52.878Z","EVSE","V2G CurrentDemandRes",""
"2023-04-25T07:34:52.960Z","CAR","V2G CurrentDemandReq",""
"2023-04-25T07:34:53.062Z","EVSE","V2G CurrentDemandRes",""
"2023-04-25T07:34:53.144Z","CAR","V2G CurrentDemandReq",""
"2023-04-25T07:34:53.277Z","EVSE","V2G CurrentDemandRes",""
"2023-04-25T07:34:53.329Z","CAR","V2G CurrentDemandReq",""
"2023-04-25T07:34:53.431Z","EVSE","V2G CurrentDemandRes",""
"2023-04-25T07:34:53.513Z","CAR","V2G CurrentDemandReq",""
"2023-04-25T07:34:53.595Z","EVSE","V2G CurrentDemandRes",""
"2023-04-25T07:34:53.677Z","CAR","V2G CurrentDemandReq",""
"2023-04-25T07:34:53.782Z","EVSE","V2G CurrentDemandRes",""
"2023-04-25T07:34:53.877Z","CAR","V2G CurrentDemandReq",""
"2023-04-25T07:34:53.980Z","EVSE","V2G CurrentDemandRes",""
"2023-04-25T07:34:54.052Z","CAR","V2G CurrentDemandReq",""
"2023-04-25T07:34:54.144Z","EVSE","V2G CurrentDemandRes",""
"2023-04-25T07:34:54.237Z","CAR","V2G CurrentDemandReq",""
"2023-04-25T07:34:54.319Z","EVSE","V2G CurrentDemandRes",""
"2023-04-25T07:34:54.401Z","CAR","V2G CurrentDemandReq",""
"2023-04-25T07:34:54.503Z","EVSE","V2G CurrentDemandRes",""
"2023-04-25T07:34:54.585Z","CAR","V2G CurrentDemandReq",""
"2023-04-25T07:34:54.687Z","EVSE","V2G CurrentDemandRes",""
"2023-04-25T07:34:54.759Z","EVSE","Isolation measurement P 910000 N 900000.",""
"2023-04-25T07:34:54.780Z","CAR","V2G CurrentDemandReq",""
"2023-04-25T07:34:54.863Z","EVSE","V2G CurrentDemandRes",""
"2023-04-25T07:34:54.945Z","CAR","V2G CurrentDemandReq",""
"2023-04-25T07:34:55.079Z","EVSE","V2G CurrentDemandRes",""
"2023-04-25T07:34:55.130Z","CAR","V2G CurrentDemandReq",""
"2023-04-25T07:34:55.245Z","EVSE","Charger state: Charging->EVSE Paused",""
"2023-04-25T07:34:55.246Z","EVSE","Set PWM Off",""
"2023-04-25T07:34:55.254Z","EVSE","V2G CurrentDemandRes",""
"2023-04-25T07:34:55.328Z","CAR","V2G CurrentDemandReq",""
"2023-04-25T07:34:55.403Z","EVSE","V2G CurrentDemandRes",""
"2023-04-25T07:34:55.413Z","CAR","Event CarRequestedStopPower",""
"2023-04-25T07:34:55.435Z","EVSE","DC power supply OFF",""
"2023-04-25T07:34:55.486Z","CAR","V2G CurrentDemandReq",""
"2023-04-25T07:34:55.579Z","EVSE","V2G CurrentDemandRes",""
"2023-04-25T07:34:55.672Z","CAR","V2G CurrentDemandReq",""
"2023-04-25T07:34:55.755Z","EVSE","Event PowerOff",""
"2023-04-25T07:34:55.775Z","EVSE","V2G CurrentDemandRes",""
"2023-04-25T07:34:55.890Z","CAR","V2G CurrentDemandReq",""
"2023-04-25T07:34:55.952Z","EVSE","V2G CurrentDemandRes",""
"2023-04-25T07:34:56.024Z","CAR","V2G CurrentDemandReq",""
"2023-04-25T07:34:56.126Z","EVSE","V2G CurrentDemandRes",""
"2023-04-25T07:34:56.251Z","CAR","V2G CurrentDemandReq",""
"2023-04-25T07:34:56.326Z","EVSE","V2G CurrentDemandRes",""
"2023-04-25T07:34:56.388Z","CAR","V2G CurrentDemandReq",""
"2023-04-25T07:34:56.492Z","EVSE","V2G CurrentDemandRes",""
"2023-04-25T07:34:56.626Z","CAR","V2G CurrentDemandReq",""
"2023-04-25T07:34:56.667Z","EVSE","V2G CurrentDemandRes",""
"2023-04-25T07:34:56.750Z","CAR","V2G CurrentDemandReq",""
"2023-04-25T07:34:56.852Z","EVSE","V2G CurrentDemandRes",""
"2023-04-25T07:34:56.969Z","CAR","V2G CurrentDemandReq",""
"2023-04-25T07:34:56.970Z","EVSE","Change HLC Limits: 0W/0A, target_voltage 825.6, hack_bpt false",""
"2023-04-25T07:34:57.043Z","EVSE","V2G CurrentDemandRes",""
"2023-04-25T07:34:57.157Z","CAR","V2G CurrentDemandReq",""
"2023-04-25T07:34:57.230Z","EVSE","V2G CurrentDemandRes",""
"2023-04-25T07:34:57.323Z","CAR","V2G CurrentDemandReq",""
"2023-04-25T07:34:57.384Z","EVSE","V2G CurrentDemandRes",""
"2023-04-25T07:34:57.467Z","EVSE","DC power supply set: 825.5999755859375V/0A, requested was 825.5999755859375V/0A.",""
"2023-04-25T07:34:57.708Z","CAR","V2G CurrentDemandReq",""
"2023-04-25T07:34:57.710Z","EVSE","V2G CurrentDemandRes",""
"2023-04-25T07:34:57.821Z","CAR","Event CarRequestedStopPower",""
"2023-04-25T07:34:57.822Z","EVSE","DC power supply OFF",""
"2023-04-25T07:34:57.832Z","EVSE","Event PowerOff",""
"2023-04-25T07:34:58.000Z","EVSE","DC power supply OFF",""
"2023-04-25T07:34:58.356Z","CAR","V2G PowerDeliveryReq",""
"2023-04-25T07:34:58.359Z","EVSE","V2G PowerDeliveryRes",""
"2023-04-25T07:34:58.361Z","CAR","V2G WeldingDetectionReq",""
"2023-04-25T07:34:58.364Z","EVSE","V2G WeldingDetectionRes",""
"2023-04-25T07:34:58.367Z","CAR","V2G WeldingDetectionReq",""
"2023-04-25T07:34:58.370Z","EVSE","V2G WeldingDetectionRes",""
"2023-04-25T07:34:58.374Z","CAR","V2G WeldingDetectionReq",""
"2023-04-25T07:34:58.377Z","EVSE","V2G WeldingDetectionRes",""
"2023-04-25T07:34:58.490Z","CAR","V2G WeldingDetectionReq",""
"2023-04-25T07:34:58.583Z","EVSE","V2G WeldingDetectionRes",""
"2023-04-25T07:34:58.624Z","CAR","V2G WeldingDetectionReq",""
"2023-04-25T07:34:58.717Z","EVSE","V2G WeldingDetectionRes",""
"2023-04-25T07:34:58.800Z","CAR","V2G WeldingDetectionReq",""
"2023-04-25T07:34:58.903Z","EVSE","V2G WeldingDetectionRes",""
"2023-04-25T07:34:58.986Z","CAR","V2G WeldingDetectionReq",""
"2023-04-25T07:34:59.101Z","EVSE","V2G WeldingDetectionRes",""
"2023-04-25T07:34:59.174Z","CAR","V2G WeldingDetectionReq",""
"2023-04-25T07:34:59.309Z","EVSE","V2G WeldingDetectionRes",""
"2023-04-25T07:34:59.340Z","CAR","V2G WeldingDetectionReq",""
"2023-04-25T07:34:59.443Z","EVSE","V2G WeldingDetectionRes",""
"2023-04-25T07:34:59.526Z","CAR","V2G WeldingDetectionReq",""
"2023-04-25T07:34:59.629Z","EVSE","V2G WeldingDetectionRes",""
"2023-04-25T07:35:00.975Z","CAR","V2G SessionStopReq",""
"2023-04-25T07:35:01.090Z","EVSE","V2G SessionStopRes",""
"2023-04-25T07:35:04.858Z","CAR","Event CarRequestedStopPower",""
"2023-04-25T07:35:04.882Z","EVSE","Event PowerOff",""
"2023-04-25T07:35:05.287Z","CAR","Event CarUnplugged",""
"2023-04-25T07:35:05.289Z","EVSE","Charger state: EVSE Paused->Finished",""
"2023-04-25T07:35:05.290Z","EVSE","Transaction Finished: EVDisconnected (550.263 kWh)",""
"2023-04-25T07:35:05.291Z","EVSE","Session Finished",""
"2023-04-25T07:35:05.292Z","SYS","Session logging stopped.",""
