"2024-02-27T13:26:06.132Z","SYS","Session logging started.",""
"2024-02-27T13:26:06.133Z","EVSE","Session Started: EVConnected",""
"2024-02-27T13:26:07.225Z","EVSE","Set PWM On (5.000000074505806%) took 90 ms",""
"2024-02-27T13:26:07.227Z","EVSE","Change HLC Limits: 4140W/25A, target_voltage 0, actual_voltage 1.2207031, hack_bpt false",""
"2024-02-27T13:26:07.328Z","EVSE","EIM Authorization received",""
"2024-02-27T13:26:07.330Z","EVSE","Transaction Started (0 kWh)",""
"2024-02-27T13:26:07.333Z","EVSE","DC mode. We are in 5percent mode so we can continue without further action.",""
"2024-02-27T13:26:07.334Z","EVSE","Charger state: Wait for Auth->PrepareCharging",""
"2024-02-27T13:26:08.667Z","EVSE","SLAC MATCHED",""
"2024-02-27T13:26:08.677Z","EVSE","D-LINK_READY (true)",""
"2024-02-27T13:26:09.997Z","EVSE","Change HLC Limits: 4140W/25A, target_voltage 0, actual_voltage 0, hack_bpt false",""
"2024-02-27T13:26:11.443Z","EVSE","Change HLC Limits: 4140W/25A, target_voltage 0, actual_voltage 1.2207031, hack_bpt false",""
"2024-02-27T13:26:12.865Z","EVSE","Change HLC Limits: 4140W/25A, target_voltage 0, actual_voltage 0, hack_bpt false",""
"2024-02-27T13:26:13.623Z","CAR","V2G SupportedAppProtocolReq",""
"2024-02-27T13:26:13.645Z","EVSE","V2G SupportedAppProtocolRes",""
"2024-02-27T13:26:13.685Z","CAR","V2G SessionSetupReq",""
"2024-02-27T13:26:13.788Z","EVSE","V2G SessionSetupRes",""
"2024-02-27T13:26:13.829Z","CAR","V2G ServiceDiscoveryReq",""
"2024-02-27T13:26:13.934Z","EVSE","V2G ServiceDiscoveryRes",""
"2024-02-27T13:26:14.028Z","CAR","V2G ServicePaymentSelectionReq",""
"2024-02-27T13:26:14.079Z","EVSE","V2G ServicePaymentSelectionRes",""
"2024-02-27T13:26:14.272Z","CAR","V2G ContractAuthenticationReq",""
"2024-02-27T13:26:14.275Z","EVSE","V2G ContractAuthenticationRes",""
"2024-02-27T13:26:14.818Z","CAR","V2G ContractAuthenticationReq",""
"2024-02-27T13:26:14.910Z","EVSE","V2G ContractAuthenticationRes",""
"2024-02-27T13:26:15.068Z","CAR","V2G ChargeParameterDiscoveryReq",""
"2024-02-27T13:26:15.124Z","EVSE","V2G ChargeParameterDiscoveryRes",""
"2024-02-27T13:26:15.225Z","CAR","Event CarRequestedPower",""
"2024-02-27T13:26:15.369Z","EVSE","Start cable check...",""
"2024-02-27T13:26:15.371Z","CAR","DC HLC Close contactor (in CableCheck)",""
"2024-02-27T13:26:15.394Z","CAR","V2G CableCheckReq",""
"2024-02-27T13:26:15.466Z","EVSE","V2G CableCheckRes",""
"2024-02-27T13:26:15.604Z","EVSE","Event PowerOn",""
"2024-02-27T13:26:15.782Z","CAR","V2G CableCheckReq",""
"2024-02-27T13:26:15.826Z","EVSE","V2G CableCheckRes",""
"2024-02-27T13:26:16.073Z","EVSE","DC power supply set: 500V/2A, requested was 500V/2A.",""
"2024-02-27T13:26:16.091Z","CAR","V2G CableCheckReq",""
"2024-02-27T13:26:16.125Z","EVSE","DC power supply: switch ON called",""
"2024-02-27T13:26:16.213Z","EVSE","V2G CableCheckRes",""
"2024-02-27T13:26:16.496Z","CAR","V2G CableCheckReq",""
"2024-02-27T13:26:16.560Z","EVSE","V2G CableCheckRes",""
"2024-02-27T13:26:16.817Z","CAR","V2G CableCheckReq",""
"2024-02-27T13:26:16.941Z","EVSE","V2G CableCheckRes",""
"2024-02-27T13:26:17.225Z","CAR","V2G CableCheckReq",""
"2024-02-27T13:26:17.277Z","EVSE","V2G CableCheckRes",""
"2024-02-27T13:26:17.349Z","EVSE","Isolation measurement R_F 900000.",""
"2024-02-27T13:26:17.351Z","EVSE","DC power supply set: 500V/2A, requested was 500V/2A.",""
"2024-02-27T13:26:17.477Z","EVSE","Isolation measurement Ok R_F 900000.",""
"2024-02-27T13:26:17.498Z","EVSE","Change HLC Limits: 4140W/25A, target_voltage 0, actual_voltage 493.7744, hack_bpt false",""
"2024-02-27T13:26:17.553Z","CAR","V2G CableCheckReq",""
"2024-02-27T13:26:17.648Z","EVSE","V2G CableCheckRes",""
"2024-02-27T13:26:17.897Z","CAR","V2G CableCheckReq",""
"2024-02-27T13:26:17.990Z","EVSE","V2G CableCheckRes",""
"2024-02-27T13:26:18.065Z","EVSE","DC power supply set: 366V/1A, requested was 366V/1A.",""
"2024-02-27T13:26:18.166Z","CAR","V2G PreChargeReq",""
"2024-02-27T13:26:18.195Z","EVSE","V2G PreChargeRes",""
"2024-02-27T13:26:18.349Z","EVSE","Isolation measurement R_F 900000.",""
"2024-02-27T13:26:18.433Z","EVSE","DC power supply set: 366.20001220703125V/1A, requested was 366.20001220703125V/1A.",""
"2024-02-27T13:26:18.500Z","CAR","V2G PreChargeReq",""
"2024-02-27T13:26:18.591Z","EVSE","V2G PreChargeRes",""
"2024-02-27T13:26:18.796Z","EVSE","DC power supply set: 366V/1A, requested was 366V/1A.",""
"2024-02-27T13:26:18.883Z","CAR","V2G PreChargeReq",""
"2024-02-27T13:26:18.893Z","EVSE","V2G PreChargeRes",""
"2024-02-27T13:26:18.903Z","EVSE","Change HLC Limits: 4140W/11.065214A, target_voltage 366, actual_voltage 374.1455, hack_bpt false",""
"2024-02-27T13:26:19.082Z","EVSE","DC power supply set: 366V/1A, requested was 366V/1A.",""
"2024-02-27T13:26:19.159Z","CAR","V2G PreChargeReq",""
"2024-02-27T13:26:19.276Z","EVSE","V2G PreChargeRes",""
"2024-02-27T13:26:19.360Z","EVSE","Isolation measurement R_F 900000.",""
"2024-02-27T13:26:19.644Z","CAR","V2G PowerDeliveryReq",""
"2024-02-27T13:26:19.664Z","EVSE","V2G PowerDeliveryRes",""
"2024-02-27T13:26:19.725Z","EVSE","DC power supply set: 389.29998779296875V/3A, requested was 389.29998779296875V/3A.",""
"2024-02-27T13:26:19.743Z","EVSE","Charger state: PrepareCharging->Charging",""
"2024-02-27T13:26:19.851Z","CAR","V2G CurrentDemandReq",""
"2024-02-27T13:26:19.853Z","EVSE","V2G CurrentDemandRes",""
"2024-02-27T13:26:20.157Z","EVSE","DC power supply set: 389.29998779296875V/11A, requested was 389.29998779296875V/11A.",""
"2024-02-27T13:26:20.245Z","CAR","V2G CurrentDemandReq",""
"2024-02-27T13:26:20.265Z","EVSE","V2G CurrentDemandRes",""
"2024-02-27T13:26:20.371Z","EVSE","Isolation measurement R_F 900000.",""
"2024-02-27T13:26:20.496Z","EVSE","Change HLC Limits: 4140W/11.380833A, target_voltage 389.3, actual_voltage 363.76953, hack_bpt false",""
"2024-02-27T13:26:20.618Z","EVSE","DC power supply set: 389.29998779296875V/11A, requested was 389.29998779296875V/11A.",""
"2024-02-27T13:26:20.639Z","CAR","V2G CurrentDemandReq",""
"2024-02-27T13:26:20.784Z","EVSE","V2G CurrentDemandRes",""
"2024-02-27T13:26:21.080Z","EVSE","DC power supply set: 389.29998779296875V/11.300000190734863A, requested was 389.29998779296875V/11.300000190734863A.",""
"2024-02-27T13:26:21.169Z","CAR","V2G CurrentDemandReq",""
"2024-02-27T13:26:21.199Z","EVSE","V2G CurrentDemandRes",""
"2024-02-27T13:26:21.355Z","EVSE","Isolation measurement R_F 900000.",""
"2024-02-27T13:26:21.597Z","CAR","V2G CurrentDemandReq",""
"2024-02-27T13:26:21.638Z","EVSE","V2G CurrentDemandRes",""
"2024-02-27T13:26:22.005Z","CAR","V2G CurrentDemandReq",""
"2024-02-27T13:26:22.108Z","EVSE","Change HLC Limits: 4140W/11.248716A, target_voltage 389.3, actual_voltage 368.042, hack_bpt false",""
"2024-02-27T13:26:22.133Z","EVSE","V2G CurrentDemandRes",""
"2024-02-27T13:26:22.241Z","EVSE","DC power supply set: 389.29998779296875V/11.300000190734863A, requested was 389.29998779296875V/11.300000190734863A.",""
"2024-02-27T13:26:22.356Z","EVSE","Isolation measurement R_F 900000.",""
"2024-02-27T13:26:22.472Z","CAR","V2G CurrentDemandReq",""
"2024-02-27T13:26:22.586Z","EVSE","V2G CurrentDemandRes",""
"2024-02-27T13:26:22.943Z","EVSE","DC power supply set: 389.29998779296875V/11.199999809265137A, requested was 389.29998779296875V/11.199999809265137A.",""
"2024-02-27T13:26:23.079Z","CAR","V2G CurrentDemandReq",""
"2024-02-27T13:26:23.080Z","EVSE","V2G CurrentDemandRes",""
"2024-02-27T13:26:23.357Z","EVSE","Isolation measurement R_F 900000.",""
"2024-02-27T13:26:23.400Z","CAR","V2G CurrentDemandReq",""
"2024-02-27T13:26:23.535Z","EVSE","V2G CurrentDemandRes",""
"2024-02-27T13:26:23.862Z","EVSE","DC power supply set: 389V/11.199999809265137A, requested was 389V/11.199999809265137A.",""
"2024-02-27T13:26:23.957Z","CAR","V2G CurrentDemandReq",""
"2024-02-27T13:26:23.976Z","EVSE","V2G CurrentDemandRes",""
"2024-02-27T13:26:24.335Z","EVSE","DC power supply set: 389.29998779296875V/11.199999809265137A, requested was 389.29998779296875V/11.199999809265137A.",""
"2024-02-27T13:26:24.367Z","EVSE","Isolation measurement R_F 900000.",""
"2024-02-27T13:26:24.415Z","CAR","V2G CurrentDemandReq",""
"2024-02-27T13:26:24.451Z","EVSE","V2G CurrentDemandRes",""
"2024-02-27T13:26:24.790Z","EVSE","Change HLC Limits: 4140W/11.30496A, target_voltage 389.3, actual_voltage 366.21094, hack_bpt false",""
"2024-02-27T13:26:24.801Z","CAR","V2G CurrentDemandReq",""
"2024-02-27T13:26:24.896Z","EVSE","V2G CurrentDemandRes",""
"2024-02-27T13:26:24.947Z","EVSE","DC power supply set: 389.29998779296875V/11.199999809265137A, requested was 389.29998779296875V/11.199999809265137A.",""
"2024-02-27T13:26:25.273Z","CAR","V2G CurrentDemandReq",""
"2024-02-27T13:26:25.386Z","EVSE","Isolation measurement R_F 900000.",""
"2024-02-27T13:26:25.387Z","EVSE","V2G CurrentDemandRes",""
"2024-02-27T13:26:25.744Z","CAR","V2G CurrentDemandReq",""
"2024-02-27T13:26:25.817Z","EVSE","V2G CurrentDemandRes",""
"2024-02-27T13:26:26.193Z","CAR","V2G CurrentDemandReq",""
"2024-02-27T13:26:26.276Z","EVSE","V2G CurrentDemandRes",""
"2024-02-27T13:26:26.371Z","EVSE","Isolation measurement R_F 900000.",""
"2024-02-27T13:26:26.394Z","EVSE","Change HLC Limits: 4140W/11.17459A, target_voltage 389.3, actual_voltage 370.4834, hack_bpt false",""
"2024-02-27T13:26:26.542Z","EVSE","DC power supply set: 389.29998779296875V/11.199999809265137A, requested was 389.29998779296875V/11.199999809265137A.",""
"2024-02-27T13:26:26.667Z","CAR","V2G CurrentDemandReq",""
"2024-02-27T13:26:26.745Z","EVSE","V2G CurrentDemandRes",""
"2024-02-27T13:26:27.185Z","EVSE","DC power supply set: 389.29998779296875V/11.100000381469727A, requested was 389.29998779296875V/11.100000381469727A.",""
"2024-02-27T13:26:27.293Z","CAR","V2G CurrentDemandReq",""
"2024-02-27T13:26:27.296Z","EVSE","V2G CurrentDemandRes",""
"2024-02-27T13:26:27.415Z","EVSE","Isolation measurement R_F 900000.",""
"2024-02-27T13:26:27.584Z","CAR","V2G CurrentDemandReq",""
"2024-02-27T13:26:27.678Z","EVSE","V2G CurrentDemandRes",""
"2024-02-27T13:26:28.076Z","CAR","V2G CurrentDemandReq",""
"2024-02-27T13:26:28.087Z","EVSE","Change HLC Limits: 4140W/11.39996A, target_voltage 389.3, actual_voltage 363.15918, hack_bpt false",""
"2024-02-27T13:26:28.152Z","EVSE","V2G CurrentDemandRes",""
"2024-02-27T13:26:28.247Z","EVSE","DC power supply set: 389.29998779296875V/11.100000381469727A, requested was 389.29998779296875V/11.100000381469727A.",""
"2024-02-27T13:26:28.361Z","EVSE","Isolation measurement R_F 900000.",""
"2024-02-27T13:26:28.521Z","CAR","V2G CurrentDemandReq",""
"2024-02-27T13:26:28.626Z","EVSE","V2G CurrentDemandRes",""
"2024-02-27T13:26:28.964Z","EVSE","DC power supply set: 389.29998779296875V/11.300000190734863A, requested was 389.29998779296875V/11.300000190734863A.",""
"2024-02-27T13:26:29.073Z","CAR","V2G CurrentDemandReq",""
"2024-02-27T13:26:29.075Z","EVSE","V2G CurrentDemandRes",""
"2024-02-27T13:26:29.367Z","EVSE","Isolation measurement R_F 900000.",""
"2024-02-27T13:26:29.438Z","EVSE","DC power supply set: 389V/11.300000190734863A, requested was 389V/11.300000190734863A.",""
"2024-02-27T13:26:29.529Z","CAR","V2G CurrentDemandReq",""
"2024-02-27T13:26:29.548Z","EVSE","V2G CurrentDemandRes",""
"2024-02-27T13:26:29.665Z","EVSE","Change HLC Limits: 4140W/11.380833A, target_voltage 389, actual_voltage 363.76953, hack_bpt false",""
"2024-02-27T13:26:29.834Z","EVSE","DC power supply set: 389V/11.300000190734863A, requested was 389V/11.300000190734863A.",""
"2024-02-27T13:26:29.949Z","EVSE","DC power supply set: 389.29998779296875V/11.300000190734863A, requested was 389.29998779296875V/11.300000190734863A.",""
"2024-02-27T13:26:30.032Z","CAR","V2G CurrentDemandReq",""
"2024-02-27T13:26:30.035Z","EVSE","V2G CurrentDemandRes",""
"2024-02-27T13:26:30.367Z","EVSE","Isolation measurement R_F 900000.",""
"2024-02-27T13:26:30.367Z","CAR","V2G CurrentDemandReq",""
"2024-02-27T13:26:30.463Z","EVSE","V2G CurrentDemandRes",""
"2024-02-27T13:26:30.837Z","CAR","V2G CurrentDemandReq",""
"2024-02-27T13:26:30.932Z","EVSE","V2G CurrentDemandRes",""
"2024-02-27T13:26:31.200Z","EVSE","Change HLC Limits: 4140W/11.438408A, target_voltage 389.3, actual_voltage 361.93848, hack_bpt false",""
"2024-02-27T13:26:31.317Z","EVSE","DC power supply set: 389.29998779296875V/11.300000190734863A, requested was 389.29998779296875V/11.300000190734863A.",""
"2024-02-27T13:26:31.337Z","EVSE","DC power supply set: 389V/11.300000190734863A, requested was 389V/11.300000190734863A.",""
"2024-02-27T13:26:31.382Z","EVSE","Isolation measurement R_F 900000.",""
"2024-02-27T13:26:31.437Z","CAR","V2G CurrentDemandReq",""
"2024-02-27T13:26:31.440Z","EVSE","V2G CurrentDemandRes",""
"2024-02-27T13:26:31.762Z","EVSE","DC power supply set: 389.29998779296875V/11.399999618530273A, requested was 389.29998779296875V/11.399999618530273A.",""
"2024-02-27T13:26:31.865Z","CAR","V2G CurrentDemandReq",""
"2024-02-27T13:26:31.871Z","EVSE","V2G CurrentDemandRes",""
"2024-02-27T13:26:32.220Z","EVSE","DC power supply set: 389V/11.399999618530273A, requested was 389V/11.399999618530273A.",""
"2024-02-27T13:26:32.292Z","CAR","V2G CurrentDemandReq",""
"2024-02-27T13:26:32.365Z","EVSE","V2G CurrentDemandRes",""
"2024-02-27T13:26:32.376Z","EVSE","Isolation measurement R_F 900000.",""
"2024-02-27T13:26:32.695Z","EVSE","DC power supply set: 389.29998779296875V/11.399999618530273A, requested was 389.29998779296875V/11.399999618530273A.",""
"2024-02-27T13:26:32.722Z","EVSE","Change HLC Limits: 4140W/11.211531A, target_voltage 389, actual_voltage 369.2627, hack_bpt false",""
"2024-02-27T13:26:32.790Z","CAR","V2G CurrentDemandReq",""
"2024-02-27T13:26:32.811Z","EVSE","V2G CurrentDemandRes",""
"2024-02-27T13:26:32.905Z","EVSE","DC power supply set: 389.29998779296875V/11.399999618530273A, requested was 389.29998779296875V/11.399999618530273A.",""
"2024-02-27T13:26:33.144Z","CAR","V2G CurrentDemandReq",""
"2024-02-27T13:26:33.263Z","EVSE","V2G CurrentDemandRes",""
"2024-02-27T13:26:33.366Z","EVSE","Isolation measurement R_F 900000.",""
"2024-02-27T13:26:33.609Z","EVSE","DC power supply set: 389.29998779296875V/11.100000381469727A, requested was 389.29998779296875V/11.100000381469727A.",""
"2024-02-27T13:26:33.789Z","CAR","V2G CurrentDemandReq",""
"2024-02-27T13:26:33.792Z","EVSE","V2G CurrentDemandRes",""
"2024-02-27T13:26:34.062Z","CAR","V2G CurrentDemandReq",""
"2024-02-27T13:26:34.178Z","EVSE","V2G CurrentDemandRes",""
"2024-02-27T13:26:34.390Z","EVSE","Isolation measurement R_F 900000.",""
"2024-02-27T13:26:34.455Z","EVSE","Change HLC Limits: 4140W/11.267402A, target_voltage 389.3, actual_voltage 367.43164, hack_bpt false",""
"2024-02-27T13:26:34.567Z","CAR","V2G CurrentDemandReq",""
"2024-02-27T13:26:34.567Z","EVSE","DC power supply set: 389.29998779296875V/11.100000381469727A, requested was 389.29998779296875V/11.100000381469727A.",""
"2024-02-27T13:26:34.687Z","EVSE","V2G CurrentDemandRes",""
"2024-02-27T13:26:35.056Z","CAR","V2G CurrentDemandReq",""
"2024-02-27T13:26:35.098Z","EVSE","V2G CurrentDemandRes",""
"2024-02-27T13:26:35.386Z","EVSE","Isolation measurement R_F 900000.",""
"2024-02-27T13:26:35.481Z","EVSE","DC power supply set: 389.29998779296875V/11.199999809265137A, requested was 389.29998779296875V/11.199999809265137A.",""
"2024-02-27T13:26:35.632Z","CAR","V2G CurrentDemandReq",""
"2024-02-27T13:26:35.635Z","EVSE","V2G CurrentDemandRes",""
"2024-02-27T13:26:35.937Z","CAR","V2G CurrentDemandReq",""
"2024-02-27T13:26:36.035Z","EVSE","Change HLC Limits: 4140W/11.323833A, target_voltage 389.3, actual_voltage 365.6006, hack_bpt false",""
"2024-02-27T13:26:36.047Z","EVSE","V2G CurrentDemandRes",""
"2024-02-27T13:26:36.205Z","EVSE","DC power supply set: 389.29998779296875V/11.199999809265137A, requested was 389.29998779296875V/11.199999809265137A.",""
"2024-02-27T13:26:36.389Z","EVSE","Isolation measurement R_F 900000.",""
"2024-02-27T13:26:36.412Z","CAR","V2G CurrentDemandReq",""
"2024-02-27T13:26:36.494Z","EVSE","V2G CurrentDemandRes",""
"2024-02-27T13:26:36.896Z","EVSE","DC power supply set: 389V/11.300000190734863A, requested was 389V/11.300000190734863A.",""
"2024-02-27T13:26:36.981Z","CAR","V2G CurrentDemandReq",""
"2024-02-27T13:26:37.010Z","EVSE","V2G CurrentDemandRes",""
"2024-02-27T13:26:37.322Z","EVSE","DC power supply set: 389.29998779296875V/11.300000190734863A, requested was 389.29998779296875V/11.300000190734863A.",""
"2024-02-27T13:26:37.374Z","EVSE","Isolation measurement R_F 900000.",""
"2024-02-27T13:26:37.421Z","CAR","V2G CurrentDemandReq",""
"2024-02-27T13:26:37.429Z","EVSE","V2G CurrentDemandRes",""
"2024-02-27T13:26:37.845Z","CAR","V2G CurrentDemandReq",""
"2024-02-27T13:26:37.898Z","EVSE","V2G CurrentDemandRes",""
"2024-02-27T13:26:38.292Z","CAR","V2G CurrentDemandReq",""
"2024-02-27T13:26:38.372Z","EVSE","V2G CurrentDemandRes",""
"2024-02-27T13:26:38.392Z","EVSE","Isolation measurement R_F 900000.",""
"2024-02-27T13:26:38.714Z","CAR","V2G CurrentDemandReq",""
"2024-02-27T13:26:38.807Z","EVSE","V2G CurrentDemandRes",""
"2024-02-27T13:26:39.033Z","EVSE","Change HLC Limits: 4140W/11.39996A, target_voltage 389.3, actual_voltage 363.15918, hack_bpt false",""
"2024-02-27T13:26:39.171Z","EVSE","DC power supply set: 389.29998779296875V/11.300000190734863A, requested was 389.29998779296875V/11.300000190734863A.",""
"2024-02-27T13:26:39.194Z","CAR","V2G CurrentDemandReq",""
"2024-02-27T13:26:39.280Z","EVSE","V2G CurrentDemandRes",""
"2024-02-27T13:26:39.421Z","EVSE","Isolation measurement R_F 900000.",""
"2024-02-27T13:26:39.656Z","CAR","V2G CurrentDemandReq",""
"2024-02-27T13:26:39.729Z","EVSE","V2G CurrentDemandRes",""
"2024-02-27T13:26:40.089Z","CAR","V2G CurrentDemandReq",""
"2024-02-27T13:26:40.206Z","EVSE","V2G CurrentDemandRes",""
"2024-02-27T13:26:40.372Z","EVSE","Isolation measurement R_F 900000.",""
"2024-02-27T13:26:40.570Z","CAR","V2G CurrentDemandReq",""
"2024-02-27T13:26:40.675Z","EVSE","V2G CurrentDemandRes",""
"2024-02-27T13:26:41.061Z","EVSE","DC power supply set: 389V/11.300000190734863A, requested was 389V/11.300000190734863A.",""
"2024-02-27T13:26:41.212Z","CAR","V2G CurrentDemandReq",""
"2024-02-27T13:26:41.214Z","EVSE","V2G CurrentDemandRes",""
"2024-02-27T13:26:41.392Z","EVSE","Isolation measurement R_F 900000.",""
"2024-02-27T13:26:41.531Z","EVSE","DC power supply set: 389.29998779296875V/11.300000190734863A, requested was 389.29998779296875V/11.300000190734863A.",""
"2024-02-27T13:26:41.740Z","CAR","V2G CurrentDemandReq",""
"2024-02-27T13:26:41.742Z","EVSE","V2G CurrentDemandRes",""
"2024-02-27T13:26:41.960Z","CAR","V2G CurrentDemandReq",""
"2024-02-27T13:26:41.991Z","EVSE","Change HLC Limits: 4140W/11.323833A, target_voltage 389.3, actual_voltage 365.6006, hack_bpt false",""
"2024-02-27T13:26:42.076Z","EVSE","V2G CurrentDemandRes",""
"2024-02-27T13:26:42.076Z","EVSE","DC power supply set: 389.29998779296875V/11.300000190734863A, requested was 389.29998779296875V/11.300000190734863A.",""
"2024-02-27T13:26:42.380Z","EVSE","Isolation measurement R_F 900000.",""
"2024-02-27T13:26:42.436Z","CAR","V2G CurrentDemandReq",""
"2024-02-27T13:26:42.552Z","EVSE","V2G CurrentDemandRes",""
"2024-02-27T13:26:42.894Z","CAR","V2G CurrentDemandReq",""
"2024-02-27T13:26:42.977Z","EVSE","V2G CurrentDemandRes",""
"2024-02-27T13:26:43.352Z","CAR","V2G CurrentDemandReq",""
"2024-02-27T13:26:43.383Z","EVSE","Isolation measurement R_F 900000.",""
"2024-02-27T13:26:43.459Z","EVSE","V2G CurrentDemandRes",""
"2024-02-27T13:26:43.567Z","EVSE","Change HLC Limits: 4140W/11.156211A, target_voltage 389.3, actual_voltage 371.09375, hack_bpt false",""
"2024-02-27T13:26:43.734Z","EVSE","DC power supply set: 389.29998779296875V/11.300000190734863A, requested was 389.29998779296875V/11.300000190734863A.",""
"2024-02-27T13:26:43.858Z","CAR","V2G CurrentDemandReq",""
"2024-02-27T13:26:43.921Z","EVSE","V2G CurrentDemandRes",""
"2024-02-27T13:26:44.306Z","EVSE","DC power supply set: 389V/11.100000381469727A, requested was 389V/11.100000381469727A.",""
"2024-02-27T13:26:44.432Z","EVSE","Isolation measurement R_F 900000.",""
"2024-02-27T13:26:44.503Z","CAR","V2G CurrentDemandReq",""
"2024-02-27T13:26:44.505Z","EVSE","V2G CurrentDemandRes",""
"2024-02-27T13:26:44.819Z","CAR","V2G CurrentDemandReq",""
"2024-02-27T13:26:44.841Z","EVSE","V2G CurrentDemandRes",""
"2024-02-27T13:26:45.184Z","EVSE","Change HLC Limits: 4140W/11.34277A, target_voltage 389, actual_voltage 364.99023, hack_bpt false",""
"2024-02-27T13:26:45.214Z","EVSE","DC power supply set: 389.29998779296875V/11.100000381469727A, requested was 389.29998779296875V/11.100000381469727A.",""
"2024-02-27T13:26:45.311Z","CAR","V2G CurrentDemandReq",""
"2024-02-27T13:26:45.331Z","EVSE","DC power supply set: 389.29998779296875V/11.100000381469727A, requested was 389.29998779296875V/11.100000381469727A.",""
"2024-02-27T13:26:45.343Z","EVSE","V2G CurrentDemandRes",""
"2024-02-27T13:26:45.385Z","EVSE","Isolation measurement R_F 900000.",""
"2024-02-27T13:26:45.668Z","CAR","V2G CurrentDemandReq",""
"2024-02-27T13:26:45.771Z","EVSE","V2G CurrentDemandRes",""
"2024-02-27T13:26:46.126Z","EVSE","DC power supply set: 389.29998779296875V/11.300000190734863A, requested was 389.29998779296875V/11.300000190734863A.",""
"2024-02-27T13:26:46.273Z","CAR","V2G CurrentDemandReq",""
"2024-02-27T13:26:46.275Z","EVSE","V2G CurrentDemandRes",""
"2024-02-27T13:26:46.422Z","EVSE","Isolation measurement R_F 900000.",""
"2024-02-27T13:26:46.603Z","EVSE","Change HLC Limits: 4140W/11.380833A, target_voltage 389.3, actual_voltage 363.76953, hack_bpt false",""
"2024-02-27T13:26:46.607Z","CAR","V2G CurrentDemandReq",""
"2024-02-27T13:26:46.699Z","EVSE","DC power supply set: 389.29998779296875V/11.300000190734863A, requested was 389.29998779296875V/11.300000190734863A.",""
"2024-02-27T13:26:46.730Z","EVSE","V2G CurrentDemandRes",""
"2024-02-27T13:26:47.136Z","CAR","V2G CurrentDemandReq",""
"2024-02-27T13:26:47.167Z","EVSE","V2G CurrentDemandRes",""
"2024-02-27T13:26:47.393Z","EVSE","Isolation measurement R_F 900000.",""
"2024-02-27T13:26:47.536Z","EVSE","DC power supply set: 389V/11.300000190734863A, requested was 389V/11.300000190734863A.",""
"2024-02-27T13:26:47.630Z","CAR","V2G CurrentDemandReq",""
"2024-02-27T13:26:47.639Z","EVSE","V2G CurrentDemandRes",""
"2024-02-27T13:26:47.985Z","EVSE","DC power supply set: 389.29998779296875V/11.300000190734863A, requested was 389.29998779296875V/11.300000190734863A.",""
"2024-02-27T13:26:48.121Z","CAR","V2G CurrentDemandReq",""
"2024-02-27T13:26:48.123Z","EVSE","V2G CurrentDemandRes",""
"2024-02-27T13:26:48.181Z","EVSE","Change HLC Limits: 4140W/11.323833A, target_voltage 389.3, actual_voltage 365.6006, hack_bpt false",""
"2024-02-27T13:26:48.366Z","EVSE","DC power supply set: 389.29998779296875V/11.300000190734863A, requested was 389.29998779296875V/11.300000190734863A.",""
"2024-02-27T13:26:48.397Z","EVSE","Isolation measurement R_F 900000.",""
"2024-02-27T13:26:48.473Z","CAR","V2G CurrentDemandReq",""
"2024-02-27T13:26:48.578Z","EVSE","V2G CurrentDemandRes",""
"2024-02-27T13:26:48.936Z","CAR","V2G CurrentDemandReq",""
"2024-02-27T13:26:49.027Z","EVSE","V2G CurrentDemandRes",""
"2024-02-27T13:26:49.393Z","EVSE","Isolation measurement R_F 900000.",""
"2024-02-27T13:26:49.394Z","CAR","V2G CurrentDemandReq",""
"2024-02-27T13:26:49.494Z","EVSE","V2G CurrentDemandRes",""
"2024-02-27T13:26:49.851Z","CAR","V2G CurrentDemandReq",""
"2024-02-27T13:26:49.965Z","EVSE","V2G CurrentDemandRes",""
"2024-02-27T13:26:50.333Z","CAR","V2G CurrentDemandReq",""
"2024-02-27T13:26:50.405Z","EVSE","Isolation measurement R_F 900000.",""
"2024-02-27T13:26:50.431Z","EVSE","V2G CurrentDemandRes",""
"2024-02-27T13:26:50.807Z","CAR","V2G CurrentDemandReq",""
"2024-02-27T13:26:50.888Z","EVSE","V2G CurrentDemandRes",""
"2024-02-27T13:26:51.001Z","EVSE","Change HLC Limits: 4140W/11.39996A, target_voltage 389.3, actual_voltage 363.15918, hack_bpt false",""
"2024-02-27T13:26:51.083Z","EVSE","DC power supply set: 389.29998779296875V/11.300000190734863A, requested was 389.29998779296875V/11.300000190734863A.",""
"2024-02-27T13:26:51.278Z","CAR","V2G CurrentDemandReq",""
"2024-02-27T13:26:51.400Z","EVSE","V2G CurrentDemandRes",""
"2024-02-27T13:26:51.400Z","EVSE","Isolation measurement R_F 900000.",""
"2024-02-27T13:26:51.715Z","CAR","V2G CurrentDemandReq",""
"2024-02-27T13:26:51.828Z","EVSE","V2G CurrentDemandRes",""
"2024-02-27T13:26:52.195Z","CAR","V2G CurrentDemandReq",""
"2024-02-27T13:26:52.319Z","EVSE","V2G CurrentDemandRes",""
"2024-02-27T13:26:52.390Z","EVSE","Isolation measurement R_F 900000.",""
"2024-02-27T13:26:52.575Z","EVSE","Change HLC Limits: 4140W/11.248716A, target_voltage 389.3, actual_voltage 368.042, hack_bpt false",""
"2024-02-27T13:26:52.666Z","CAR","V2G CurrentDemandReq",""
"2024-02-27T13:26:52.717Z","EVSE","DC power supply set: 389.29998779296875V/11.300000190734863A, requested was 389.29998779296875V/11.300000190734863A.",""
"2024-02-27T13:26:52.757Z","EVSE","V2G CurrentDemandRes",""
"2024-02-27T13:26:53.106Z","CAR","V2G CurrentDemandReq",""
"2024-02-27T13:26:53.209Z","EVSE","V2G CurrentDemandRes",""
"2024-02-27T13:26:53.400Z","EVSE","Isolation measurement R_F 900000.",""
"2024-02-27T13:26:53.574Z","EVSE","DC power supply set: 389.29998779296875V/11.199999809265137A, requested was 389.29998779296875V/11.199999809265137A.",""
"2024-02-27T13:26:53.658Z","CAR","V2G CurrentDemandReq",""
"2024-02-27T13:26:53.688Z","EVSE","V2G CurrentDemandRes",""
"2024-02-27T13:26:54.045Z","CAR","V2G CurrentDemandReq",""
"2024-02-27T13:26:54.137Z","EVSE","V2G CurrentDemandRes",""
"2024-02-27T13:26:54.148Z","EVSE","Change HLC Limits: 4140W/11.34277A, target_voltage 389.3, actual_voltage 364.99023, hack_bpt false",""
"2024-02-27T13:26:54.272Z","EVSE","DC power supply set: 389.29998779296875V/11.199999809265137A, requested was 389.29998779296875V/11.199999809265137A.",""
"2024-02-27T13:26:54.394Z","EVSE","Isolation measurement R_F 900000.",""
"2024-02-27T13:26:54.589Z","CAR","V2G CurrentDemandReq",""
"2024-02-27T13:26:54.609Z","EVSE","V2G CurrentDemandRes",""
"2024-02-27T13:26:54.975Z","EVSE","DC power supply set: 389.29998779296875V/11.300000190734863A, requested was 389.29998779296875V/11.300000190734863A.",""
"2024-02-27T13:26:55.103Z","CAR","V2G CurrentDemandReq",""
"2024-02-27T13:26:55.106Z","EVSE","V2G CurrentDemandRes",""
"2024-02-27T13:26:55.408Z","EVSE","Isolation measurement R_F 900000.",""
"2024-02-27T13:26:55.441Z","CAR","V2G CurrentDemandReq",""
"2024-02-27T13:26:55.566Z","EVSE","V2G CurrentDemandRes",""
"2024-02-27T13:26:55.711Z","EVSE","Change HLC Limits: 4140W/11.267402A, target_voltage 389.3, actual_voltage 367.43164, hack_bpt false",""
"2024-02-27T13:26:55.823Z","EVSE","DC power supply set: 389.29998779296875V/11.300000190734863A, requested was 389.29998779296875V/11.300000190734863A.",""
"2024-02-27T13:26:55.927Z","CAR","V2G CurrentDemandReq",""
"2024-02-27T13:26:56.042Z","EVSE","V2G CurrentDemandRes",""
"2024-02-27T13:26:56.410Z","EVSE","Isolation measurement R_F 900000.",""
"2024-02-27T13:26:56.421Z","EVSE","DC power supply set: 389.29998779296875V/11.199999809265137A, requested was 389.29998779296875V/11.199999809265137A.",""
"2024-02-27T13:26:56.549Z","CAR","V2G CurrentDemandReq",""
"2024-02-27T13:26:56.552Z","EVSE","V2G CurrentDemandRes",""
"2024-02-27T13:26:56.876Z","EVSE","DC power supply set: 389V/11.199999809265137A, requested was 389V/11.199999809265137A.",""
"2024-02-27T13:26:57.014Z","CAR","V2G CurrentDemandReq",""
"2024-02-27T13:26:57.016Z","EVSE","V2G CurrentDemandRes",""
"2024-02-27T13:26:57.324Z","EVSE","Change HLC Limits: 4140W/11.361769A, target_voltage 389, actual_voltage 364.37988, hack_bpt false",""
"2024-02-27T13:26:57.332Z","CAR","V2G CurrentDemandReq",""
"2024-02-27T13:26:57.415Z","EVSE","Isolation measurement R_F 900000.",""
"2024-02-27T13:26:57.417Z","EVSE","V2G CurrentDemandRes",""
"2024-02-27T13:26:57.427Z","EVSE","DC power supply set: 389V/11.199999809265137A, requested was 389V/11.199999809265137A.",""
"2024-02-27T13:26:57.778Z","EVSE","DC power supply set: 389.29998779296875V/11.199999809265137A, requested was 389.29998779296875V/11.199999809265137A.",""
"2024-02-27T13:26:57.937Z","CAR","V2G CurrentDemandReq",""
"2024-02-27T13:26:57.941Z","EVSE","V2G CurrentDemandRes",""
"2024-02-27T13:26:58.226Z","EVSE","DC power supply set: 389V/11.300000190734863A, requested was 389V/11.300000190734863A.",""
"2024-02-27T13:26:58.323Z","CAR","V2G CurrentDemandReq",""
"2024-02-27T13:26:58.332Z","EVSE","V2G CurrentDemandRes",""
"2024-02-27T13:26:58.394Z","EVSE","Isolation measurement R_F 900000.",""
"2024-02-27T13:26:58.584Z","EVSE","Transaction Finished: Local (0 kWh)",""
"2024-02-27T13:26:58.587Z","EVSE","Charger state: Charging->StoppingCharging",""
"2024-02-27T13:26:58.589Z","EVSE","DC power supply OFF",""
"2024-02-27T13:26:58.724Z","EVSE","DC power supply set: 389.29998779296875V/11.300000190734863A, requested was 389.29998779296875V/11.300000190734863A.",""
"2024-02-27T13:26:58.823Z","EVSE","DC power supply: switch ON called",""
"2024-02-27T13:26:58.941Z","CAR","V2G CurrentDemandReq",""
"2024-02-27T13:26:58.943Z","EVSE","V2G CurrentDemandRes",""
"2024-02-27T13:26:58.945Z","EVSE","DC power supply OFF",""
"2024-02-27T13:26:58.952Z","EVSE","Change HLC Limits: 4140W/11.267402A, target_voltage 389.3, actual_voltage 367.43164, hack_bpt false",""
"2024-02-27T13:26:59.066Z","EVSE","DC power supply OFF",""
"2024-02-27T13:26:59.126Z","CAR","Event CarRequestedStopPower",""
"2024-02-27T13:26:59.126Z","EVSE","DC power supply set: 389.29998779296875V/11.300000190734863A, requested was 389.29998779296875V/11.300000190734863A.",""
"2024-02-27T13:26:59.127Z","EVSE","Event PowerOff",""
"2024-02-27T13:26:59.283Z","CAR","V2G PowerDeliveryReq",""
"2024-02-27T13:26:59.284Z","EVSE","V2G PowerDeliveryRes",""
"2024-02-27T13:26:59.287Z","CAR","V2G WeldingDetectionReq",""
"2024-02-27T13:26:59.292Z","EVSE","V2G WeldingDetectionRes",""
"2024-02-27T13:26:59.537Z","CAR","V2G WeldingDetectionReq",""
"2024-02-27T13:26:59.651Z","EVSE","V2G WeldingDetectionRes",""
"2024-02-27T13:26:59.898Z","CAR","V2G WeldingDetectionReq",""
"2024-02-27T13:26:59.991Z","EVSE","V2G WeldingDetectionRes",""
"2024-02-27T13:27:00.272Z","CAR","V2G WeldingDetectionReq",""
"2024-02-27T13:27:00.397Z","EVSE","V2G WeldingDetectionRes",""
"2024-02-27T13:27:00.480Z","EVSE","Change HLC Limits: 4140W/18.332367A, target_voltage 389.3, actual_voltage 225.83008, hack_bpt false",""
"2024-02-27T13:27:00.616Z","CAR","V2G WeldingDetectionReq",""
"2024-02-27T13:27:00.719Z","EVSE","V2G WeldingDetectionRes",""
"2024-02-27T13:27:00.979Z","CAR","V2G WeldingDetectionReq",""
"2024-02-27T13:27:01.082Z","EVSE","V2G WeldingDetectionRes",""
"2024-02-27T13:27:01.143Z","CAR","V2G SessionStopReq",""
"2024-02-27T13:27:01.248Z","EVSE","V2G SessionStopRes",""
"2024-02-27T13:27:01.849Z","EVSE","Change HLC Limits: 4140W/25A, target_voltage 389.3, actual_voltage 123.90137, hack_bpt false",""
"2024-02-27T13:27:03.300Z","EVSE","Change HLC Limits: 4140W/25A, target_voltage 389.3, actual_voltage 72.631836, hack_bpt false",""
"2024-02-27T13:27:04.722Z","EVSE","Change HLC Limits: 4140W/25A, target_voltage 389.3, actual_voltage 43.33496, hack_bpt false",""
"2024-02-27T13:27:05.832Z","CAR","Event CarRequestedStopPower",""
"2024-02-27T13:27:06.135Z","EVSE","D-LINK_READY (false)",""
"2024-02-27T13:27:06.137Z","EVSE","Change HLC Limits: 4140W/25A, target_voltage 389.3, actual_voltage 26.245117, hack_bpt false",""
"2024-02-27T13:27:06.148Z","CAR","Event CarUnplugged",""
"2024-02-27T13:27:06.149Z","EVSE","Charger state: StoppingCharging->Finished",""
"2024-02-27T13:27:06.251Z","EVSE","D-LINK_TERMINATE.req",""
"2024-02-27T13:27:06.358Z","EVSE","SLAC UNMATCHED",""
"2024-02-27T13:27:06.359Z","EVSE","Session Finished",""
"2024-02-27T13:27:06.359Z","SYS","Session logging stopped.",""
