"2023-04-07T13:01:58.696Z","SYS","Session logging started.",""
"2023-04-07T13:01:58.696Z","EVSE","Session Started: EVConnected",""
"2023-04-07T13:01:59.698Z","EVSE","Set PWM On (5.000000074505806%)",""
"2023-04-07T13:02:00.016Z","EVSE","Change HLC Limits: 10000W/25A, target_voltage 0, hack_bpt false",""
"2023-04-07T13:02:00.141Z","EVSE","SLAC MATCHING",""
"2023-04-07T13:02:00.167Z","EVSE","EIM Authorization received",""
"2023-04-07T13:02:00.168Z","EVSE","Transaction Started (545.665 kWh)",""
"2023-04-07T13:02:00.169Z","EVSE","DC mode. We are in 5percent mode so we can continue without further action.",""
"2023-04-07T13:02:00.221Z","EVSE","Charger state: Wait for Auth->PrepareCharging",""
"2023-04-07T13:02:00.359Z","EVSE","Set PWM On (5.000000074505806%)",""
"2023-04-07T13:02:01.600Z","EVSE","SLAC MATCHED",""
"2023-04-07T13:02:06.210Z","CAR","V2G SupportedAppProtocolReq",""
"2023-04-07T13:02:06.220Z","EVSE","V2G SupportedAppProtocolRes",""
"2023-04-07T13:02:06.292Z","CAR","V2G SessionSetupReq",""
"2023-04-07T13:02:06.364Z","EVSE","V2G SessionSetupRes",""
"2023-04-07T13:02:06.716Z","CAR","V2G ServiceDiscoveryReq",""
"2023-04-07T13:02:06.812Z","EVSE","V2G ServiceDiscoveryRes",""
"2023-04-07T13:02:07.078Z","CAR","V2G PaymentServiceSelectionReq",""
"2023-04-07T13:02:07.150Z","EVSE","V2G PaymentServiceSelectionRes",""
"2023-04-07T13:02:07.540Z","CAR","V2G AuthorizationReq",""
"2023-04-07T13:02:07.559Z","EVSE","V2G AuthorizationRes",""
"2023-04-07T13:02:07.631Z","CAR","V2G AuthorizationReq",""
"2023-04-07T13:02:07.722Z","EVSE","V2G AuthorizationRes",""
"2023-04-07T13:02:07.991Z","CAR","V2G ChargeParameterDiscoveryReq",""
"2023-04-07T13:02:08.126Z","EVSE","V2G ChargeParameterDiscoveryRes",""
"2023-04-07T13:02:09.026Z","EVSE","Start cable check...",""
"2023-04-07T13:02:09.027Z","EVSE","DC power supply set: 500V/2A, requested was 500V/2A.",""
"2023-04-07T13:02:09.057Z","CAR","V2G CableCheckReq",""
"2023-04-07T13:02:09.161Z","EVSE","V2G CableCheckRes",""
"2023-04-07T13:02:09.223Z","EVSE","DC power supply: switch ON called",""
"2023-04-07T13:02:09.399Z","CAR","V2G CableCheckReq",""
"2023-04-07T13:02:09.482Z","EVSE","V2G CableCheckRes",""
"2023-04-07T13:02:09.728Z","CAR","V2G CableCheckReq",""
"2023-04-07T13:02:09.822Z","EVSE","V2G CableCheckRes",""
"2023-04-07T13:02:10.080Z","CAR","V2G CableCheckReq",""
"2023-04-07T13:02:10.183Z","EVSE","V2G CableCheckRes",""
"2023-04-07T13:02:10.345Z","CAR","Event CarRequestedPower",""
"2023-04-07T13:02:10.442Z","CAR","V2G CableCheckReq",""
"2023-04-07T13:02:10.545Z","EVSE","V2G CableCheckRes",""
"2023-04-07T13:02:10.648Z","EVSE","Isolation measurement P 910000 N 900000.",""
"2023-04-07T13:02:10.793Z","CAR","V2G CableCheckReq",""
"2023-04-07T13:02:10.896Z","EVSE","V2G CableCheckRes",""
"2023-04-07T13:02:11.131Z","CAR","V2G CableCheckReq",""
"2023-04-07T13:02:11.223Z","EVSE","V2G CableCheckRes",""
"2023-04-07T13:02:11.479Z","CAR","V2G CableCheckReq",""
"2023-04-07T13:02:11.581Z","EVSE","V2G CableCheckRes",""
"2023-04-07T13:02:11.694Z","EVSE","Isolation measurement P 910000 N 900000.",""
"2023-04-07T13:02:11.694Z","EVSE","DC power supply set: 500V/2A, requested was 500V/2A.",""
"2023-04-07T13:02:11.842Z","CAR","V2G CableCheckReq",""
"2023-04-07T13:02:11.935Z","EVSE","V2G CableCheckRes",""
"2023-04-07T13:02:12.037Z","EVSE","Isolation measurement Ok P 910000 N 900000.",""
"2023-04-07T13:02:12.204Z","CAR","V2G CableCheckReq",""
"2023-04-07T13:02:12.276Z","EVSE","V2G CableCheckRes",""
"2023-04-07T13:02:12.532Z","CAR","V2G CableCheckReq",""
"2023-04-07T13:02:12.624Z","EVSE","V2G CableCheckRes",""
"2023-04-07T13:02:12.902Z","CAR","V2G CableCheckReq",""
"2023-04-07T13:02:13.016Z","EVSE","V2G CableCheckRes",""
"2023-04-07T13:02:13.264Z","CAR","V2G CableCheckReq",""
"2023-04-07T13:02:13.325Z","EVSE","V2G CableCheckRes",""
"2023-04-07T13:02:13.580Z","CAR","V2G CableCheckReq",""
"2023-04-07T13:02:13.672Z","EVSE","V2G CableCheckRes",""
"2023-04-07T13:02:13.950Z","CAR","V2G CableCheckReq",""
"2023-04-07T13:02:14.031Z","EVSE","V2G CableCheckRes",""
"2023-04-07T13:02:14.278Z","CAR","V2G CableCheckReq",""
"2023-04-07T13:02:14.391Z","EVSE","V2G CableCheckRes",""
"2023-04-07T13:02:14.637Z","CAR","V2G CableCheckReq",""
"2023-04-07T13:02:14.729Z","EVSE","V2G CableCheckRes",""
"2023-04-07T13:02:14.977Z","CAR","V2G CableCheckReq",""
"2023-04-07T13:02:15.069Z","EVSE","V2G CableCheckRes",""
"2023-04-07T13:02:15.325Z","CAR","V2G CableCheckReq",""
"2023-04-07T13:02:15.463Z","EVSE","V2G CableCheckRes",""
"2023-04-07T13:02:15.723Z","CAR","V2G CableCheckReq",""
"2023-04-07T13:02:15.798Z","EVSE","V2G CableCheckRes",""
"2023-04-07T13:02:16.034Z","CAR","V2G CableCheckReq",""
"2023-04-07T13:02:16.126Z","EVSE","V2G CableCheckRes",""
"2023-04-07T13:02:16.381Z","CAR","V2G CableCheckReq",""
"2023-04-07T13:02:16.483Z","EVSE","V2G CableCheckRes",""
"2023-04-07T13:02:16.742Z","CAR","V2G CableCheckReq",""
"2023-04-07T13:02:16.879Z","EVSE","V2G CableCheckRes",""
"2023-04-07T13:02:17.128Z","CAR","V2G CableCheckReq",""
"2023-04-07T13:02:17.170Z","EVSE","V2G CableCheckRes",""
"2023-04-07T13:02:17.425Z","CAR","V2G CableCheckReq",""
"2023-04-07T13:02:17.528Z","EVSE","V2G CableCheckRes",""
"2023-04-07T13:02:17.786Z","CAR","V2G CableCheckReq",""
"2023-04-07T13:02:17.919Z","EVSE","V2G CableCheckRes",""
"2023-04-07T13:02:18.156Z","CAR","V2G CableCheckReq",""
"2023-04-07T13:02:18.259Z","EVSE","V2G CableCheckRes",""
"2023-04-07T13:02:18.474Z","CAR","V2G CableCheckReq",""
"2023-04-07T13:02:18.577Z","EVSE","V2G CableCheckRes",""
"2023-04-07T13:02:18.874Z","CAR","V2G CableCheckReq",""
"2023-04-07T13:02:18.925Z","EVSE","V2G CableCheckRes",""
"2023-04-07T13:02:19.181Z","CAR","V2G CableCheckReq",""
"2023-04-07T13:02:19.308Z","EVSE","V2G CableCheckRes",""
"2023-04-07T13:02:19.532Z","CAR","V2G CableCheckReq",""
"2023-04-07T13:02:19.666Z","EVSE","V2G CableCheckRes",""
"2023-04-07T13:02:19.922Z","CAR","V2G CableCheckReq",""
"2023-04-07T13:02:19.984Z","EVSE","V2G CableCheckRes",""
"2023-04-07T13:02:20.229Z","CAR","V2G CableCheckReq",""
"2023-04-07T13:02:20.322Z","EVSE","V2G CableCheckRes",""
"2023-04-07T13:02:20.590Z","CAR","V2G CableCheckReq",""
"2023-04-07T13:02:20.714Z","EVSE","V2G CableCheckRes",""
"2023-04-07T13:02:20.942Z","CAR","V2G CableCheckReq",""
"2023-04-07T13:02:21.034Z","EVSE","V2G CableCheckRes",""
"2023-04-07T13:02:21.290Z","CAR","V2G CableCheckReq",""
"2023-04-07T13:02:21.371Z","EVSE","V2G CableCheckRes",""
"2023-04-07T13:02:21.672Z","CAR","V2G CableCheckReq",""
"2023-04-07T13:02:21.786Z","EVSE","V2G CableCheckRes",""
"2023-04-07T13:02:22.011Z","CAR","V2G CableCheckReq",""
"2023-04-07T13:02:22.074Z","EVSE","V2G CableCheckRes",""
"2023-04-07T13:02:22.344Z","CAR","V2G CableCheckReq",""
"2023-04-07T13:02:22.427Z","EVSE","V2G CableCheckRes",""
"2023-04-07T13:02:22.684Z","CAR","V2G CableCheckReq",""
"2023-04-07T13:02:22.777Z","EVSE","V2G CableCheckRes",""
"2023-04-07T13:02:23.033Z","CAR","V2G CableCheckReq",""
"2023-04-07T13:02:23.128Z","EVSE","V2G CableCheckRes",""
"2023-04-07T13:02:23.375Z","CAR","V2G CableCheckReq",""
"2023-04-07T13:02:23.511Z","EVSE","V2G CableCheckRes",""
"2023-04-07T13:02:23.749Z","CAR","V2G CableCheckReq",""
"2023-04-07T13:02:23.831Z","EVSE","V2G CableCheckRes",""
"2023-04-07T13:02:24.077Z","CAR","V2G CableCheckReq",""
"2023-04-07T13:02:24.169Z","EVSE","V2G CableCheckRes",""
"2023-04-07T13:02:24.468Z","CAR","V2G CableCheckReq",""
"2023-04-07T13:02:24.551Z","EVSE","V2G CableCheckRes",""
"2023-04-07T13:02:24.820Z","CAR","V2G CableCheckReq",""
"2023-04-07T13:02:24.893Z","EVSE","V2G CableCheckRes",""
"2023-04-07T13:02:25.130Z","CAR","V2G CableCheckReq",""
"2023-04-07T13:02:25.222Z","EVSE","V2G CableCheckRes",""
"2023-04-07T13:02:25.479Z","CAR","V2G CableCheckReq",""
"2023-04-07T13:02:25.593Z","EVSE","V2G CableCheckRes",""
"2023-04-07T13:02:25.871Z","CAR","V2G CableCheckReq",""
"2023-04-07T13:02:25.943Z","EVSE","V2G CableCheckRes",""
"2023-04-07T13:02:26.202Z","CAR","V2G CableCheckReq",""
"2023-04-07T13:02:26.275Z","EVSE","V2G CableCheckRes",""
"2023-04-07T13:02:26.531Z","CAR","V2G CableCheckReq",""
"2023-04-07T13:02:26.658Z","EVSE","V2G CableCheckRes",""
"2023-04-07T13:02:26.873Z","CAR","V2G CableCheckReq",""
"2023-04-07T13:02:26.986Z","EVSE","V2G CableCheckRes",""
"2023-04-07T13:02:27.259Z","CAR","V2G CableCheckReq",""
"2023-04-07T13:02:27.323Z","EVSE","V2G CableCheckRes",""
"2023-04-07T13:02:27.592Z","CAR","V2G CableCheckReq",""
"2023-04-07T13:02:27.715Z","EVSE","V2G CableCheckRes",""
"2023-04-07T13:02:27.961Z","CAR","V2G CableCheckReq",""
"2023-04-07T13:02:28.033Z","EVSE","V2G CableCheckRes",""
"2023-04-07T13:02:28.279Z","CAR","V2G CableCheckReq",""
"2023-04-07T13:02:28.392Z","EVSE","V2G CableCheckRes",""
"2023-04-07T13:02:28.659Z","CAR","V2G CableCheckReq",""
"2023-04-07T13:02:28.731Z","EVSE","V2G CableCheckRes",""
"2023-04-07T13:02:28.980Z","CAR","V2G CableCheckReq",""
"2023-04-07T13:02:29.073Z","EVSE","V2G CableCheckRes",""
"2023-04-07T13:02:29.330Z","CAR","V2G CableCheckReq",""
"2023-04-07T13:02:29.434Z","EVSE","V2G CableCheckRes",""
"2023-04-07T13:02:29.698Z","CAR","V2G CableCheckReq",""
"2023-04-07T13:02:29.790Z","EVSE","V2G CableCheckRes",""
"2023-04-07T13:02:30.071Z","CAR","V2G CableCheckReq",""
"2023-04-07T13:02:30.186Z","EVSE","V2G CableCheckRes",""
"2023-04-07T13:02:30.381Z","CAR","V2G CableCheckReq",""
"2023-04-07T13:02:30.473Z","EVSE","V2G CableCheckRes",""
"2023-04-07T13:02:30.763Z","CAR","V2G CableCheckReq",""
"2023-04-07T13:02:30.835Z","EVSE","V2G CableCheckRes",""
"2023-04-07T13:02:31.125Z","CAR","V2G CableCheckReq",""
"2023-04-07T13:02:31.186Z","EVSE","V2G CableCheckRes",""
"2023-04-07T13:02:31.446Z","CAR","V2G CableCheckReq",""
"2023-04-07T13:02:31.528Z","EVSE","V2G CableCheckRes",""
"2023-04-07T13:02:31.787Z","CAR","V2G CableCheckReq",""
"2023-04-07T13:02:31.880Z","EVSE","V2G CableCheckRes",""
"2023-04-07T13:02:32.127Z","CAR","V2G CableCheckReq",""
"2023-04-07T13:02:32.230Z","EVSE","V2G CableCheckRes",""
"2023-04-07T13:02:32.554Z","CAR","V2G CableCheckReq",""
"2023-04-07T13:02:32.585Z","EVSE","V2G CableCheckRes",""
"2023-04-07T13:02:32.833Z","EVSE","DC power supply set: 652.0999755859375V/1A, requested was 652.0999755859375V/1A.",""
"2023-04-07T13:02:33.114Z","CAR","V2G PreChargeReq",""
"2023-04-07T13:02:33.117Z","EVSE","V2G PreChargeRes",""
"2023-04-07T13:02:33.195Z","CAR","V2G PreChargeReq",""
"2023-04-07T13:02:33.277Z","EVSE","V2G PreChargeRes",""
"2023-04-07T13:02:33.555Z","CAR","V2G PreChargeReq",""
"2023-04-07T13:02:33.628Z","EVSE","V2G PreChargeRes",""
"2023-04-07T13:02:33.889Z","CAR","V2G PreChargeReq",""
"2023-04-07T13:02:33.993Z","EVSE","Change HLC Limits: 10000W/15.335072A, target_voltage 652.1, hack_bpt false",""
"2023-04-07T13:02:34.014Z","EVSE","V2G PreChargeRes",""
"2023-04-07T13:02:34.234Z","CAR","V2G PreChargeReq",""
"2023-04-07T13:02:34.327Z","EVSE","V2G PreChargeRes",""
"2023-04-07T13:02:34.585Z","CAR","V2G PreChargeReq",""
"2023-04-07T13:02:34.678Z","EVSE","V2G PreChargeRes",""
"2023-04-07T13:02:34.967Z","EVSE","DC power supply set: 652V/1A, requested was 652V/1A.",""
"2023-04-07T13:02:35.314Z","CAR","V2G PreChargeReq",""
"2023-04-07T13:02:35.317Z","EVSE","V2G PreChargeRes",""
"2023-04-07T13:02:35.320Z","EVSE","DC power supply set: 652.0999755859375V/1A, requested was 652.0999755859375V/1A.",""
"2023-04-07T13:02:35.661Z","CAR","V2G PreChargeReq",""
"2023-04-07T13:02:35.664Z","EVSE","V2G PreChargeRes",""
"2023-04-07T13:02:35.667Z","CAR","V2G PreChargeReq",""
"2023-04-07T13:02:35.731Z","EVSE","V2G PreChargeRes",""
"2023-04-07T13:02:36.020Z","CAR","V2G PowerDeliveryReq",""
"2023-04-07T13:02:36.073Z","EVSE","V2G PowerDeliveryRes",""
"2023-04-07T13:02:36.340Z","EVSE","Charger state: PrepareCharging->Charging",""
"2023-04-07T13:02:36.367Z","EVSE","DC power supply set: 774V/0.20000000298023224A, requested was 774V/0.20000000298023224A.",""
"2023-04-07T13:02:36.722Z","CAR","V2G CurrentDemandReq",""
"2023-04-07T13:02:36.725Z","EVSE","V2G CurrentDemandRes",""
"2023-04-07T13:02:36.728Z","EVSE","DC power supply set: 774V/0.4000000059604645A, requested was 774V/0.4000000059604645A.",""
"2023-04-07T13:02:36.830Z","EVSE","Change HLC Limits: 10000W/12.919897A, target_voltage 774, hack_bpt false",""
"2023-04-07T13:02:37.042Z","CAR","V2G CurrentDemandReq",""
"2023-04-07T13:02:37.044Z","EVSE","V2G CurrentDemandRes",""
"2023-04-07T13:02:37.047Z","EVSE","DC power supply set: 774V/1A, requested was 774V/1A.",""
"2023-04-07T13:02:37.333Z","CAR","V2G CurrentDemandReq",""
"2023-04-07T13:02:37.337Z","EVSE","V2G CurrentDemandRes",""
"2023-04-07T13:02:37.339Z","EVSE","DC power supply set: 774V/1.899999976158142A, requested was 774V/1.899999976158142A.",""
"2023-04-07T13:02:37.703Z","CAR","V2G CurrentDemandReq",""
"2023-04-07T13:02:37.708Z","EVSE","V2G CurrentDemandRes",""
"2023-04-07T13:02:37.710Z","EVSE","DC power supply set: 774V/3A, requested was 774V/3A.",""
"2023-04-07T13:02:38.090Z","CAR","V2G CurrentDemandReq",""
"2023-04-07T13:02:38.093Z","EVSE","V2G CurrentDemandRes",""
"2023-04-07T13:02:38.095Z","EVSE","DC power supply set: 774V/4.300000190734863A, requested was 774V/4.300000190734863A.",""
"2023-04-07T13:02:38.197Z","CAR","V2G CurrentDemandReq",""
"2023-04-07T13:02:38.199Z","EVSE","V2G CurrentDemandRes",""
"2023-04-07T13:02:38.201Z","EVSE","DC power supply set: 774V/5A, requested was 774V/5A.",""
"2023-04-07T13:02:38.324Z","CAR","V2G CurrentDemandReq",""
"2023-04-07T13:02:38.328Z","EVSE","V2G CurrentDemandRes",""
"2023-04-07T13:02:38.330Z","EVSE","DC power supply set: 774V/6.699999809265137A, requested was 774V/6.699999809265137A.",""
"2023-04-07T13:02:38.512Z","CAR","V2G CurrentDemandReq",""
"2023-04-07T13:02:38.515Z","EVSE","V2G CurrentDemandRes",""
"2023-04-07T13:02:38.517Z","EVSE","DC power supply set: 774V/8.699999809265137A, requested was 774V/8.699999809265137A.",""
"2023-04-07T13:02:38.616Z","CAR","V2G CurrentDemandReq",""
"2023-04-07T13:02:38.618Z","EVSE","V2G CurrentDemandRes",""
"2023-04-07T13:02:38.620Z","EVSE","DC power supply set: 774V/10.699999809265137A, requested was 774V/10.699999809265137A.",""
"2023-04-07T13:02:38.762Z","CAR","V2G CurrentDemandReq",""
"2023-04-07T13:02:38.766Z","EVSE","V2G CurrentDemandRes",""
"2023-04-07T13:02:38.769Z","EVSE","DC power supply set: 774V/12A, requested was 774V/12A.",""
"2023-04-07T13:02:38.901Z","CAR","V2G CurrentDemandReq",""
"2023-04-07T13:02:38.904Z","EVSE","V2G CurrentDemandRes",""
"2023-04-07T13:02:38.906Z","CAR","V2G CurrentDemandReq",""
"2023-04-07T13:02:38.908Z","EVSE","V2G CurrentDemandRes",""
"2023-04-07T13:02:38.911Z","CAR","V2G CurrentDemandReq",""
"2023-04-07T13:02:38.913Z","EVSE","V2G CurrentDemandRes",""
"2023-04-07T13:02:38.915Z","CAR","V2G CurrentDemandReq",""
"2023-04-07T13:02:38.917Z","EVSE","V2G CurrentDemandRes",""
"2023-04-07T13:02:38.921Z","CAR","V2G CurrentDemandReq",""
"2023-04-07T13:02:38.992Z","EVSE","V2G CurrentDemandRes",""
"2023-04-07T13:02:39.033Z","CAR","V2G CurrentDemandReq",""
"2023-04-07T13:02:39.147Z","EVSE","V2G CurrentDemandRes",""
"2023-04-07T13:02:39.251Z","CAR","V2G CurrentDemandReq",""
"2023-04-07T13:02:39.314Z","EVSE","V2G CurrentDemandRes",""
"2023-04-07T13:02:39.397Z","CAR","V2G CurrentDemandReq",""
"2023-04-07T13:02:39.533Z","EVSE","V2G CurrentDemandRes",""
"2023-04-07T13:02:39.586Z","CAR","V2G CurrentDemandReq",""
"2023-04-07T13:02:39.670Z","EVSE","V2G CurrentDemandRes",""
"2023-04-07T13:02:39.752Z","CAR","V2G CurrentDemandReq",""
"2023-04-07T13:02:39.846Z","EVSE","V2G CurrentDemandRes",""
"2023-04-07T13:02:39.930Z","CAR","V2G CurrentDemandReq",""
"2023-04-07T13:02:40.024Z","EVSE","V2G CurrentDemandRes",""
"2023-04-07T13:02:40.118Z","CAR","V2G CurrentDemandReq",""
"2023-04-07T13:02:40.242Z","EVSE","V2G CurrentDemandRes",""
"2023-04-07T13:02:40.294Z","CAR","V2G CurrentDemandReq",""
"2023-04-07T13:02:40.387Z","EVSE","V2G CurrentDemandRes",""
"2023-04-07T13:02:40.469Z","CAR","V2G CurrentDemandReq",""
"2023-04-07T13:02:40.572Z","EVSE","V2G CurrentDemandRes",""
"2023-04-07T13:02:40.655Z","CAR","V2G CurrentDemandReq",""
"2023-04-07T13:02:40.748Z","EVSE","V2G CurrentDemandRes",""
"2023-04-07T13:02:40.873Z","CAR","V2G CurrentDemandReq",""
"2023-04-07T13:02:40.967Z","EVSE","V2G CurrentDemandRes",""
"2023-04-07T13:02:41.009Z","CAR","V2G CurrentDemandReq",""
"2023-04-07T13:02:41.122Z","EVSE","V2G CurrentDemandRes",""
"2023-04-07T13:02:41.184Z","CAR","V2G CurrentDemandReq",""
"2023-04-07T13:02:41.298Z","EVSE","V2G CurrentDemandRes",""
"2023-04-07T13:02:41.416Z","CAR","V2G CurrentDemandReq",""
"2023-04-07T13:02:41.509Z","EVSE","V2G CurrentDemandRes",""
"2023-04-07T13:02:41.550Z","CAR","V2G CurrentDemandReq",""
"2023-04-07T13:02:41.643Z","EVSE","V2G CurrentDemandRes",""
"2023-04-07T13:02:41.726Z","CAR","V2G CurrentDemandReq",""
"2023-04-07T13:02:41.831Z","EVSE","V2G CurrentDemandRes",""
"2023-04-07T13:02:41.936Z","CAR","V2G CurrentDemandReq",""
"2023-04-07T13:02:42.050Z","EVSE","V2G CurrentDemandRes",""
"2023-04-07T13:02:42.103Z","CAR","V2G CurrentDemandReq",""
"2023-04-07T13:02:42.187Z","EVSE","V2G CurrentDemandRes",""
"2023-04-07T13:02:42.316Z","CAR","V2G CurrentDemandReq",""
"2023-04-07T13:02:42.377Z","EVSE","V2G CurrentDemandRes",""
"2023-04-07T13:02:42.450Z","CAR","V2G CurrentDemandReq",""
"2023-04-07T13:02:42.585Z","EVSE","V2G CurrentDemandRes",""
"2023-04-07T13:02:42.691Z","CAR","V2G CurrentDemandReq",""
"2023-04-07T13:02:42.731Z","EVSE","V2G CurrentDemandRes",""
"2023-04-07T13:02:42.813Z","CAR","V2G CurrentDemandReq",""
"2023-04-07T13:02:42.916Z","EVSE","V2G CurrentDemandRes",""
"2023-04-07T13:02:42.998Z","CAR","V2G CurrentDemandReq",""
"2023-04-07T13:02:43.113Z","EVSE","V2G CurrentDemandRes",""
"2023-04-07T13:02:43.164Z","CAR","V2G CurrentDemandReq",""
"2023-04-07T13:02:43.267Z","EVSE","V2G CurrentDemandRes",""
"2023-04-07T13:02:43.350Z","CAR","V2G CurrentDemandReq",""
"2023-04-07T13:02:43.444Z","EVSE","V2G CurrentDemandRes",""
"2023-04-07T13:02:43.539Z","CAR","V2G CurrentDemandReq",""
"2023-04-07T13:02:43.664Z","EVSE","V2G CurrentDemandRes",""
"2023-04-07T13:02:43.707Z","CAR","V2G CurrentDemandReq",""
"2023-04-07T13:02:43.833Z","EVSE","V2G CurrentDemandRes",""
"2023-04-07T13:02:43.895Z","CAR","V2G CurrentDemandReq",""
"2023-04-07T13:02:43.988Z","EVSE","V2G CurrentDemandRes",""
"2023-04-07T13:02:44.103Z","CAR","V2G CurrentDemandReq",""
"2023-04-07T13:02:44.176Z","EVSE","V2G CurrentDemandRes",""
"2023-04-07T13:02:44.258Z","CAR","V2G CurrentDemandReq",""
"2023-04-07T13:02:44.351Z","EVSE","V2G CurrentDemandRes",""
"2023-04-07T13:02:44.423Z","CAR","V2G CurrentDemandReq",""
"2023-04-07T13:02:44.559Z","EVSE","V2G CurrentDemandRes",""
"2023-04-07T13:02:44.643Z","CAR","V2G CurrentDemandReq",""
"2023-04-07T13:02:44.706Z","EVSE","V2G CurrentDemandRes",""
"2023-04-07T13:02:44.788Z","CAR","V2G CurrentDemandReq",""
"2023-04-07T13:02:44.917Z","EVSE","V2G CurrentDemandRes",""
"2023-04-07T13:02:45.002Z","CAR","V2G CurrentDemandReq",""
"2023-04-07T13:02:45.075Z","EVSE","V2G CurrentDemandRes",""
"2023-04-07T13:02:45.192Z","CAR","V2G CurrentDemandReq",""
"2023-04-07T13:02:45.286Z","EVSE","V2G CurrentDemandRes",""
"2023-04-07T13:02:45.329Z","CAR","V2G CurrentDemandReq",""
"2023-04-07T13:02:45.422Z","EVSE","V2G CurrentDemandRes",""
"2023-04-07T13:02:45.504Z","CAR","V2G CurrentDemandReq",""
"2023-04-07T13:02:45.607Z","EVSE","V2G CurrentDemandRes",""
"2023-04-07T13:02:45.690Z","CAR","V2G CurrentDemandReq",""
"2023-04-07T13:02:45.783Z","EVSE","V2G CurrentDemandRes",""
"2023-04-07T13:02:45.876Z","CAR","V2G CurrentDemandReq",""
"2023-04-07T13:02:45.969Z","EVSE","V2G CurrentDemandRes",""
"2023-04-07T13:02:46.064Z","CAR","V2G CurrentDemandReq",""
"2023-04-07T13:02:46.149Z","EVSE","V2G CurrentDemandRes",""
"2023-04-07T13:02:46.266Z","CAR","V2G CurrentDemandReq",""
"2023-04-07T13:02:46.352Z","EVSE","V2G CurrentDemandRes",""
"2023-04-07T13:02:46.424Z","CAR","V2G CurrentDemandReq",""
"2023-04-07T13:02:46.507Z","EVSE","V2G CurrentDemandRes",""
"2023-04-07T13:02:46.590Z","CAR","V2G CurrentDemandReq",""
"2023-04-07T13:02:46.693Z","EVSE","V2G CurrentDemandRes",""
"2023-04-07T13:02:46.776Z","CAR","V2G CurrentDemandReq",""
"2023-04-07T13:02:46.859Z","EVSE","V2G CurrentDemandRes",""
"2023-04-07T13:02:46.952Z","CAR","V2G CurrentDemandReq",""
"2023-04-07T13:02:47.046Z","EVSE","V2G CurrentDemandRes",""
"2023-04-07T13:02:47.172Z","CAR","V2G CurrentDemandReq",""
"2023-04-07T13:02:47.246Z","EVSE","V2G CurrentDemandRes",""
"2023-04-07T13:02:47.318Z","CAR","V2G CurrentDemandReq",""
"2023-04-07T13:02:47.411Z","EVSE","V2G CurrentDemandRes",""
"2023-04-07T13:02:47.495Z","CAR","V2G CurrentDemandReq",""
"2023-04-07T13:02:47.611Z","EVSE","V2G CurrentDemandRes",""
"2023-04-07T13:02:47.673Z","CAR","V2G CurrentDemandReq",""
"2023-04-07T13:02:47.766Z","EVSE","V2G CurrentDemandRes",""
"2023-04-07T13:02:47.848Z","CAR","V2G CurrentDemandReq",""
"2023-04-07T13:02:47.952Z","EVSE","V2G CurrentDemandRes",""
"2023-04-07T13:02:48.034Z","CAR","V2G CurrentDemandReq",""
"2023-04-07T13:02:48.138Z","EVSE","V2G CurrentDemandRes",""
"2023-04-07T13:02:48.211Z","CAR","V2G CurrentDemandReq",""
"2023-04-07T13:02:48.314Z","EVSE","V2G CurrentDemandRes",""
"2023-04-07T13:02:48.387Z","CAR","V2G CurrentDemandReq",""
"2023-04-07T13:02:48.481Z","EVSE","V2G CurrentDemandRes",""
"2023-04-07T13:02:48.564Z","CAR","V2G CurrentDemandReq",""
"2023-04-07T13:02:48.678Z","EVSE","V2G CurrentDemandRes",""
"2023-04-07T13:02:48.746Z","CAR","V2G CurrentDemandReq",""
"2023-04-07T13:02:48.883Z","EVSE","V2G CurrentDemandRes",""
"2023-04-07T13:02:48.947Z","CAR","V2G CurrentDemandReq",""
"2023-04-07T13:02:49.030Z","EVSE","V2G CurrentDemandRes",""
"2023-04-07T13:02:49.145Z","CAR","V2G CurrentDemandReq",""
"2023-04-07T13:02:49.207Z","EVSE","V2G CurrentDemandRes",""
"2023-04-07T13:02:49.290Z","CAR","V2G CurrentDemandReq",""
"2023-04-07T13:02:49.394Z","EVSE","V2G CurrentDemandRes",""
"2023-04-07T13:02:49.477Z","CAR","V2G CurrentDemandReq",""
"2023-04-07T13:02:49.570Z","EVSE","V2G CurrentDemandRes",""
"2023-04-07T13:02:49.653Z","CAR","V2G CurrentDemandReq",""
"2023-04-07T13:02:49.757Z","EVSE","V2G CurrentDemandRes",""
"2023-04-07T13:02:49.841Z","CAR","V2G CurrentDemandReq",""
"2023-04-07T13:02:49.968Z","EVSE","V2G CurrentDemandRes",""
"2023-04-07T13:02:50.054Z","CAR","V2G CurrentDemandReq",""
"2023-04-07T13:02:50.115Z","EVSE","V2G CurrentDemandRes",""
"2023-04-07T13:02:50.252Z","CAR","V2G CurrentDemandReq",""
"2023-04-07T13:02:50.283Z","EVSE","V2G CurrentDemandRes",""
"2023-04-07T13:02:50.365Z","CAR","V2G CurrentDemandReq",""
"2023-04-07T13:02:50.469Z","EVSE","V2G CurrentDemandRes",""
"2023-04-07T13:02:50.551Z","CAR","V2G CurrentDemandReq",""
"2023-04-07T13:02:50.645Z","EVSE","V2G CurrentDemandRes",""
"2023-04-07T13:02:50.727Z","CAR","V2G CurrentDemandReq",""
"2023-04-07T13:02:50.831Z","EVSE","V2G CurrentDemandRes",""
"2023-04-07T13:02:50.913Z","CAR","V2G CurrentDemandReq",""
"2023-04-07T13:02:51.006Z","EVSE","V2G CurrentDemandRes",""
"2023-04-07T13:02:51.099Z","CAR","V2G CurrentDemandReq",""
"2023-04-07T13:02:51.248Z","EVSE","V2G CurrentDemandRes",""
"2023-04-07T13:02:51.289Z","CAR","V2G CurrentDemandReq",""
"2023-04-07T13:02:51.372Z","EVSE","V2G CurrentDemandRes",""
"2023-04-07T13:02:51.478Z","CAR","V2G CurrentDemandReq",""
"2023-04-07T13:02:51.550Z","EVSE","V2G CurrentDemandRes",""
"2023-04-07T13:02:51.633Z","CAR","V2G CurrentDemandReq",""
"2023-04-07T13:02:51.736Z","EVSE","V2G CurrentDemandRes",""
"2023-04-07T13:02:51.819Z","CAR","V2G CurrentDemandReq",""
"2023-04-07T13:02:51.912Z","EVSE","V2G CurrentDemandRes",""
"2023-04-07T13:02:51.994Z","CAR","V2G CurrentDemandReq",""
"2023-04-07T13:02:52.098Z","EVSE","V2G CurrentDemandRes",""
"2023-04-07T13:02:52.180Z","CAR","V2G CurrentDemandReq",""
"2023-04-07T13:02:52.263Z","EVSE","V2G CurrentDemandRes",""
"2023-04-07T13:02:52.346Z","CAR","V2G CurrentDemandReq",""
"2023-04-07T13:02:52.451Z","EVSE","V2G CurrentDemandRes",""
"2023-04-07T13:02:52.568Z","CAR","V2G CurrentDemandReq",""
"2023-04-07T13:02:52.663Z","EVSE","V2G CurrentDemandRes",""
"2023-04-07T13:02:52.746Z","CAR","V2G CurrentDemandReq",""
"2023-04-07T13:02:52.820Z","EVSE","V2G CurrentDemandRes",""
"2023-04-07T13:02:52.893Z","CAR","V2G CurrentDemandReq",""
"2023-04-07T13:02:52.986Z","EVSE","V2G CurrentDemandRes",""
"2023-04-07T13:02:53.069Z","CAR","V2G CurrentDemandReq",""
"2023-04-07T13:02:53.162Z","EVSE","V2G CurrentDemandRes",""
"2023-04-07T13:02:53.275Z","CAR","V2G CurrentDemandReq",""
"2023-04-07T13:02:53.349Z","EVSE","V2G CurrentDemandRes",""
"2023-04-07T13:02:53.431Z","CAR","V2G CurrentDemandReq",""
"2023-04-07T13:02:53.535Z","EVSE","V2G CurrentDemandRes",""
"2023-04-07T13:02:53.617Z","CAR","V2G CurrentDemandReq",""
"2023-04-07T13:02:53.711Z","EVSE","V2G CurrentDemandRes",""
"2023-04-07T13:02:53.828Z","CAR","V2G CurrentDemandReq",""
"2023-04-07T13:02:53.931Z","EVSE","V2G CurrentDemandRes",""
"2023-04-07T13:02:53.973Z","CAR","V2G CurrentDemandReq",""
"2023-04-07T13:02:54.098Z","EVSE","V2G CurrentDemandRes",""
"2023-04-07T13:02:54.150Z","CAR","V2G CurrentDemandReq",""
"2023-04-07T13:02:54.264Z","EVSE","V2G CurrentDemandRes",""
"2023-04-07T13:02:54.328Z","CAR","V2G CurrentDemandReq",""
"2023-04-07T13:02:54.432Z","EVSE","V2G CurrentDemandRes",""
"2023-04-07T13:02:54.514Z","CAR","V2G CurrentDemandReq",""
"2023-04-07T13:02:54.608Z","EVSE","V2G CurrentDemandRes",""
"2023-04-07T13:02:54.701Z","CAR","V2G CurrentDemandReq",""
"2023-04-07T13:02:54.784Z","EVSE","V2G CurrentDemandRes",""
"2023-04-07T13:02:54.867Z","CAR","V2G CurrentDemandReq",""
"2023-04-07T13:02:54.971Z","EVSE","V2G CurrentDemandRes",""
"2023-04-07T13:02:55.096Z","CAR","V2G CurrentDemandReq",""
"2023-04-07T13:02:55.171Z","EVSE","V2G CurrentDemandRes",""
"2023-04-07T13:02:55.286Z","CAR","V2G CurrentDemandReq",""
"2023-04-07T13:02:55.340Z","EVSE","V2G CurrentDemandRes",""
"2023-04-07T13:02:55.434Z","CAR","V2G CurrentDemandReq",""
"2023-04-07T13:02:55.517Z","EVSE","V2G CurrentDemandRes",""
"2023-04-07T13:02:55.589Z","CAR","V2G CurrentDemandReq",""
"2023-04-07T13:02:55.682Z","EVSE","V2G CurrentDemandRes",""
"2023-04-07T13:02:55.765Z","CAR","V2G CurrentDemandReq",""
"2023-04-07T13:02:55.869Z","EVSE","V2G CurrentDemandRes",""
"2023-04-07T13:02:55.952Z","CAR","V2G CurrentDemandReq",""
"2023-04-07T13:02:56.045Z","EVSE","V2G CurrentDemandRes",""
"2023-04-07T13:02:56.128Z","CAR","V2G CurrentDemandReq",""
"2023-04-07T13:02:56.276Z","EVSE","V2G CurrentDemandRes",""
"2023-04-07T13:02:56.337Z","CAR","V2G CurrentDemandReq",""
"2023-04-07T13:02:56.410Z","EVSE","V2G CurrentDemandRes",""
"2023-04-07T13:02:56.494Z","CAR","V2G CurrentDemandReq",""
"2023-04-07T13:02:56.600Z","EVSE","V2G CurrentDemandRes",""
"2023-04-07T13:02:56.675Z","CAR","V2G CurrentDemandReq",""
"2023-04-07T13:02:56.760Z","EVSE","V2G CurrentDemandRes",""
"2023-04-07T13:02:56.844Z","CAR","V2G CurrentDemandReq",""
"2023-04-07T13:02:56.947Z","EVSE","V2G CurrentDemandRes",""
"2023-04-07T13:02:57.030Z","CAR","V2G CurrentDemandReq",""
"2023-04-07T13:02:57.134Z","EVSE","V2G CurrentDemandRes",""
"2023-04-07T13:02:57.217Z","CAR","V2G CurrentDemandReq",""
"2023-04-07T13:02:57.352Z","EVSE","V2G CurrentDemandRes",""
"2023-04-07T13:02:57.396Z","CAR","V2G CurrentDemandReq",""
"2023-04-07T13:02:57.523Z","EVSE","V2G CurrentDemandRes",""
"2023-04-07T13:02:57.595Z","CAR","V2G CurrentDemandReq",""
"2023-04-07T13:02:57.667Z","EVSE","V2G CurrentDemandRes",""
"2023-04-07T13:02:57.751Z","CAR","V2G CurrentDemandReq",""
"2023-04-07T13:02:57.887Z","EVSE","V2G CurrentDemandRes",""
"2023-04-07T13:02:57.951Z","CAR","V2G CurrentDemandReq",""
"2023-04-07T13:02:58.035Z","EVSE","V2G CurrentDemandRes",""
"2023-04-07T13:02:58.152Z","CAR","V2G CurrentDemandReq",""
"2023-04-07T13:02:58.245Z","EVSE","V2G CurrentDemandRes",""
"2023-04-07T13:02:58.298Z","CAR","V2G CurrentDemandReq",""
"2023-04-07T13:02:58.392Z","EVSE","V2G CurrentDemandRes",""
"2023-04-07T13:02:58.475Z","CAR","V2G CurrentDemandReq",""
"2023-04-07T13:02:58.569Z","EVSE","V2G CurrentDemandRes",""
"2023-04-07T13:02:58.663Z","CAR","V2G CurrentDemandReq",""
"2023-04-07T13:02:58.792Z","EVSE","V2G CurrentDemandRes",""
"2023-04-07T13:02:58.843Z","CAR","V2G CurrentDemandReq",""
"2023-04-07T13:02:58.926Z","EVSE","V2G CurrentDemandRes",""
"2023-04-07T13:02:59.009Z","CAR","V2G CurrentDemandReq",""
"2023-04-07T13:02:59.125Z","EVSE","V2G CurrentDemandRes",""
"2023-04-07T13:02:59.230Z","CAR","V2G CurrentDemandReq",""
"2023-04-07T13:02:59.293Z","EVSE","V2G CurrentDemandRes",""
"2023-04-07T13:02:59.367Z","CAR","V2G CurrentDemandReq",""
"2023-04-07T13:02:59.471Z","EVSE","V2G CurrentDemandRes",""
"2023-04-07T13:02:59.554Z","CAR","V2G CurrentDemandReq",""
"2023-04-07T13:02:59.647Z","EVSE","V2G CurrentDemandRes",""
"2023-04-07T13:02:59.730Z","CAR","V2G CurrentDemandReq",""
"2023-04-07T13:02:59.835Z","EVSE","V2G CurrentDemandRes",""
"2023-04-07T13:02:59.953Z","CAR","V2G CurrentDemandReq",""
"2023-04-07T13:03:00.038Z","EVSE","V2G CurrentDemandRes",""
"2023-04-07T13:03:00.090Z","CAR","V2G CurrentDemandReq",""
"2023-04-07T13:03:00.193Z","EVSE","V2G CurrentDemandRes",""
"2023-04-07T13:03:00.277Z","CAR","V2G CurrentDemandReq",""
"2023-04-07T13:03:00.371Z","EVSE","V2G CurrentDemandRes",""
"2023-04-07T13:03:00.487Z","CAR","V2G CurrentDemandReq",""
"2023-04-07T13:03:00.612Z","EVSE","V2G CurrentDemandRes",""
"2023-04-07T13:03:00.633Z","CAR","V2G CurrentDemandReq",""
"2023-04-07T13:03:00.737Z","EVSE","V2G CurrentDemandRes",""
"2023-04-07T13:03:00.853Z","CAR","V2G CurrentDemandReq",""
"2023-04-07T13:03:00.946Z","EVSE","V2G CurrentDemandRes",""
"2023-04-07T13:03:00.998Z","CAR","V2G CurrentDemandReq",""
"2023-04-07T13:03:01.091Z","EVSE","V2G CurrentDemandRes",""
"2023-04-07T13:03:01.176Z","CAR","V2G CurrentDemandReq",""
"2023-04-07T13:03:01.311Z","EVSE","V2G CurrentDemandRes",""
"2023-04-07T13:03:01.384Z","CAR","V2G CurrentDemandReq",""
"2023-04-07T13:03:01.446Z","EVSE","V2G CurrentDemandRes",""
"2023-04-07T13:03:01.530Z","CAR","V2G CurrentDemandReq",""
"2023-04-07T13:03:01.633Z","EVSE","V2G CurrentDemandRes",""
"2023-04-07T13:03:01.717Z","CAR","V2G CurrentDemandReq",""
"2023-04-07T13:03:01.844Z","EVSE","V2G CurrentDemandRes",""
"2023-04-07T13:03:01.928Z","CAR","V2G CurrentDemandReq",""
"2023-04-07T13:03:01.990Z","EVSE","V2G CurrentDemandRes",""
"2023-04-07T13:03:02.073Z","CAR","V2G CurrentDemandReq",""
"2023-04-07T13:03:02.167Z","EVSE","V2G CurrentDemandRes",""
"2023-04-07T13:03:02.251Z","CAR","V2G CurrentDemandReq",""
"2023-04-07T13:03:02.366Z","EVSE","V2G CurrentDemandRes",""
"2023-04-07T13:03:02.471Z","CAR","V2G CurrentDemandReq",""
"2023-04-07T13:03:02.566Z","EVSE","V2G CurrentDemandRes",""
"2023-04-07T13:03:02.619Z","CAR","V2G CurrentDemandReq",""
"2023-04-07T13:03:02.712Z","EVSE","V2G CurrentDemandRes",""
"2023-04-07T13:03:02.785Z","CAR","V2G CurrentDemandReq",""
"2023-04-07T13:03:02.888Z","EVSE","V2G CurrentDemandRes",""
"2023-04-07T13:03:02.972Z","CAR","V2G CurrentDemandReq",""
"2023-04-07T13:03:03.122Z","EVSE","V2G CurrentDemandRes",""
"2023-04-07T13:03:03.194Z","CAR","V2G CurrentDemandReq",""
"2023-04-07T13:03:03.267Z","EVSE","V2G CurrentDemandRes",""
"2023-04-07T13:03:03.370Z","CAR","V2G CurrentDemandReq",""
"2023-04-07T13:03:03.434Z","EVSE","V2G CurrentDemandRes",""
"2023-04-07T13:03:03.517Z","CAR","V2G CurrentDemandReq",""
"2023-04-07T13:03:03.635Z","EVSE","V2G CurrentDemandRes",""
"2023-04-07T13:03:03.709Z","CAR","V2G CurrentDemandReq",""
"2023-04-07T13:03:03.791Z","EVSE","V2G CurrentDemandRes",""
"2023-04-07T13:03:03.874Z","CAR","V2G CurrentDemandReq",""
"2023-04-07T13:03:03.968Z","EVSE","V2G CurrentDemandRes",""
"2023-04-07T13:03:04.051Z","CAR","V2G CurrentDemandReq",""
"2023-04-07T13:03:04.154Z","EVSE","V2G CurrentDemandRes",""
"2023-04-07T13:03:04.237Z","CAR","V2G CurrentDemandReq",""
"2023-04-07T13:03:04.376Z","EVSE","V2G CurrentDemandRes",""
"2023-04-07T13:03:04.462Z","CAR","V2G CurrentDemandReq",""
"2023-04-07T13:03:04.547Z","EVSE","V2G CurrentDemandRes",""
"2023-04-07T13:03:04.599Z","CAR","V2G CurrentDemandReq",""
"2023-04-07T13:03:04.682Z","EVSE","V2G CurrentDemandRes",""
"2023-04-07T13:03:04.766Z","CAR","V2G CurrentDemandReq",""
"2023-04-07T13:03:04.903Z","EVSE","V2G CurrentDemandRes",""
"2023-04-07T13:03:04.987Z","CAR","V2G CurrentDemandReq",""
"2023-04-07T13:03:05.050Z","EVSE","V2G CurrentDemandRes",""
"2023-04-07T13:03:05.133Z","CAR","V2G CurrentDemandReq",""
"2023-04-07T13:03:05.236Z","EVSE","V2G CurrentDemandRes",""
"2023-04-07T13:03:05.319Z","CAR","V2G CurrentDemandReq",""
"2023-04-07T13:03:05.403Z","EVSE","V2G CurrentDemandRes",""
"2023-04-07T13:03:05.527Z","CAR","V2G CurrentDemandReq",""
"2023-04-07T13:03:05.590Z","EVSE","V2G CurrentDemandRes",""
"2023-04-07T13:03:05.716Z","CAR","V2G CurrentDemandReq",""
"2023-04-07T13:03:05.812Z","EVSE","V2G CurrentDemandRes",""
"2023-04-07T13:03:05.844Z","CAR","V2G CurrentDemandReq",""
"2023-04-07T13:03:05.948Z","EVSE","V2G CurrentDemandRes",""
"2023-04-07T13:03:06.042Z","CAR","V2G CurrentDemandReq",""
"2023-04-07T13:03:06.148Z","EVSE","V2G CurrentDemandRes",""
"2023-04-07T13:03:06.264Z","CAR","V2G CurrentDemandReq",""
"2023-04-07T13:03:06.369Z","EVSE","V2G CurrentDemandRes",""
"2023-04-07T13:03:06.400Z","CAR","V2G CurrentDemandReq",""
"2023-04-07T13:03:06.535Z","EVSE","V2G CurrentDemandRes",""
"2023-04-07T13:03:06.566Z","CAR","V2G CurrentDemandReq",""
"2023-04-07T13:03:06.670Z","EVSE","V2G CurrentDemandRes",""
"2023-04-07T13:03:06.753Z","CAR","V2G CurrentDemandReq",""
"2023-04-07T13:03:06.847Z","EVSE","V2G CurrentDemandRes",""
"2023-04-07T13:03:06.942Z","CAR","V2G CurrentDemandReq",""
"2023-04-07T13:03:07.057Z","EVSE","V2G CurrentDemandRes",""
"2023-04-07T13:03:07.131Z","CAR","V2G CurrentDemandReq",""
"2023-04-07T13:03:07.215Z","EVSE","V2G CurrentDemandRes",""
"2023-04-07T13:03:07.287Z","CAR","V2G CurrentDemandReq",""
"2023-04-07T13:03:07.392Z","EVSE","V2G CurrentDemandRes",""
"2023-04-07T13:03:07.528Z","CAR","V2G CurrentDemandReq",""
"2023-04-07T13:03:07.580Z","EVSE","V2G CurrentDemandRes",""
"2023-04-07T13:03:07.655Z","CAR","V2G CurrentDemandReq",""
"2023-04-07T13:03:07.749Z","EVSE","V2G CurrentDemandRes",""
"2023-04-07T13:03:07.832Z","CAR","V2G CurrentDemandReq",""
"2023-04-07T13:03:07.936Z","EVSE","V2G CurrentDemandRes",""
"2023-04-07T13:03:08.010Z","CAR","V2G CurrentDemandReq",""
"2023-04-07T13:03:08.103Z","EVSE","V2G CurrentDemandRes",""
"2023-04-07T13:03:08.197Z","CAR","V2G CurrentDemandReq",""
"2023-04-07T13:03:08.324Z","EVSE","V2G CurrentDemandRes",""
"2023-04-07T13:03:08.377Z","CAR","V2G CurrentDemandReq",""
"2023-04-07T13:03:08.471Z","EVSE","V2G CurrentDemandRes",""
"2023-04-07T13:03:08.558Z","CAR","V2G CurrentDemandReq",""
"2023-04-07T13:03:08.652Z","EVSE","V2G CurrentDemandRes",""
"2023-04-07T13:03:08.780Z","CAR","V2G CurrentDemandReq",""
"2023-04-07T13:03:08.874Z","EVSE","V2G CurrentDemandRes",""
"2023-04-07T13:03:08.909Z","CAR","V2G CurrentDemandReq",""
"2023-04-07T13:03:09.024Z","EVSE","V2G CurrentDemandRes",""
"2023-04-07T13:03:09.097Z","CAR","V2G CurrentDemandReq",""
"2023-04-07T13:03:09.191Z","EVSE","V2G CurrentDemandRes",""
"2023-04-07T13:03:09.275Z","CAR","V2G CurrentDemandReq",""
"2023-04-07T13:03:09.368Z","EVSE","V2G CurrentDemandRes",""
"2023-04-07T13:03:09.454Z","CAR","V2G CurrentDemandReq",""
"2023-04-07T13:03:09.582Z","EVSE","V2G CurrentDemandRes",""
"2023-04-07T13:03:09.626Z","CAR","V2G CurrentDemandReq",""
"2023-04-07T13:03:09.730Z","EVSE","V2G CurrentDemandRes",""
"2023-04-07T13:03:09.813Z","CAR","V2G CurrentDemandReq",""
"2023-04-07T13:03:09.907Z","EVSE","V2G CurrentDemandRes",""
"2023-04-07T13:03:09.990Z","CAR","V2G CurrentDemandReq",""
"2023-04-07T13:03:10.137Z","EVSE","V2G CurrentDemandRes",""
"2023-04-07T13:03:10.180Z","CAR","V2G CurrentDemandReq",""
"2023-04-07T13:03:10.273Z","EVSE","V2G CurrentDemandRes",""
"2023-04-07T13:03:10.357Z","CAR","V2G CurrentDemandReq",""
"2023-04-07T13:03:10.450Z","EVSE","V2G CurrentDemandRes",""
"2023-04-07T13:03:10.523Z","CAR","V2G CurrentDemandReq",""
"2023-04-07T13:03:10.629Z","EVSE","V2G CurrentDemandRes",""
"2023-04-07T13:03:10.713Z","CAR","V2G CurrentDemandReq",""
"2023-04-07T13:03:10.840Z","EVSE","V2G CurrentDemandRes",""
"2023-04-07T13:03:10.925Z","CAR","V2G CurrentDemandReq",""
"2023-04-07T13:03:11.052Z","EVSE","V2G CurrentDemandRes",""
"2023-04-07T13:03:11.074Z","CAR","V2G CurrentDemandReq",""
"2023-04-07T13:03:11.168Z","EVSE","V2G CurrentDemandRes",""
"2023-04-07T13:03:11.254Z","CAR","V2G CurrentDemandReq",""
"2023-04-07T13:03:11.391Z","EVSE","V2G CurrentDemandRes",""
"2023-04-07T13:03:11.465Z","CAR","V2G CurrentDemandReq",""
"2023-04-07T13:03:11.530Z","EVSE","V2G CurrentDemandRes",""
"2023-04-07T13:03:11.645Z","CAR","V2G CurrentDemandReq",""
"2023-04-07T13:03:11.708Z","EVSE","V2G CurrentDemandRes",""
"2023-04-07T13:03:11.791Z","CAR","V2G CurrentDemandReq",""
"2023-04-07T13:03:11.895Z","EVSE","V2G CurrentDemandRes",""
"2023-04-07T13:03:11.978Z","CAR","V2G CurrentDemandReq",""
"2023-04-07T13:03:12.072Z","EVSE","V2G CurrentDemandRes",""
"2023-04-07T13:03:12.156Z","CAR","V2G CurrentDemandReq",""
"2023-04-07T13:03:12.272Z","EVSE","V2G CurrentDemandRes",""
"2023-04-07T13:03:12.346Z","CAR","V2G CurrentDemandReq",""
"2023-04-07T13:03:12.429Z","EVSE","V2G CurrentDemandRes",""
"2023-04-07T13:03:12.512Z","CAR","V2G CurrentDemandReq",""
"2023-04-07T13:03:12.638Z","EVSE","V2G CurrentDemandRes",""
"2023-04-07T13:03:12.702Z","CAR","V2G CurrentDemandReq",""
"2023-04-07T13:03:12.816Z","EVSE","V2G CurrentDemandRes",""
"2023-04-07T13:03:12.869Z","CAR","V2G CurrentDemandReq",""
"2023-04-07T13:03:12.972Z","EVSE","V2G CurrentDemandRes",""
"2023-04-07T13:03:13.056Z","CAR","V2G CurrentDemandReq",""
"2023-04-07T13:03:13.149Z","EVSE","V2G CurrentDemandRes",""
"2023-04-07T13:03:13.233Z","CAR","V2G CurrentDemandReq",""
"2023-04-07T13:03:13.326Z","EVSE","V2G CurrentDemandRes",""
"2023-04-07T13:03:13.411Z","CAR","V2G CurrentDemandReq",""
"2023-04-07T13:03:13.548Z","EVSE","V2G CurrentDemandRes",""
"2023-04-07T13:03:13.602Z","CAR","V2G CurrentDemandReq",""
"2023-04-07T13:03:13.686Z","EVSE","V2G CurrentDemandRes",""
"2023-04-07T13:03:13.769Z","CAR","V2G CurrentDemandReq",""
"2023-04-07T13:03:13.873Z","EVSE","V2G CurrentDemandRes",""
"2023-04-07T13:03:13.946Z","CAR","V2G CurrentDemandReq",""
"2023-04-07T13:03:14.084Z","EVSE","V2G CurrentDemandRes",""
"2023-04-07T13:03:14.148Z","CAR","V2G CurrentDemandReq",""
"2023-04-07T13:03:14.254Z","EVSE","V2G CurrentDemandRes",""
"2023-04-07T13:03:14.306Z","CAR","V2G CurrentDemandReq",""
"2023-04-07T13:03:14.410Z","EVSE","V2G CurrentDemandRes",""
"2023-04-07T13:03:14.493Z","CAR","V2G CurrentDemandReq",""
"2023-04-07T13:03:14.587Z","EVSE","V2G CurrentDemandRes",""
"2023-04-07T13:03:14.671Z","CAR","V2G CurrentDemandReq",""
"2023-04-07T13:03:14.809Z","EVSE","V2G CurrentDemandRes",""
"2023-04-07T13:03:14.862Z","CAR","V2G CurrentDemandReq",""
"2023-04-07T13:03:14.957Z","EVSE","V2G CurrentDemandRes",""
"2023-04-07T13:03:15.040Z","CAR","V2G CurrentDemandReq",""
"2023-04-07T13:03:15.134Z","EVSE","V2G CurrentDemandRes",""
"2023-04-07T13:03:15.217Z","CAR","V2G CurrentDemandReq",""
"2023-04-07T13:03:15.311Z","EVSE","V2G CurrentDemandRes",""
"2023-04-07T13:03:15.448Z","CAR","V2G CurrentDemandReq",""
"2023-04-07T13:03:15.501Z","EVSE","V2G CurrentDemandRes",""
"2023-04-07T13:03:15.574Z","CAR","V2G CurrentDemandReq",""
"2023-04-07T13:03:15.688Z","EVSE","V2G CurrentDemandRes",""
"2023-04-07T13:03:15.750Z","CAR","V2G CurrentDemandReq",""
"2023-04-07T13:03:15.854Z","EVSE","V2G CurrentDemandRes",""
"2023-04-07T13:03:15.938Z","CAR","V2G CurrentDemandReq",""
"2023-04-07T13:03:16.024Z","EVSE","V2G CurrentDemandRes",""
"2023-04-07T13:03:16.153Z","CAR","V2G CurrentDemandReq",""
"2023-04-07T13:03:16.226Z","EVSE","V2G CurrentDemandRes",""
"2023-04-07T13:03:16.298Z","CAR","V2G CurrentDemandReq",""
"2023-04-07T13:03:16.392Z","EVSE","V2G CurrentDemandRes",""
"2023-04-07T13:03:16.475Z","CAR","V2G CurrentDemandReq",""
"2023-04-07T13:03:16.569Z","EVSE","V2G CurrentDemandRes",""
"2023-04-07T13:03:16.696Z","CAR","V2G CurrentDemandReq",""
"2023-04-07T13:03:16.769Z","EVSE","V2G CurrentDemandRes",""
"2023-04-07T13:03:16.875Z","CAR","V2G CurrentDemandReq",""
"2023-04-07T13:03:16.938Z","EVSE","V2G CurrentDemandRes",""
"2023-04-07T13:03:17.011Z","CAR","V2G CurrentDemandReq",""
"2023-04-07T13:03:17.105Z","EVSE","V2G CurrentDemandRes",""
"2023-04-07T13:03:17.199Z","CAR","V2G CurrentDemandReq",""
"2023-04-07T13:03:17.293Z","EVSE","V2G CurrentDemandRes",""
"2023-04-07T13:03:17.409Z","CAR","V2G CurrentDemandReq",""
"2023-04-07T13:03:17.503Z","EVSE","V2G CurrentDemandRes",""
"2023-04-07T13:03:17.556Z","CAR","V2G CurrentDemandReq",""
"2023-04-07T13:03:17.671Z","EVSE","V2G CurrentDemandRes",""
"2023-04-07T13:03:17.734Z","CAR","V2G CurrentDemandReq",""
"2023-04-07T13:03:17.827Z","EVSE","V2G CurrentDemandRes",""
"2023-04-07T13:03:17.911Z","CAR","V2G CurrentDemandReq",""
"2023-04-07T13:03:18.038Z","EVSE","V2G CurrentDemandRes",""
"2023-04-07T13:03:18.092Z","CAR","V2G CurrentDemandReq",""
"2023-04-07T13:03:18.186Z","EVSE","V2G CurrentDemandRes",""
"2023-04-07T13:03:18.271Z","CAR","V2G CurrentDemandReq",""
"2023-04-07T13:03:18.365Z","EVSE","V2G CurrentDemandRes",""
"2023-04-07T13:03:18.449Z","CAR","V2G CurrentDemandReq",""
"2023-04-07T13:03:18.554Z","EVSE","V2G CurrentDemandRes",""
"2023-04-07T13:03:18.642Z","CAR","V2G CurrentDemandReq",""
"2023-04-07T13:03:18.770Z","EVSE","V2G CurrentDemandRes",""
"2023-04-07T13:03:18.844Z","CAR","V2G CurrentDemandReq",""
"2023-04-07T13:03:18.908Z","EVSE","V2G CurrentDemandRes",""
"2023-04-07T13:03:18.991Z","CAR","V2G CurrentDemandReq",""
"2023-04-07T13:03:19.095Z","EVSE","V2G CurrentDemandRes",""
"2023-04-07T13:03:19.179Z","CAR","V2G CurrentDemandReq",""
"2023-04-07T13:03:19.317Z","EVSE","V2G CurrentDemandRes",""
"2023-04-07T13:03:19.372Z","CAR","V2G CurrentDemandReq",""
"2023-04-07T13:03:19.499Z","EVSE","V2G CurrentDemandRes",""
"2023-04-07T13:03:19.529Z","CAR","V2G CurrentDemandReq",""
"2023-04-07T13:03:19.666Z","EVSE","V2G CurrentDemandRes",""
"2023-04-07T13:03:19.707Z","CAR","V2G CurrentDemandReq",""
"2023-04-07T13:03:19.812Z","EVSE","V2G CurrentDemandRes",""
"2023-04-07T13:03:19.895Z","CAR","V2G CurrentDemandReq",""
"2023-04-07T13:03:19.993Z","EVSE","V2G CurrentDemandRes",""
"2023-04-07T13:03:20.100Z","CAR","V2G CurrentDemandReq",""
"2023-04-07T13:03:20.225Z","EVSE","V2G CurrentDemandRes",""
"2023-04-07T13:03:20.247Z","CAR","V2G CurrentDemandReq",""
"2023-04-07T13:03:20.352Z","EVSE","V2G CurrentDemandRes",""
"2023-04-07T13:03:20.435Z","CAR","V2G CurrentDemandReq",""
"2023-04-07T13:03:20.529Z","EVSE","V2G CurrentDemandRes",""
"2023-04-07T13:03:20.625Z","CAR","V2G CurrentDemandReq",""
"2023-04-07T13:03:20.731Z","EVSE","V2G CurrentDemandRes",""
"2023-04-07T13:03:20.794Z","CAR","V2G CurrentDemandReq",""
"2023-04-07T13:03:20.888Z","EVSE","V2G CurrentDemandRes",""
"2023-04-07T13:03:20.972Z","CAR","V2G CurrentDemandReq",""
"2023-04-07T13:03:21.076Z","EVSE","V2G CurrentDemandRes",""
"2023-04-07T13:03:21.159Z","CAR","V2G CurrentDemandReq",""
"2023-04-07T13:03:21.244Z","EVSE","V2G CurrentDemandRes",""
"2023-04-07T13:03:21.371Z","CAR","V2G CurrentDemandReq",""
"2023-04-07T13:03:21.457Z","EVSE","V2G CurrentDemandRes",""
"2023-04-07T13:03:21.510Z","CAR","V2G CurrentDemandReq",""
"2023-04-07T13:03:21.624Z","EVSE","V2G CurrentDemandRes",""
"2023-04-07T13:03:21.698Z","CAR","V2G CurrentDemandReq",""
"2023-04-07T13:03:21.804Z","EVSE","V2G CurrentDemandRes",""
"2023-04-07T13:03:21.909Z","CAR","V2G CurrentDemandReq",""
"2023-04-07T13:03:21.972Z","EVSE","V2G CurrentDemandRes",""
"2023-04-07T13:03:22.046Z","CAR","V2G CurrentDemandReq",""
"2023-04-07T13:03:22.164Z","EVSE","V2G CurrentDemandRes",""
"2023-04-07T13:03:22.240Z","CAR","V2G CurrentDemandReq",""
"2023-04-07T13:03:22.333Z","EVSE","V2G CurrentDemandRes",""
"2023-04-07T13:03:22.417Z","CAR","V2G CurrentDemandReq",""
"2023-04-07T13:03:22.502Z","EVSE","V2G CurrentDemandRes",""
"2023-04-07T13:03:22.641Z","CAR","V2G CurrentDemandReq",""
"2023-04-07T13:03:22.714Z","EVSE","V2G CurrentDemandRes",""
"2023-04-07T13:03:22.777Z","CAR","V2G CurrentDemandReq",""
"2023-04-07T13:03:22.870Z","EVSE","V2G CurrentDemandRes",""
"2023-04-07T13:03:22.943Z","CAR","V2G CurrentDemandReq",""
"2023-04-07T13:03:23.092Z","EVSE","V2G CurrentDemandRes",""
"2023-04-07T13:03:23.134Z","CAR","V2G CurrentDemandReq",""
"2023-04-07T13:03:23.238Z","EVSE","V2G CurrentDemandRes",""
"2023-04-07T13:03:23.312Z","CAR","V2G CurrentDemandReq",""
"2023-04-07T13:03:23.406Z","EVSE","V2G CurrentDemandRes",""
"2023-04-07T13:03:23.490Z","CAR","V2G CurrentDemandReq",""
"2023-04-07T13:03:23.594Z","EVSE","V2G CurrentDemandRes",""
"2023-04-07T13:03:23.699Z","CAR","V2G CurrentDemandReq",""
"2023-04-07T13:03:23.773Z","EVSE","V2G CurrentDemandRes",""
"2023-04-07T13:03:23.851Z","CAR","V2G CurrentDemandReq",""
"2023-04-07T13:03:23.987Z","EVSE","V2G CurrentDemandRes",""
"2023-04-07T13:03:24.041Z","CAR","V2G CurrentDemandReq",""
"2023-04-07T13:03:24.134Z","EVSE","V2G CurrentDemandRes",""
"2023-04-07T13:03:24.219Z","CAR","V2G CurrentDemandReq",""
"2023-04-07T13:03:24.347Z","EVSE","V2G CurrentDemandRes",""
"2023-04-07T13:03:24.400Z","CAR","V2G CurrentDemandReq",""
"2023-04-07T13:03:24.483Z","EVSE","V2G CurrentDemandRes",""
"2023-04-07T13:03:24.566Z","CAR","V2G CurrentDemandReq",""
"2023-04-07T13:03:24.692Z","EVSE","V2G CurrentDemandRes",""
"2023-04-07T13:03:24.755Z","CAR","V2G CurrentDemandReq",""
"2023-04-07T13:03:24.848Z","EVSE","V2G CurrentDemandRes",""
"2023-04-07T13:03:24.975Z","CAR","V2G CurrentDemandReq",""
"2023-04-07T13:03:25.038Z","EVSE","V2G CurrentDemandRes",""
"2023-04-07T13:03:25.111Z","CAR","V2G CurrentDemandReq",""
"2023-04-07T13:03:25.218Z","EVSE","V2G CurrentDemandRes",""
"2023-04-07T13:03:25.314Z","CAR","V2G CurrentDemandReq",""
"2023-04-07T13:03:25.388Z","EVSE","V2G CurrentDemandRes",""
"2023-04-07T13:03:25.483Z","CAR","V2G CurrentDemandReq",""
"2023-04-07T13:03:25.602Z","EVSE","V2G CurrentDemandRes",""
"2023-04-07T13:03:25.655Z","CAR","V2G CurrentDemandReq",""
"2023-04-07T13:03:25.739Z","EVSE","V2G CurrentDemandRes",""
"2023-04-07T13:03:25.833Z","CAR","V2G CurrentDemandReq",""
"2023-04-07T13:03:25.927Z","EVSE","V2G CurrentDemandRes",""
"2023-04-07T13:03:26.011Z","CAR","V2G CurrentDemandReq",""
"2023-04-07T13:03:26.116Z","EVSE","V2G CurrentDemandRes",""
"2023-04-07T13:03:26.200Z","CAR","V2G CurrentDemandReq",""
"2023-04-07T13:03:26.286Z","EVSE","V2G CurrentDemandRes",""
"2023-04-07T13:03:26.369Z","CAR","V2G CurrentDemandReq",""
"2023-04-07T13:03:26.476Z","EVSE","V2G CurrentDemandRes",""
"2023-04-07T13:03:26.575Z","CAR","V2G CurrentDemandReq",""
"2023-04-07T13:03:26.649Z","EVSE","V2G CurrentDemandRes",""
"2023-04-07T13:03:26.745Z","CAR","V2G CurrentDemandReq",""
"2023-04-07T13:03:26.873Z","EVSE","V2G CurrentDemandRes",""
"2023-04-07T13:03:26.926Z","CAR","V2G CurrentDemandReq",""
"2023-04-07T13:03:27.009Z","EVSE","V2G CurrentDemandRes",""
"2023-04-07T13:03:27.093Z","CAR","V2G CurrentDemandReq",""
"2023-04-07T13:03:27.198Z","EVSE","V2G CurrentDemandRes",""
"2023-04-07T13:03:27.271Z","CAR","V2G CurrentDemandReq",""
"2023-04-07T13:03:27.365Z","EVSE","V2G CurrentDemandRes",""
"2023-04-07T13:03:27.448Z","CAR","V2G CurrentDemandReq",""
"2023-04-07T13:03:27.552Z","EVSE","V2G CurrentDemandRes",""
"2023-04-07T13:03:27.712Z","CAR","V2G CurrentDemandReq",""
"2023-04-07T13:03:27.747Z","EVSE","V2G CurrentDemandRes",""
"2023-04-07T13:03:27.820Z","CAR","V2G CurrentDemandReq",""
"2023-04-07T13:03:27.960Z","EVSE","V2G CurrentDemandRes",""
"2023-04-07T13:03:27.992Z","CAR","V2G CurrentDemandReq",""
"2023-04-07T13:03:28.130Z","EVSE","V2G CurrentDemandRes",""
"2023-04-07T13:03:28.173Z","CAR","V2G CurrentDemandReq",""
"2023-04-07T13:03:28.278Z","EVSE","V2G CurrentDemandRes",""
"2023-04-07T13:03:28.362Z","CAR","V2G CurrentDemandReq",""
"2023-04-07T13:03:28.446Z","EVSE","V2G CurrentDemandRes",""
"2023-04-07T13:03:28.530Z","CAR","V2G CurrentDemandReq",""
"2023-04-07T13:03:28.624Z","EVSE","V2G CurrentDemandRes",""
"2023-04-07T13:03:28.729Z","CAR","V2G CurrentDemandReq",""
"2023-04-07T13:03:28.812Z","EVSE","V2G CurrentDemandRes",""
"2023-04-07T13:03:28.896Z","CAR","V2G CurrentDemandReq",""
"2023-04-07T13:03:28.990Z","EVSE","V2G CurrentDemandRes",""
"2023-04-07T13:03:29.084Z","CAR","V2G CurrentDemandReq",""
"2023-04-07T13:03:29.191Z","EVSE","V2G CurrentDemandRes",""
"2023-04-07T13:03:29.283Z","CAR","V2G CurrentDemandReq",""
"2023-04-07T13:03:29.354Z","EVSE","V2G CurrentDemandRes",""
"2023-04-07T13:03:29.435Z","CAR","V2G CurrentDemandReq",""
"2023-04-07T13:03:29.526Z","EVSE","V2G CurrentDemandRes",""
"2023-04-07T13:03:29.617Z","CAR","V2G CurrentDemandReq",""
"2023-04-07T13:03:29.730Z","EVSE","V2G CurrentDemandRes",""
"2023-04-07T13:03:29.791Z","CAR","V2G CurrentDemandReq",""
"2023-04-07T13:03:29.892Z","EVSE","V2G CurrentDemandRes",""
"2023-04-07T13:03:29.974Z","CAR","V2G CurrentDemandReq",""
"2023-04-07T13:03:30.065Z","EVSE","V2G CurrentDemandRes",""
"2023-04-07T13:03:30.157Z","CAR","V2G CurrentDemandReq",""
"2023-04-07T13:03:30.259Z","EVSE","V2G CurrentDemandRes",""
"2023-04-07T13:03:30.372Z","CAR","V2G CurrentDemandReq",""
"2023-04-07T13:03:30.434Z","EVSE","V2G CurrentDemandRes",""
"2023-04-07T13:03:30.515Z","CAR","V2G CurrentDemandReq",""
"2023-04-07T13:03:30.616Z","EVSE","V2G CurrentDemandRes",""
"2023-04-07T13:03:30.728Z","CAR","V2G CurrentDemandReq",""
"2023-04-07T13:03:30.789Z","EVSE","V2G CurrentDemandRes",""
"2023-04-07T13:03:30.870Z","CAR","V2G CurrentDemandReq",""
"2023-04-07T13:03:30.962Z","EVSE","V2G CurrentDemandRes",""
"2023-04-07T13:03:31.043Z","CAR","V2G CurrentDemandReq",""
"2023-04-07T13:03:31.155Z","EVSE","V2G CurrentDemandRes",""
"2023-04-07T13:03:31.236Z","CAR","V2G CurrentDemandReq",""
"2023-04-07T13:03:31.327Z","EVSE","V2G CurrentDemandRes",""
"2023-04-07T13:03:31.408Z","CAR","V2G CurrentDemandReq",""
"2023-04-07T13:03:31.511Z","EVSE","V2G CurrentDemandRes",""
"2023-04-07T13:03:31.604Z","CAR","V2G CurrentDemandReq",""
"2023-04-07T13:03:31.720Z","EVSE","V2G CurrentDemandRes",""
"2023-04-07T13:03:31.804Z","CAR","V2G CurrentDemandReq",""
"2023-04-07T13:03:31.864Z","EVSE","V2G CurrentDemandRes",""
"2023-04-07T13:03:31.946Z","CAR","V2G CurrentDemandReq",""
"2023-04-07T13:03:32.048Z","EVSE","V2G CurrentDemandRes",""
"2023-04-07T13:03:32.139Z","CAR","V2G CurrentDemandReq",""
"2023-04-07T13:03:32.231Z","EVSE","V2G CurrentDemandRes",""
"2023-04-07T13:03:32.313Z","CAR","V2G CurrentDemandReq",""
"2023-04-07T13:03:32.415Z","EVSE","V2G CurrentDemandRes",""
"2023-04-07T13:03:32.498Z","CAR","V2G CurrentDemandReq",""
"2023-04-07T13:03:32.588Z","EVSE","V2G CurrentDemandRes",""
"2023-04-07T13:03:32.670Z","CAR","V2G CurrentDemandReq",""
"2023-04-07T13:03:32.783Z","EVSE","V2G CurrentDemandRes",""
"2023-04-07T13:03:32.845Z","CAR","V2G CurrentDemandReq",""
"2023-04-07T13:03:32.989Z","EVSE","V2G CurrentDemandRes",""
"2023-04-07T13:03:33.059Z","CAR","V2G CurrentDemandReq",""
"2023-04-07T13:03:33.173Z","EVSE","V2G CurrentDemandRes",""
"2023-04-07T13:03:33.264Z","CAR","V2G CurrentDemandReq",""
"2023-04-07T13:03:33.305Z","EVSE","V2G CurrentDemandRes",""
"2023-04-07T13:03:33.386Z","CAR","V2G CurrentDemandReq",""
"2023-04-07T13:03:33.498Z","EVSE","V2G CurrentDemandRes",""
"2023-04-07T13:03:33.580Z","CAR","V2G CurrentDemandReq",""
"2023-04-07T13:03:33.672Z","EVSE","V2G CurrentDemandRes",""
"2023-04-07T13:03:33.783Z","CAR","V2G CurrentDemandReq",""
"2023-04-07T13:03:33.844Z","EVSE","V2G CurrentDemandRes",""
"2023-04-07T13:03:33.926Z","CAR","V2G CurrentDemandReq",""
"2023-04-07T13:03:34.028Z","EVSE","V2G CurrentDemandRes",""
"2023-04-07T13:03:34.119Z","CAR","V2G CurrentDemandReq",""
"2023-04-07T13:03:34.222Z","EVSE","V2G CurrentDemandRes",""
"2023-04-07T13:03:34.328Z","CAR","V2G CurrentDemandReq",""
"2023-04-07T13:03:34.410Z","EVSE","V2G CurrentDemandRes",""
"2023-04-07T13:03:34.481Z","CAR","V2G CurrentDemandReq",""
"2023-04-07T13:03:34.573Z","EVSE","V2G CurrentDemandRes",""
"2023-04-07T13:03:34.654Z","CAR","V2G CurrentDemandReq",""
"2023-04-07T13:03:34.777Z","EVSE","V2G CurrentDemandRes",""
"2023-04-07T13:03:34.838Z","CAR","V2G CurrentDemandReq",""
"2023-04-07T13:03:34.930Z","EVSE","V2G CurrentDemandRes",""
"2023-04-07T13:03:35.011Z","CAR","V2G CurrentDemandReq",""
"2023-04-07T13:03:35.112Z","EVSE","V2G CurrentDemandRes",""
"2023-04-07T13:03:35.194Z","CAR","V2G CurrentDemandReq",""
"2023-04-07T13:03:35.285Z","EVSE","V2G CurrentDemandRes",""
"2023-04-07T13:03:35.366Z","CAR","V2G CurrentDemandReq",""
"2023-04-07T13:03:35.488Z","EVSE","V2G CurrentDemandRes",""
"2023-04-07T13:03:35.600Z","CAR","V2G CurrentDemandReq",""
"2023-04-07T13:03:35.672Z","EVSE","V2G CurrentDemandRes",""
"2023-04-07T13:03:35.754Z","CAR","V2G CurrentDemandReq",""
"2023-04-07T13:03:35.887Z","EVSE","V2G CurrentDemandRes",""
"2023-04-07T13:03:35.929Z","CAR","V2G CurrentDemandReq",""
"2023-04-07T13:03:36.010Z","EVSE","V2G CurrentDemandRes",""
"2023-04-07T13:03:36.092Z","CAR","V2G CurrentDemandReq",""
"2023-04-07T13:03:36.193Z","EVSE","V2G CurrentDemandRes",""
"2023-04-07T13:03:36.275Z","CAR","V2G CurrentDemandReq",""
"2023-04-07T13:03:36.366Z","EVSE","V2G CurrentDemandRes",""
"2023-04-07T13:03:36.459Z","CAR","V2G CurrentDemandReq",""
"2023-04-07T13:03:36.551Z","EVSE","V2G CurrentDemandRes",""
"2023-04-07T13:03:36.632Z","CAR","V2G CurrentDemandReq",""
"2023-04-07T13:03:36.795Z","EVSE","V2G CurrentDemandRes",""
"2023-04-07T13:03:36.826Z","CAR","V2G CurrentDemandReq",""
"2023-04-07T13:03:36.917Z","EVSE","V2G CurrentDemandRes",""
"2023-04-07T13:03:37.040Z","CAR","V2G CurrentDemandReq",""
"2023-04-07T13:03:37.112Z","EVSE","V2G CurrentDemandRes",""
"2023-04-07T13:03:37.173Z","CAR","V2G CurrentDemandReq",""
"2023-04-07T13:03:37.264Z","EVSE","V2G CurrentDemandRes",""
"2023-04-07T13:03:37.356Z","CAR","V2G CurrentDemandReq",""
"2023-04-07T13:03:37.447Z","EVSE","V2G CurrentDemandRes",""
"2023-04-07T13:03:37.529Z","CAR","V2G CurrentDemandReq",""
"2023-04-07T13:03:37.630Z","EVSE","V2G CurrentDemandRes",""
"2023-04-07T13:03:37.712Z","CAR","V2G CurrentDemandReq",""
"2023-04-07T13:03:37.823Z","EVSE","V2G CurrentDemandRes",""
"2023-04-07T13:03:37.905Z","CAR","V2G CurrentDemandReq",""
"2023-04-07T13:03:38.027Z","EVSE","V2G CurrentDemandRes",""
"2023-04-07T13:03:38.078Z","CAR","V2G CurrentDemandReq",""
"2023-04-07T13:03:38.170Z","EVSE","V2G CurrentDemandRes",""
"2023-04-07T13:03:38.252Z","CAR","V2G CurrentDemandReq",""
"2023-04-07T13:03:38.376Z","EVSE","V2G CurrentDemandRes",""
"2023-04-07T13:03:38.447Z","CAR","V2G CurrentDemandReq",""
"2023-04-07T13:03:38.529Z","EVSE","V2G CurrentDemandRes",""
"2023-04-07T13:03:38.652Z","CAR","V2G CurrentDemandReq",""
"2023-04-07T13:03:38.713Z","EVSE","V2G CurrentDemandRes",""
"2023-04-07T13:03:38.825Z","CAR","V2G CurrentDemandReq",""
"2023-04-07T13:03:38.897Z","EVSE","V2G CurrentDemandRes",""
"2023-04-07T13:03:38.968Z","CAR","V2G CurrentDemandReq",""
"2023-04-07T13:03:39.070Z","EVSE","V2G CurrentDemandRes",""
"2023-04-07T13:03:39.153Z","CAR","V2G CurrentDemandReq",""
"2023-04-07T13:03:39.287Z","EVSE","V2G CurrentDemandRes",""
"2023-04-07T13:03:39.338Z","CAR","V2G CurrentDemandReq",""
"2023-04-07T13:03:39.430Z","EVSE","V2G CurrentDemandRes",""
"2023-04-07T13:03:39.522Z","CAR","V2G CurrentDemandReq",""
"2023-04-07T13:03:39.647Z","EVSE","V2G CurrentDemandRes",""
"2023-04-07T13:03:39.728Z","CAR","V2G CurrentDemandReq",""
"2023-04-07T13:03:39.789Z","EVSE","V2G CurrentDemandRes",""
"2023-04-07T13:03:39.871Z","CAR","V2G CurrentDemandReq",""
"2023-04-07T13:03:39.973Z","EVSE","V2G CurrentDemandRes",""
"2023-04-07T13:03:40.054Z","CAR","V2G CurrentDemandReq",""
"2023-04-07T13:03:40.145Z","EVSE","V2G CurrentDemandRes",""
"2023-04-07T13:03:40.237Z","CAR","V2G CurrentDemandReq",""
"2023-04-07T13:03:40.328Z","EVSE","V2G CurrentDemandRes",""
"2023-04-07T13:03:40.452Z","CAR","V2G CurrentDemandReq",""
"2023-04-07T13:03:40.533Z","EVSE","V2G CurrentDemandRes",""
"2023-04-07T13:03:40.594Z","CAR","V2G CurrentDemandReq",""
"2023-04-07T13:03:40.685Z","EVSE","V2G CurrentDemandRes",""
"2023-04-07T13:03:40.799Z","CAR","V2G CurrentDemandReq",""
"2023-04-07T13:03:40.921Z","EVSE","V2G CurrentDemandRes",""
"2023-04-07T13:03:40.993Z","CAR","V2G CurrentDemandReq",""
"2023-04-07T13:03:41.054Z","EVSE","V2G CurrentDemandRes",""
"2023-04-07T13:03:41.146Z","CAR","V2G CurrentDemandReq",""
"2023-04-07T13:03:41.260Z","EVSE","V2G CurrentDemandRes",""
"2023-04-07T13:03:41.321Z","CAR","V2G CurrentDemandReq",""
"2023-04-07T13:03:41.412Z","EVSE","V2G CurrentDemandRes",""
"2023-04-07T13:03:41.494Z","CAR","V2G CurrentDemandReq",""
"2023-04-07T13:03:41.627Z","EVSE","V2G CurrentDemandRes",""
"2023-04-07T13:03:41.678Z","CAR","V2G CurrentDemandReq",""
"2023-04-07T13:03:41.800Z","EVSE","V2G CurrentDemandRes",""
"2023-04-07T13:03:41.861Z","CAR","V2G CurrentDemandReq",""
"2023-04-07T13:03:41.953Z","EVSE","V2G CurrentDemandRes",""
"2023-04-07T13:03:42.034Z","CAR","V2G CurrentDemandReq",""
"2023-04-07T13:03:42.168Z","EVSE","V2G CurrentDemandRes",""
"2023-04-07T13:03:42.240Z","CAR","V2G CurrentDemandReq",""
"2023-04-07T13:03:42.311Z","EVSE","V2G CurrentDemandRes",""
"2023-04-07T13:03:42.393Z","CAR","V2G CurrentDemandReq",""
"2023-04-07T13:03:42.494Z","EVSE","V2G CurrentDemandRes",""
"2023-04-07T13:03:42.576Z","CAR","V2G CurrentDemandReq",""
"2023-04-07T13:03:42.667Z","EVSE","V2G CurrentDemandRes",""
"2023-04-07T13:03:42.759Z","CAR","V2G CurrentDemandReq",""
"2023-04-07T13:03:42.850Z","EVSE","V2G CurrentDemandRes",""
"2023-04-07T13:03:42.973Z","CAR","V2G CurrentDemandReq",""
"2023-04-07T13:03:43.044Z","EVSE","V2G CurrentDemandRes",""
"2023-04-07T13:03:43.116Z","CAR","V2G CurrentDemandReq",""
"2023-04-07T13:03:43.207Z","EVSE","V2G CurrentDemandRes",""
"2023-04-07T13:03:43.289Z","CAR","V2G CurrentDemandReq",""
"2023-04-07T13:03:43.393Z","EVSE","V2G CurrentDemandRes",""
"2023-04-07T13:03:43.517Z","CAR","V2G CurrentDemandReq",""
"2023-04-07T13:03:43.621Z","EVSE","V2G CurrentDemandRes",""
"2023-04-07T13:03:43.652Z","CAR","V2G CurrentDemandReq",""
"2023-04-07T13:03:43.743Z","EVSE","V2G CurrentDemandRes",""
"2023-04-07T13:03:43.836Z","CAR","V2G CurrentDemandReq",""
"2023-04-07T13:03:43.959Z","EVSE","V2G CurrentDemandRes",""
"2023-04-07T13:03:44.021Z","CAR","V2G CurrentDemandReq",""
"2023-04-07T13:03:44.144Z","EVSE","V2G CurrentDemandRes",""
"2023-04-07T13:03:44.195Z","CAR","V2G CurrentDemandReq",""
"2023-04-07T13:03:44.287Z","EVSE","V2G CurrentDemandRes",""
"2023-04-07T13:03:44.368Z","CAR","V2G CurrentDemandReq",""
"2023-04-07T13:03:44.470Z","EVSE","V2G CurrentDemandRes",""
"2023-04-07T13:03:44.553Z","CAR","V2G CurrentDemandReq",""
"2023-04-07T13:03:44.655Z","EVSE","V2G CurrentDemandRes",""
"2023-04-07T13:03:44.768Z","CAR","V2G CurrentDemandReq",""
"2023-04-07T13:03:44.902Z","EVSE","V2G CurrentDemandRes",""
"2023-04-07T13:03:44.913Z","CAR","V2G CurrentDemandReq",""
"2023-04-07T13:03:45.005Z","EVSE","V2G CurrentDemandRes",""
"2023-04-07T13:03:45.086Z","CAR","V2G CurrentDemandReq",""
"2023-04-07T13:03:45.199Z","EVSE","V2G CurrentDemandRes",""
"2023-04-07T13:03:45.310Z","CAR","V2G CurrentDemandReq",""
"2023-04-07T13:03:45.423Z","EVSE","V2G CurrentDemandRes",""
"2023-04-07T13:03:45.453Z","CAR","V2G CurrentDemandReq",""
"2023-04-07T13:03:45.545Z","EVSE","V2G CurrentDemandRes",""
"2023-04-07T13:03:45.626Z","CAR","V2G CurrentDemandReq",""
"2023-04-07T13:03:45.728Z","EVSE","V2G CurrentDemandRes",""
"2023-04-07T13:03:45.840Z","CAR","V2G CurrentDemandReq",""
"2023-04-07T13:03:45.911Z","EVSE","V2G CurrentDemandRes",""
"2023-04-07T13:03:45.994Z","CAR","V2G CurrentDemandReq",""
"2023-04-07T13:03:46.118Z","EVSE","V2G CurrentDemandRes",""
"2023-04-07T13:03:46.190Z","CAR","V2G CurrentDemandReq",""
"2023-04-07T13:03:46.272Z","EVSE","V2G CurrentDemandRes",""
"2023-04-07T13:03:46.353Z","CAR","V2G CurrentDemandReq",""
"2023-04-07T13:03:46.486Z","EVSE","V2G CurrentDemandRes",""
"2023-04-07T13:03:46.538Z","CAR","V2G CurrentDemandReq",""
"2023-04-07T13:03:46.663Z","EVSE","V2G CurrentDemandRes",""
"2023-04-07T13:03:46.735Z","CAR","V2G CurrentDemandReq",""
"2023-04-07T13:03:46.848Z","EVSE","V2G CurrentDemandRes",""
"2023-04-07T13:03:46.900Z","CAR","V2G CurrentDemandReq",""
"2023-04-07T13:03:46.991Z","EVSE","V2G CurrentDemandRes",""
"2023-04-07T13:03:47.073Z","CAR","V2G CurrentDemandReq",""
"2023-04-07T13:03:47.175Z","EVSE","V2G CurrentDemandRes",""
"2023-04-07T13:03:47.256Z","CAR","V2G CurrentDemandReq",""
"2023-04-07T13:03:47.380Z","EVSE","V2G CurrentDemandRes",""
"2023-04-07T13:03:47.461Z","EVSE","Isolation measurement P 910000 N 900000.",""
"2023-04-07T13:03:47.463Z","CAR","V2G CurrentDemandReq",""
"2023-04-07T13:03:47.533Z","EVSE","V2G CurrentDemandRes",""
"2023-04-07T13:03:47.615Z","CAR","V2G CurrentDemandReq",""
"2023-04-07T13:03:47.717Z","EVSE","V2G CurrentDemandRes",""
"2023-04-07T13:03:47.800Z","CAR","V2G CurrentDemandReq",""
"2023-04-07T13:03:47.933Z","EVSE","V2G CurrentDemandRes",""
"2023-04-07T13:03:47.994Z","CAR","V2G CurrentDemandReq",""
"2023-04-07T13:03:48.066Z","EVSE","V2G CurrentDemandRes",""
"2023-04-07T13:03:48.147Z","CAR","V2G CurrentDemandReq",""
"2023-04-07T13:03:48.259Z","EVSE","V2G CurrentDemandRes",""
"2023-04-07T13:03:48.341Z","CAR","V2G CurrentDemandReq",""
"2023-04-07T13:03:48.433Z","EVSE","V2G CurrentDemandRes",""
"2023-04-07T13:03:48.463Z","EVSE","Isolation measurement P 910000 N 900000.",""
"2023-04-07T13:03:48.515Z","CAR","V2G CurrentDemandReq",""
"2023-04-07T13:03:48.639Z","EVSE","V2G CurrentDemandRes",""
"2023-04-07T13:03:48.732Z","CAR","V2G CurrentDemandReq",""
"2023-04-07T13:03:48.836Z","EVSE","V2G CurrentDemandRes",""
"2023-04-07T13:03:48.867Z","CAR","V2G CurrentDemandReq",""
"2023-04-07T13:03:48.969Z","EVSE","V2G CurrentDemandRes",""
"2023-04-07T13:03:49.053Z","CAR","V2G CurrentDemandReq",""
"2023-04-07T13:03:49.161Z","EVSE","V2G CurrentDemandRes",""
"2023-04-07T13:03:49.305Z","CAR","V2G CurrentDemandReq",""
"2023-04-07T13:03:49.326Z","EVSE","V2G CurrentDemandRes",""
"2023-04-07T13:03:49.408Z","CAR","V2G CurrentDemandReq",""
"2023-04-07T13:03:49.458Z","EVSE","Isolation measurement P 910000 N 900000.",""
"2023-04-07T13:03:49.510Z","EVSE","V2G CurrentDemandRes",""
"2023-04-07T13:03:49.602Z","CAR","V2G CurrentDemandReq",""
"2023-04-07T13:03:49.693Z","EVSE","V2G CurrentDemandRes",""
"2023-04-07T13:03:49.775Z","CAR","V2G CurrentDemandReq",""
"2023-04-07T13:03:49.887Z","EVSE","V2G CurrentDemandRes",""
"2023-04-07T13:03:49.992Z","CAR","V2G CurrentDemandReq",""
"2023-04-07T13:03:50.073Z","EVSE","V2G CurrentDemandRes",""
"2023-04-07T13:03:50.125Z","CAR","V2G CurrentDemandReq",""
"2023-04-07T13:03:50.227Z","EVSE","V2G CurrentDemandRes",""
"2023-04-07T13:03:50.320Z","CAR","V2G CurrentDemandReq",""
"2023-04-07T13:03:50.454Z","EVSE","V2G CurrentDemandRes",""
"2023-04-07T13:03:50.463Z","EVSE","Isolation measurement P 910000 N 900000.",""
"2023-04-07T13:03:50.495Z","CAR","V2G CurrentDemandReq",""
"2023-04-07T13:03:50.587Z","EVSE","V2G CurrentDemandRes",""
"2023-04-07T13:03:50.669Z","CAR","V2G CurrentDemandReq",""
"2023-04-07T13:03:50.770Z","EVSE","V2G CurrentDemandRes",""
"2023-04-07T13:03:50.882Z","CAR","V2G CurrentDemandReq",""
"2023-04-07T13:03:50.943Z","EVSE","V2G CurrentDemandRes",""
"2023-04-07T13:03:51.035Z","CAR","V2G CurrentDemandReq",""
"2023-04-07T13:03:51.137Z","EVSE","V2G CurrentDemandRes",""
"2023-04-07T13:03:51.229Z","CAR","V2G CurrentDemandReq",""
"2023-04-07T13:03:51.354Z","EVSE","V2G CurrentDemandRes",""
"2023-04-07T13:03:51.425Z","CAR","V2G CurrentDemandReq",""
"2023-04-07T13:03:51.455Z","EVSE","Isolation measurement P 910000 N 900000.",""
"2023-04-07T13:03:51.487Z","EVSE","V2G CurrentDemandRes",""
"2023-04-07T13:03:51.569Z","CAR","V2G CurrentDemandReq",""
"2023-04-07T13:03:51.704Z","EVSE","V2G CurrentDemandRes",""
"2023-04-07T13:03:51.756Z","CAR","V2G CurrentDemandReq",""
"2023-04-07T13:03:51.869Z","EVSE","V2G CurrentDemandRes",""
"2023-04-07T13:03:51.951Z","CAR","V2G CurrentDemandReq",""
"2023-04-07T13:03:52.033Z","EVSE","V2G CurrentDemandRes",""
"2023-04-07T13:03:52.156Z","CAR","V2G CurrentDemandReq",""
"2023-04-07T13:03:52.217Z","EVSE","V2G CurrentDemandRes",""
"2023-04-07T13:03:52.289Z","CAR","V2G CurrentDemandReq",""
"2023-04-07T13:03:52.390Z","EVSE","V2G CurrentDemandRes",""
"2023-04-07T13:03:52.461Z","EVSE","Isolation measurement P 910000 N 900000.",""
"2023-04-07T13:03:52.483Z","CAR","V2G CurrentDemandReq",""
"2023-04-07T13:03:52.617Z","EVSE","V2G CurrentDemandRes",""
"2023-04-07T13:03:52.659Z","CAR","V2G CurrentDemandReq",""
"2023-04-07T13:03:52.762Z","EVSE","V2G CurrentDemandRes",""
"2023-04-07T13:03:52.885Z","CAR","V2G CurrentDemandReq",""
"2023-04-07T13:03:52.957Z","EVSE","V2G CurrentDemandRes",""
"2023-04-07T13:03:53.019Z","CAR","V2G CurrentDemandReq",""
"2023-04-07T13:03:53.111Z","EVSE","V2G CurrentDemandRes",""
"2023-04-07T13:03:53.193Z","CAR","V2G CurrentDemandReq",""
"2023-04-07T13:03:53.259Z","EVSE","Charger state: Charging->EVSE Paused",""
"2023-04-07T13:03:53.260Z","EVSE","Set PWM Off",""
"2023-04-07T13:03:53.295Z","EVSE","V2G CurrentDemandRes",""
"2023-04-07T13:03:53.368Z","CAR","V2G CurrentDemandReq",""
"2023-04-07T13:03:53.377Z","CAR","Event CarRequestedStopPower",""
"2023-04-07T13:03:53.399Z","EVSE","Event PowerOff",""
"2023-04-07T13:03:53.501Z","EVSE","Isolation measurement P 910000 N 900000.",""
"2023-04-07T13:03:53.503Z","EVSE","V2G CurrentDemandRes",""
"2023-04-07T13:03:53.594Z","CAR","V2G CurrentDemandReq",""
"2023-04-07T13:03:53.665Z","EVSE","V2G CurrentDemandRes",""
"2023-04-07T13:03:53.737Z","CAR","V2G CurrentDemandReq",""
"2023-04-07T13:03:53.873Z","EVSE","V2G CurrentDemandRes",""
"2023-04-07T13:03:53.956Z","CAR","V2G CurrentDemandReq",""
"2023-04-07T13:03:54.016Z","EVSE","V2G CurrentDemandRes",""
"2023-04-07T13:03:54.140Z","CAR","V2G CurrentDemandReq",""
"2023-04-07T13:03:54.244Z","EVSE","V2G CurrentDemandRes",""
"2023-04-07T13:03:54.275Z","CAR","V2G CurrentDemandReq",""
"2023-04-07T13:03:54.367Z","EVSE","V2G CurrentDemandRes",""
"2023-04-07T13:03:54.449Z","CAR","V2G CurrentDemandReq",""
"2023-04-07T13:03:54.469Z","EVSE","Isolation measurement P 910000 N 900000.",""
"2023-04-07T13:03:54.552Z","EVSE","V2G CurrentDemandRes",""
"2023-04-07T13:03:54.626Z","CAR","V2G CurrentDemandReq",""
"2023-04-07T13:03:54.730Z","EVSE","V2G CurrentDemandRes",""
"2023-04-07T13:03:54.853Z","CAR","V2G CurrentDemandReq",""
"2023-04-07T13:03:54.915Z","EVSE","V2G CurrentDemandRes",""
"2023-04-07T13:03:55.010Z","CAR","V2G CurrentDemandReq",""
"2023-04-07T13:03:55.123Z","EVSE","Change HLC Limits: 0W/0A, target_voltage 774, hack_bpt false",""
"2023-04-07T13:03:55.145Z","EVSE","V2G CurrentDemandRes",""
"2023-04-07T13:03:55.197Z","CAR","V2G CurrentDemandReq",""
"2023-04-07T13:03:55.319Z","EVSE","V2G CurrentDemandRes",""
"2023-04-07T13:03:55.350Z","CAR","V2G CurrentDemandReq",""
"2023-04-07T13:03:55.462Z","EVSE","Isolation measurement P 910000 N 900000.",""
"2023-04-07T13:03:55.464Z","EVSE","V2G CurrentDemandRes",""
"2023-04-07T13:03:55.667Z","EVSE","DC power supply OFF",""
"2023-04-07T13:03:55.730Z","CAR","Event CarRequestedStopPower",""
"2023-04-07T13:03:55.743Z","EVSE","Event PowerOff",""
"2023-04-07T13:03:55.818Z","EVSE","DC power supply OFF",""
"2023-04-07T13:03:56.182Z","CAR","V2G PowerDeliveryReq",""
"2023-04-07T13:03:56.184Z","EVSE","V2G PowerDeliveryRes",""
"2023-04-07T13:03:56.187Z","CAR","V2G WeldingDetectionReq",""
"2023-04-07T13:03:56.190Z","EVSE","V2G WeldingDetectionRes",""
"2023-04-07T13:03:56.192Z","CAR","V2G WeldingDetectionReq",""
"2023-04-07T13:03:56.195Z","EVSE","V2G WeldingDetectionRes",""
"2023-04-07T13:03:56.197Z","CAR","V2G WeldingDetectionReq",""
"2023-04-07T13:03:56.273Z","EVSE","V2G WeldingDetectionRes",""
"2023-04-07T13:03:56.315Z","CAR","V2G WeldingDetectionReq",""
"2023-04-07T13:03:56.418Z","EVSE","V2G WeldingDetectionRes",""
"2023-04-07T13:03:56.532Z","CAR","V2G WeldingDetectionReq",""
"2023-04-07T13:03:56.615Z","EVSE","V2G WeldingDetectionRes",""
"2023-04-07T13:03:56.678Z","CAR","V2G WeldingDetectionReq",""
"2023-04-07T13:03:56.770Z","EVSE","V2G WeldingDetectionRes",""
"2023-04-07T13:03:56.852Z","CAR","V2G WeldingDetectionReq",""
"2023-04-07T13:03:56.965Z","EVSE","V2G WeldingDetectionRes",""
"2023-04-07T13:03:57.027Z","CAR","V2G WeldingDetectionReq",""
"2023-04-07T13:03:57.130Z","EVSE","V2G WeldingDetectionRes",""
"2023-04-07T13:03:57.254Z","CAR","V2G WeldingDetectionReq",""
"2023-04-07T13:03:57.316Z","EVSE","V2G WeldingDetectionRes",""
"2023-04-07T13:03:57.388Z","CAR","V2G WeldingDetectionReq",""
"2023-04-07T13:03:57.489Z","EVSE","V2G WeldingDetectionRes",""
"2023-04-07T13:03:57.571Z","CAR","V2G WeldingDetectionReq",""
"2023-04-07T13:03:57.685Z","EVSE","V2G WeldingDetectionRes",""
"2023-04-07T13:03:59.060Z","CAR","V2G SessionStopReq",""
"2023-04-07T13:03:59.110Z","EVSE","V2G SessionStopRes",""
"2023-04-07T13:04:00.693Z","CAR","Event CarRequestedStopPower",""
"2023-04-07T13:04:00.777Z","EVSE","Event PowerOff",""
"2023-04-07T13:04:01.026Z","EVSE","SLAC UNMATCHED",""
"2023-04-07T13:04:01.141Z","CAR","Event CarUnplugged",""
"2023-04-07T13:04:01.160Z","EVSE","SLAC UNMATCHED",""
"2023-04-07T13:04:01.178Z","EVSE","Charger state: EVSE Paused->Finished",""
"2023-04-07T13:04:01.179Z","EVSE","Transaction Finished: EVDisconnected (545.674 kWh)",""
"2023-04-07T13:04:01.180Z","EVSE","Session Finished",""
"2023-04-07T13:04:01.180Z","SYS","Session logging stopped.",""
