"2023-04-11T09:46:34.483Z","SYS","Session logging started.",""
"2023-04-11T09:46:34.484Z","EVSE","Session Started: EVConnected",""
"2023-04-11T09:46:34.485Z","EVSE","Set PWM On (5.000000074505806%)",""
"2023-04-11T09:46:35.139Z","EVSE","EIM Authorization received",""
"2023-04-11T09:46:35.140Z","EVSE","Transaction Started (0.13819343566894532 kWh)",""
"2023-04-11T09:46:35.142Z","EVSE","AC mode, HLC enabled(ac_enforce_hlc), keeping 5 percent on until a dlink error is signalled.",""
"2023-04-11T09:46:35.193Z","EVSE","Charger state: Wait for Auth->PrepareCharging",""
"2023-04-11T09:46:35.315Z","EVSE","Set PWM On (5.000000074505806%)",""
"2023-04-11T09:46:35.325Z","CAR","Event EFtoBCD",""
"2023-04-11T09:46:46.423Z","EVSE","SLAC MATCHING",""
"2023-04-11T09:46:47.145Z","EVSE","SLAC MATCHED",""
"2023-04-11T09:46:50.738Z","CAR","V2G SupportedAppProtocolReq",""
"2023-04-11T09:46:50.749Z","EVSE","V2G SupportedAppProtocolRes",""
"2023-04-11T09:46:50.770Z","CAR","V2G SessionSetupReq",""
"2023-04-11T09:46:50.822Z","EVSE","V2G SessionSetupRes",""
"2023-04-11T09:46:50.863Z","CAR","V2G ServiceDiscoveryReq",""
"2023-04-11T09:46:50.966Z","EVSE","V2G ServiceDiscoveryRes",""
"2023-04-11T09:46:51.029Z","CAR","V2G PaymentServiceSelectionReq",""
"2023-04-11T09:46:51.102Z","EVSE","V2G PaymentServiceSelectionRes",""
"2023-04-11T09:46:51.271Z","CAR","V2G AuthorizationReq",""
"2023-04-11T09:46:51.291Z","EVSE","V2G AuthorizationRes",""
"2023-04-11T09:46:51.367Z","CAR","V2G AuthorizationReq",""
"2023-04-11T09:46:51.460Z","EVSE","V2G AuthorizationRes",""
"2023-04-11T09:46:51.562Z","CAR","V2G ChargeParameterDiscoveryReq",""
"2023-04-11T09:46:51.618Z","EVSE","V2G ChargeParameterDiscoveryRes",""
"2023-04-11T09:46:53.422Z","CAR","Event CarRequestedPower",""
"2023-04-11T09:46:53.424Z","EVSE","Event PowerOn",""
"2023-04-11T09:46:53.459Z","EVSE","Charger state: PrepareCharging->Charging",""
"2023-04-11T09:46:53.537Z","CAR","V2G PowerDeliveryReq",""
"2023-04-11T09:46:53.547Z","EVSE","V2G PowerDeliveryRes",""
"2023-04-11T09:46:53.620Z","EVSE","Set PWM On (5.000000074505806%)",""
"2023-04-11T09:46:55.836Z","CAR","V2G ChargingStatusReq",""
"2023-04-11T09:46:55.929Z","EVSE","V2G ChargingStatusRes",""
"2023-04-11T09:46:56.052Z","CAR","V2G ChargingStatusReq",""
"2023-04-11T09:46:56.145Z","EVSE","V2G ChargingStatusRes",""
"2023-04-11T09:46:56.268Z","CAR","V2G ChargingStatusReq",""
"2023-04-11T09:46:56.392Z","EVSE","V2G ChargingStatusRes",""
"2023-04-11T09:46:56.474Z","CAR","V2G ChargingStatusReq",""
"2023-04-11T09:46:56.598Z","EVSE","V2G ChargingStatusRes",""
"2023-04-11T09:46:56.710Z","CAR","V2G ChargingStatusReq",""
"2023-04-11T09:46:56.782Z","EVSE","V2G ChargingStatusRes",""
"2023-04-11T09:46:56.904Z","CAR","V2G ChargingStatusReq",""
"2023-04-11T09:46:56.995Z","EVSE","V2G ChargingStatusRes",""
"2023-04-11T09:46:57.107Z","CAR","V2G ChargingStatusReq",""
"2023-04-11T09:46:57.209Z","EVSE","V2G ChargingStatusRes",""
"2023-04-11T09:46:57.335Z","CAR","V2G ChargingStatusReq",""
"2023-04-11T09:46:57.426Z","EVSE","V2G ChargingStatusRes",""
"2023-04-11T09:46:57.529Z","CAR","V2G ChargingStatusReq",""
"2023-04-11T09:46:57.662Z","EVSE","V2G ChargingStatusRes",""
"2023-04-11T09:46:57.774Z","CAR","V2G ChargingStatusReq",""
"2023-04-11T09:46:57.885Z","EVSE","V2G ChargingStatusRes",""
"2023-04-11T09:46:57.967Z","CAR","V2G ChargingStatusReq",""
"2023-04-11T09:46:58.099Z","EVSE","V2G ChargingStatusRes",""
"2023-04-11T09:46:58.160Z","CAR","V2G ChargingStatusReq",""
"2023-04-11T09:46:58.261Z","EVSE","V2G ChargingStatusRes",""
"2023-04-11T09:46:58.416Z","CAR","V2G ChargingStatusReq",""
"2023-04-11T09:46:58.477Z","EVSE","V2G ChargingStatusRes",""
"2023-04-11T09:46:58.641Z","CAR","V2G ChargingStatusReq",""
"2023-04-11T09:46:58.691Z","EVSE","V2G ChargingStatusRes",""
"2023-04-11T09:46:58.803Z","CAR","V2G ChargingStatusReq",""
"2023-04-11T09:46:58.904Z","EVSE","V2G ChargingStatusRes",""
"2023-04-11T09:46:59.057Z","CAR","V2G ChargingStatusReq",""
"2023-04-11T09:46:59.128Z","EVSE","V2G ChargingStatusRes",""
"2023-04-11T09:46:59.250Z","CAR","V2G ChargingStatusReq",""
"2023-04-11T09:46:59.351Z","EVSE","V2G ChargingStatusRes",""
"2023-04-11T09:46:59.474Z","CAR","V2G ChargingStatusReq",""
"2023-04-11T09:46:59.586Z","EVSE","V2G ChargingStatusRes",""
"2023-04-11T09:46:59.718Z","CAR","V2G ChargingStatusReq",""
"2023-04-11T09:46:59.820Z","EVSE","V2G ChargingStatusRes",""
"2023-04-11T09:46:59.881Z","CAR","V2G ChargingStatusReq",""
"2023-04-11T09:46:59.984Z","EVSE","V2G ChargingStatusRes",""
"2023-04-11T09:47:00.096Z","CAR","V2G ChargingStatusReq",""
"2023-04-11T09:47:00.197Z","EVSE","V2G ChargingStatusRes",""
"2023-04-11T09:47:00.309Z","CAR","V2G ChargingStatusReq",""
"2023-04-11T09:47:00.412Z","EVSE","V2G ChargingStatusRes",""
"2023-04-11T09:47:00.525Z","CAR","V2G ChargingStatusReq",""
"2023-04-11T09:47:00.649Z","EVSE","V2G ChargingStatusRes",""
"2023-04-11T09:47:00.760Z","CAR","V2G ChargingStatusReq",""
"2023-04-11T09:47:00.831Z","EVSE","V2G ChargingStatusRes",""
"2023-04-11T09:47:00.942Z","CAR","V2G ChargingStatusReq",""
"2023-04-11T09:47:01.075Z","EVSE","V2G ChargingStatusRes",""
"2023-04-11T09:47:01.187Z","CAR","V2G ChargingStatusReq",""
"2023-04-11T09:47:01.258Z","EVSE","V2G ChargingStatusRes",""
"2023-04-11T09:47:01.369Z","CAR","V2G ChargingStatusReq",""
"2023-04-11T09:47:01.460Z","EVSE","V2G ChargingStatusRes",""
"2023-04-11T09:47:01.623Z","CAR","V2G ChargingStatusReq",""
"2023-04-11T09:47:01.684Z","EVSE","V2G ChargingStatusRes",""
"2023-04-11T09:47:01.805Z","CAR","V2G ChargingStatusReq",""
"2023-04-11T09:47:01.897Z","EVSE","V2G ChargingStatusRes",""
"2023-04-11T09:47:02.010Z","CAR","V2G ChargingStatusReq",""
"2023-04-11T09:47:02.122Z","EVSE","V2G ChargingStatusRes",""
"2023-04-11T09:47:02.214Z","CAR","V2G ChargingStatusReq",""
"2023-04-11T09:47:02.326Z","EVSE","V2G ChargingStatusRes",""
"2023-04-11T09:47:02.427Z","CAR","V2G ChargingStatusReq",""
"2023-04-11T09:47:02.528Z","EVSE","V2G ChargingStatusRes",""
"2023-04-11T09:47:02.660Z","CAR","V2G ChargingStatusReq",""
"2023-04-11T09:47:02.732Z","EVSE","V2G ChargingStatusRes",""
"2023-04-11T09:47:02.854Z","CAR","V2G ChargingStatusReq",""
"2023-04-11T09:47:02.944Z","EVSE","V2G ChargingStatusRes",""
"2023-04-11T09:47:03.056Z","CAR","V2G ChargingStatusReq",""
"2023-04-11T09:47:03.168Z","EVSE","V2G ChargingStatusRes",""
"2023-04-11T09:47:03.269Z","CAR","V2G ChargingStatusReq",""
"2023-04-11T09:47:03.412Z","EVSE","V2G ChargingStatusRes",""
"2023-04-11T09:47:03.483Z","CAR","V2G ChargingStatusReq",""
"2023-04-11T09:47:03.617Z","EVSE","V2G ChargingStatusRes",""
"2023-04-11T09:47:03.710Z","CAR","V2G ChargingStatusReq",""
"2023-04-11T09:47:03.801Z","EVSE","V2G ChargingStatusRes",""
"2023-04-11T09:47:03.912Z","CAR","V2G ChargingStatusReq",""
"2023-04-11T09:47:04.004Z","EVSE","V2G ChargingStatusRes",""
"2023-04-11T09:47:04.147Z","CAR","V2G ChargingStatusReq",""
"2023-04-11T09:47:04.218Z","EVSE","V2G ChargingStatusRes",""
"2023-04-11T09:47:04.330Z","CAR","V2G ChargingStatusReq",""
"2023-04-11T09:47:04.420Z","EVSE","V2G ChargingStatusRes",""
"2023-04-11T09:47:04.543Z","CAR","V2G ChargingStatusReq",""
"2023-04-11T09:47:04.666Z","EVSE","V2G ChargingStatusRes",""
"2023-04-11T09:47:04.749Z","CAR","V2G ChargingStatusReq",""
"2023-04-11T09:47:04.851Z","EVSE","V2G ChargingStatusRes",""
"2023-04-11T09:47:04.963Z","CAR","V2G ChargingStatusReq",""
"2023-04-11T09:47:05.055Z","EVSE","V2G ChargingStatusRes",""
"2023-04-11T09:47:05.190Z","CAR","V2G ChargingStatusReq",""
"2023-04-11T09:47:05.282Z","EVSE","V2G ChargingStatusRes",""
"2023-04-11T09:47:05.434Z","CAR","V2G ChargingStatusReq",""
"2023-04-11T09:47:05.505Z","EVSE","V2G ChargingStatusRes",""
"2023-04-11T09:47:05.617Z","CAR","V2G ChargingStatusReq",""
"2023-04-11T09:47:05.751Z","EVSE","V2G ChargingStatusRes",""
"2023-04-11T09:47:05.852Z","CAR","V2G ChargingStatusReq",""
"2023-04-11T09:47:05.913Z","EVSE","V2G ChargingStatusRes",""
"2023-04-11T09:47:06.025Z","CAR","V2G ChargingStatusReq",""
"2023-04-11T09:47:06.126Z","EVSE","V2G ChargingStatusRes",""
"2023-04-11T09:47:06.238Z","CAR","V2G ChargingStatusReq",""
"2023-04-11T09:47:06.351Z","EVSE","V2G ChargingStatusRes",""
"2023-04-11T09:47:06.463Z","CAR","V2G ChargingStatusReq",""
"2023-04-11T09:47:06.556Z","EVSE","V2G ChargingStatusRes",""
"2023-04-11T09:47:06.679Z","CAR","V2G ChargingStatusReq",""
"2023-04-11T09:47:06.781Z","EVSE","V2G ChargingStatusRes",""
"2023-04-11T09:47:06.893Z","CAR","V2G ChargingStatusReq",""
"2023-04-11T09:47:07.035Z","EVSE","V2G ChargingStatusRes",""
"2023-04-11T09:47:07.127Z","CAR","V2G ChargingStatusReq",""
"2023-04-11T09:47:07.198Z","EVSE","V2G ChargingStatusRes",""
"2023-04-11T09:47:07.320Z","CAR","V2G ChargingStatusReq",""
"2023-04-11T09:47:07.421Z","EVSE","V2G ChargingStatusRes",""
"2023-04-11T09:47:07.533Z","CAR","V2G ChargingStatusReq",""
"2023-04-11T09:47:07.667Z","EVSE","V2G ChargingStatusRes",""
"2023-04-11T09:47:07.779Z","CAR","V2G ChargingStatusReq",""
"2023-04-11T09:47:07.830Z","EVSE","V2G ChargingStatusRes",""
"2023-04-11T09:47:07.942Z","CAR","V2G ChargingStatusReq",""
"2023-04-11T09:47:08.053Z","EVSE","V2G ChargingStatusRes",""
"2023-04-11T09:47:08.206Z","CAR","V2G ChargingStatusReq",""
"2023-04-11T09:47:08.256Z","EVSE","V2G ChargingStatusRes",""
"2023-04-11T09:47:08.419Z","CAR","V2G ChargingStatusReq",""
"2023-04-11T09:47:08.479Z","EVSE","V2G ChargingStatusRes",""
"2023-04-11T09:47:08.622Z","CAR","V2G ChargingStatusReq",""
"2023-04-11T09:47:08.744Z","EVSE","V2G ChargingStatusRes",""
"2023-04-11T09:47:08.845Z","CAR","V2G ChargingStatusReq",""
"2023-04-11T09:47:08.906Z","EVSE","V2G ChargingStatusRes",""
"2023-04-11T09:47:09.018Z","CAR","V2G ChargingStatusReq",""
"2023-04-11T09:47:09.110Z","EVSE","V2G ChargingStatusRes",""
"2023-04-11T09:47:09.222Z","CAR","V2G ChargingStatusReq",""
"2023-04-11T09:47:09.336Z","EVSE","V2G ChargingStatusRes",""
"2023-04-11T09:47:09.441Z","CAR","V2G ChargingStatusReq",""
"2023-04-11T09:47:09.534Z","EVSE","V2G ChargingStatusRes",""
"2023-04-11T09:47:09.672Z","CAR","V2G ChargingStatusReq",""
"2023-04-11T09:47:09.761Z","EVSE","V2G ChargingStatusRes",""
"2023-04-11T09:47:09.883Z","CAR","V2G ChargingStatusReq",""
"2023-04-11T09:47:09.975Z","EVSE","V2G ChargingStatusRes",""
"2023-04-11T09:47:10.097Z","CAR","V2G ChargingStatusReq",""
"2023-04-11T09:47:10.240Z","EVSE","V2G ChargingStatusRes",""
"2023-04-11T09:47:10.322Z","CAR","V2G ChargingStatusReq",""
"2023-04-11T09:47:10.413Z","EVSE","V2G ChargingStatusRes",""
"2023-04-11T09:47:10.526Z","CAR","V2G ChargingStatusReq",""
"2023-04-11T09:47:10.650Z","EVSE","V2G ChargingStatusRes",""
"2023-04-11T09:47:10.732Z","CAR","V2G ChargingStatusReq",""
"2023-04-11T09:47:10.824Z","EVSE","V2G ChargingStatusRes",""
"2023-04-11T09:47:10.936Z","CAR","V2G ChargingStatusReq",""
"2023-04-11T09:47:11.028Z","EVSE","V2G ChargingStatusRes",""
"2023-04-11T09:47:11.140Z","CAR","V2G ChargingStatusReq",""
"2023-04-11T09:47:11.243Z","EVSE","V2G ChargingStatusRes",""
"2023-04-11T09:47:11.406Z","CAR","V2G ChargingStatusReq",""
"2023-04-11T09:47:11.467Z","EVSE","V2G ChargingStatusRes",""
"2023-04-11T09:47:11.600Z","CAR","V2G ChargingStatusReq",""
"2023-04-11T09:47:11.671Z","EVSE","V2G ChargingStatusRes",""
"2023-04-11T09:47:11.803Z","CAR","V2G ChargingStatusReq",""
"2023-04-11T09:47:11.873Z","EVSE","V2G ChargingStatusRes",""
"2023-04-11T09:47:11.996Z","CAR","V2G ChargingStatusReq",""
"2023-04-11T09:47:12.087Z","EVSE","V2G ChargingStatusRes",""
"2023-04-11T09:47:12.209Z","CAR","V2G ChargingStatusReq",""
"2023-04-11T09:47:12.322Z","EVSE","V2G ChargingStatusRes",""
"2023-04-11T09:47:12.423Z","CAR","V2G ChargingStatusReq",""
"2023-04-11T09:47:12.526Z","EVSE","V2G ChargingStatusRes",""
"2023-04-11T09:47:12.649Z","CAR","V2G ChargingStatusReq",""
"2023-04-11T09:47:12.720Z","EVSE","V2G ChargingStatusRes",""
"2023-04-11T09:47:12.832Z","CAR","V2G ChargingStatusReq",""
"2023-04-11T09:47:12.934Z","EVSE","V2G ChargingStatusRes",""
"2023-04-11T09:47:13.057Z","CAR","V2G ChargingStatusReq",""
"2023-04-11T09:47:13.159Z","EVSE","V2G ChargingStatusRes",""
"2023-04-11T09:47:13.250Z","CAR","V2G ChargingStatusReq",""
"2023-04-11T09:47:13.353Z","EVSE","V2G ChargingStatusRes",""
"2023-04-11T09:47:13.465Z","CAR","V2G ChargingStatusReq",""
"2023-04-11T09:47:13.598Z","EVSE","V2G ChargingStatusRes",""
"2023-04-11T09:47:13.690Z","CAR","V2G ChargingStatusReq",""
"2023-04-11T09:47:13.782Z","EVSE","V2G ChargingStatusRes",""
"2023-04-11T09:47:13.893Z","CAR","V2G ChargingStatusReq",""
"2023-04-11T09:47:13.985Z","EVSE","V2G ChargingStatusRes",""
"2023-04-11T09:47:14.097Z","CAR","V2G ChargingStatusReq",""
"2023-04-11T09:47:14.221Z","EVSE","V2G ChargingStatusRes",""
"2023-04-11T09:47:14.323Z","CAR","V2G ChargingStatusReq",""
"2023-04-11T09:47:14.416Z","EVSE","V2G ChargingStatusRes",""
"2023-04-11T09:47:14.538Z","CAR","V2G ChargingStatusReq",""
"2023-04-11T09:47:14.629Z","EVSE","V2G ChargingStatusRes",""
"2023-04-11T09:47:14.773Z","CAR","V2G ChargingStatusReq",""
"2023-04-11T09:47:14.876Z","EVSE","V2G ChargingStatusRes",""
"2023-04-11T09:47:14.947Z","CAR","V2G ChargingStatusReq",""
"2023-04-11T09:47:15.039Z","EVSE","V2G ChargingStatusRes",""
"2023-04-11T09:47:15.161Z","CAR","V2G ChargingStatusReq",""
"2023-04-11T09:47:15.253Z","EVSE","V2G ChargingStatusRes",""
"2023-04-11T09:47:15.427Z","CAR","V2G ChargingStatusReq",""
"2023-04-11T09:47:15.478Z","EVSE","V2G ChargingStatusRes",""
"2023-04-11T09:47:15.633Z","CAR","V2G ChargingStatusReq",""
"2023-04-11T09:47:15.735Z","EVSE","V2G ChargingStatusRes",""
"2023-04-11T09:47:15.817Z","CAR","V2G ChargingStatusReq",""
"2023-04-11T09:47:15.918Z","EVSE","V2G ChargingStatusRes",""
"2023-04-11T09:47:16.030Z","CAR","V2G ChargingStatusReq",""
"2023-04-11T09:47:16.162Z","EVSE","V2G ChargingStatusRes",""
"2023-04-11T09:47:16.234Z","CAR","V2G ChargingStatusReq",""
"2023-04-11T09:47:16.336Z","EVSE","V2G ChargingStatusRes",""
"2023-04-11T09:47:16.447Z","CAR","V2G ChargingStatusReq",""
"2023-04-11T09:47:16.549Z","EVSE","V2G ChargingStatusRes",""
"2023-04-11T09:47:16.692Z","CAR","V2G ChargingStatusReq",""
"2023-04-11T09:47:16.753Z","EVSE","V2G ChargingStatusRes",""
"2023-04-11T09:47:16.865Z","CAR","V2G ChargingStatusReq",""
"2023-04-11T09:47:16.967Z","EVSE","V2G ChargingStatusRes",""
"2023-04-11T09:47:17.090Z","CAR","V2G ChargingStatusReq",""
"2023-04-11T09:47:17.223Z","EVSE","V2G ChargingStatusRes",""
"2023-04-11T09:47:17.305Z","CAR","V2G ChargingStatusReq",""
"2023-04-11T09:47:17.406Z","EVSE","V2G ChargingStatusRes",""
"2023-04-11T09:47:17.519Z","CAR","V2G ChargingStatusReq",""
"2023-04-11T09:47:17.656Z","EVSE","V2G ChargingStatusRes",""
"2023-04-11T09:47:17.717Z","CAR","V2G ChargingStatusReq",""
"2023-04-11T09:47:17.809Z","EVSE","V2G ChargingStatusRes",""
"2023-04-11T09:47:17.941Z","CAR","V2G ChargingStatusReq",""
"2023-04-11T09:47:18.043Z","EVSE","V2G ChargingStatusRes",""
"2023-04-11T09:47:18.156Z","CAR","V2G ChargingStatusReq",""
"2023-04-11T09:47:18.268Z","EVSE","V2G ChargingStatusRes",""
"2023-04-11T09:47:18.361Z","CAR","V2G ChargingStatusReq",""
"2023-04-11T09:47:18.453Z","EVSE","V2G ChargingStatusRes",""
"2023-04-11T09:47:18.608Z","CAR","V2G ChargingStatusReq",""
"2023-04-11T09:47:18.710Z","EVSE","V2G ChargingStatusRes",""
"2023-04-11T09:47:18.791Z","CAR","V2G ChargingStatusReq",""
"2023-04-11T09:47:18.903Z","EVSE","V2G ChargingStatusRes",""
"2023-04-11T09:47:19.015Z","CAR","V2G ChargingStatusReq",""
"2023-04-11T09:47:19.137Z","EVSE","V2G ChargingStatusRes",""
"2023-04-11T09:47:19.269Z","CAR","V2G ChargingStatusReq",""
"2023-04-11T09:47:19.320Z","EVSE","V2G ChargingStatusRes",""
"2023-04-11T09:47:19.442Z","CAR","V2G ChargingStatusReq",""
"2023-04-11T09:47:19.533Z","EVSE","V2G ChargingStatusRes",""
"2023-04-11T09:47:19.668Z","CAR","V2G ChargingStatusReq",""
"2023-04-11T09:47:19.729Z","EVSE","V2G ChargingStatusRes",""
"2023-04-11T09:47:19.851Z","CAR","V2G ChargingStatusReq",""
"2023-04-11T09:47:19.953Z","EVSE","V2G ChargingStatusRes",""
"2023-04-11T09:47:20.067Z","CAR","V2G ChargingStatusReq",""
"2023-04-11T09:47:20.158Z","EVSE","V2G ChargingStatusRes",""
"2023-04-11T09:47:20.272Z","CAR","V2G ChargingStatusReq",""
"2023-04-11T09:47:20.364Z","EVSE","V2G ChargingStatusRes",""
"2023-04-11T09:47:20.475Z","CAR","V2G ChargingStatusReq",""
"2023-04-11T09:47:20.619Z","EVSE","V2G ChargingStatusRes",""
"2023-04-11T09:47:20.742Z","CAR","V2G ChargingStatusReq",""
"2023-04-11T09:47:20.803Z","EVSE","V2G ChargingStatusRes",""
"2023-04-11T09:47:20.914Z","CAR","V2G ChargingStatusReq",""
"2023-04-11T09:47:21.005Z","EVSE","V2G ChargingStatusRes",""
"2023-04-11T09:47:21.127Z","CAR","V2G ChargingStatusReq",""
"2023-04-11T09:47:21.240Z","EVSE","V2G ChargingStatusRes",""
"2023-04-11T09:47:21.343Z","CAR","V2G ChargingStatusReq",""
"2023-04-11T09:47:21.424Z","EVSE","V2G ChargingStatusRes",""
"2023-04-11T09:47:21.590Z","CAR","V2G ChargingStatusReq",""
"2023-04-11T09:47:21.712Z","EVSE","V2G ChargingStatusRes",""
"2023-04-11T09:47:21.763Z","CAR","V2G ChargingStatusReq",""
"2023-04-11T09:47:21.865Z","EVSE","V2G ChargingStatusRes",""
"2023-04-11T09:47:22.009Z","CAR","V2G ChargingStatusReq",""
"2023-04-11T09:47:22.123Z","EVSE","V2G ChargingStatusRes",""
"2023-04-11T09:47:22.247Z","CAR","V2G ChargingStatusReq",""
"2023-04-11T09:47:22.310Z","EVSE","V2G ChargingStatusRes",""
"2023-04-11T09:47:22.413Z","CAR","V2G ChargingStatusReq",""
"2023-04-11T09:47:22.505Z","EVSE","V2G ChargingStatusRes",""
"2023-04-11T09:47:22.670Z","CAR","V2G ChargingStatusReq",""
"2023-04-11T09:47:22.732Z","EVSE","V2G ChargingStatusRes",""
"2023-04-11T09:47:22.835Z","CAR","V2G ChargingStatusReq",""
"2023-04-11T09:47:22.927Z","EVSE","V2G ChargingStatusRes",""
"2023-04-11T09:47:23.050Z","CAR","V2G ChargingStatusReq",""
"2023-04-11T09:47:23.144Z","EVSE","V2G ChargingStatusRes",""
"2023-04-11T09:47:23.257Z","CAR","V2G ChargingStatusReq",""
"2023-04-11T09:47:23.352Z","EVSE","V2G ChargingStatusRes",""
"2023-04-11T09:47:23.463Z","CAR","V2G ChargingStatusReq",""
"2023-04-11T09:47:23.586Z","EVSE","V2G ChargingStatusRes",""
"2023-04-11T09:47:23.679Z","CAR","V2G ChargingStatusReq",""
"2023-04-11T09:47:23.780Z","EVSE","V2G ChargingStatusRes",""
"2023-04-11T09:47:23.891Z","CAR","V2G ChargingStatusReq",""
"2023-04-11T09:47:23.993Z","EVSE","V2G ChargingStatusRes",""
"2023-04-11T09:47:24.105Z","CAR","V2G ChargingStatusReq",""
"2023-04-11T09:47:24.208Z","EVSE","V2G ChargingStatusRes",""
"2023-04-11T09:47:24.322Z","CAR","V2G ChargingStatusReq",""
"2023-04-11T09:47:24.425Z","EVSE","V2G ChargingStatusRes",""
"2023-04-11T09:47:24.537Z","CAR","V2G ChargingStatusReq",""
"2023-04-11T09:47:24.662Z","EVSE","V2G ChargingStatusRes",""
"2023-04-11T09:47:24.754Z","CAR","V2G ChargingStatusReq",""
"2023-04-11T09:47:24.845Z","EVSE","V2G ChargingStatusRes",""
"2023-04-11T09:47:24.957Z","CAR","V2G ChargingStatusReq",""
"2023-04-11T09:47:25.089Z","EVSE","V2G ChargingStatusRes",""
"2023-04-11T09:47:25.191Z","CAR","V2G ChargingStatusReq",""
"2023-04-11T09:47:25.263Z","EVSE","V2G ChargingStatusRes",""
"2023-04-11T09:47:25.386Z","CAR","V2G ChargingStatusReq",""
"2023-04-11T09:47:25.488Z","EVSE","V2G ChargingStatusRes",""
"2023-04-11T09:47:25.624Z","CAR","V2G ChargingStatusReq",""
"2023-04-11T09:47:25.695Z","EVSE","V2G ChargingStatusRes",""
"2023-04-11T09:47:25.818Z","CAR","V2G ChargingStatusReq",""
"2023-04-11T09:47:25.910Z","EVSE","V2G ChargingStatusRes",""
"2023-04-11T09:47:26.022Z","CAR","V2G ChargingStatusReq",""
"2023-04-11T09:47:26.134Z","EVSE","V2G ChargingStatusRes",""
"2023-04-11T09:47:26.260Z","CAR","V2G ChargingStatusReq",""
"2023-04-11T09:47:26.344Z","EVSE","V2G ChargingStatusRes",""
"2023-04-11T09:47:26.456Z","CAR","V2G ChargingStatusReq",""
"2023-04-11T09:47:26.569Z","EVSE","V2G ChargingStatusRes",""
"2023-04-11T09:47:26.683Z","CAR","V2G ChargingStatusReq",""
"2023-04-11T09:47:26.765Z","EVSE","V2G ChargingStatusRes",""
"2023-04-11T09:47:26.888Z","CAR","V2G ChargingStatusReq",""
"2023-04-11T09:47:26.989Z","EVSE","V2G ChargingStatusRes",""
"2023-04-11T09:47:27.102Z","CAR","V2G ChargingStatusReq",""
"2023-04-11T09:47:27.194Z","EVSE","V2G ChargingStatusRes",""
"2023-04-11T09:47:27.309Z","CAR","V2G ChargingStatusReq",""
"2023-04-11T09:47:27.411Z","EVSE","V2G ChargingStatusRes",""
"2023-04-11T09:47:27.524Z","CAR","V2G ChargingStatusReq",""
"2023-04-11T09:47:27.650Z","EVSE","V2G ChargingStatusRes",""
"2023-04-11T09:47:27.732Z","CAR","V2G ChargingStatusReq",""
"2023-04-11T09:47:27.834Z","EVSE","V2G ChargingStatusRes",""
"2023-04-11T09:47:27.961Z","CAR","V2G ChargingStatusReq",""
"2023-04-11T09:47:28.083Z","EVSE","V2G ChargingStatusRes",""
"2023-04-11T09:47:28.155Z","CAR","V2G ChargingStatusReq",""
"2023-04-11T09:47:28.277Z","EVSE","V2G ChargingStatusRes",""
"2023-04-11T09:47:28.400Z","CAR","V2G ChargingStatusReq",""
"2023-04-11T09:47:28.471Z","EVSE","V2G ChargingStatusRes",""
"2023-04-11T09:47:28.625Z","CAR","V2G ChargingStatusReq",""
"2023-04-11T09:47:28.688Z","EVSE","V2G ChargingStatusRes",""
"2023-04-11T09:47:28.801Z","CAR","V2G ChargingStatusReq",""
"2023-04-11T09:47:28.894Z","EVSE","V2G ChargingStatusRes",""
"2023-04-11T09:47:29.016Z","CAR","V2G ChargingStatusReq",""
"2023-04-11T09:47:29.119Z","EVSE","V2G ChargingStatusRes",""
"2023-04-11T09:47:29.262Z","CAR","V2G ChargingStatusReq",""
"2023-04-11T09:47:29.334Z","EVSE","V2G ChargingStatusRes",""
"2023-04-11T09:47:29.436Z","CAR","V2G ChargingStatusReq",""
"2023-04-11T09:47:29.569Z","EVSE","V2G ChargingStatusRes",""
"2023-04-11T09:47:29.694Z","CAR","V2G ChargingStatusReq",""
"2023-04-11T09:47:29.755Z","EVSE","V2G ChargingStatusRes",""
"2023-04-11T09:47:29.856Z","CAR","V2G ChargingStatusReq",""
"2023-04-11T09:47:29.948Z","EVSE","V2G ChargingStatusRes",""
"2023-04-11T09:47:30.071Z","CAR","V2G ChargingStatusReq",""
"2023-04-11T09:47:30.173Z","EVSE","V2G ChargingStatusRes",""
"2023-04-11T09:47:30.286Z","CAR","V2G ChargingStatusReq",""
"2023-04-11T09:47:30.379Z","EVSE","V2G ChargingStatusRes",""
"2023-04-11T09:47:30.502Z","CAR","V2G ChargingStatusReq",""
"2023-04-11T09:47:30.637Z","EVSE","V2G ChargingStatusRes",""
"2023-04-11T09:47:30.740Z","CAR","V2G ChargingStatusReq",""
"2023-04-11T09:47:30.811Z","EVSE","V2G ChargingStatusRes",""
"2023-04-11T09:47:30.923Z","CAR","V2G ChargingStatusReq",""
"2023-04-11T09:47:31.056Z","EVSE","V2G ChargingStatusRes",""
"2023-04-11T09:47:31.158Z","CAR","V2G ChargingStatusReq",""
"2023-04-11T09:47:31.240Z","EVSE","V2G ChargingStatusRes",""
"2023-04-11T09:47:31.353Z","CAR","V2G ChargingStatusReq",""
"2023-04-11T09:47:31.444Z","EVSE","V2G ChargingStatusRes",""
"2023-04-11T09:47:31.601Z","CAR","V2G ChargingStatusReq",""
"2023-04-11T09:47:31.684Z","EVSE","V2G ChargingStatusRes",""
"2023-04-11T09:47:31.767Z","CAR","V2G ChargingStatusReq",""
"2023-04-11T09:47:31.869Z","EVSE","V2G ChargingStatusRes",""
"2023-04-11T09:47:31.984Z","CAR","V2G ChargingStatusReq",""
"2023-04-11T09:47:32.086Z","EVSE","V2G ChargingStatusRes",""
"2023-04-11T09:47:32.199Z","CAR","V2G ChargingStatusReq",""
"2023-04-11T09:47:32.324Z","EVSE","V2G ChargingStatusRes",""
"2023-04-11T09:47:32.439Z","CAR","V2G ChargingStatusReq",""
"2023-04-11T09:47:32.500Z","EVSE","V2G ChargingStatusRes",""
"2023-04-11T09:47:32.613Z","CAR","V2G ChargingStatusReq",""
"2023-04-11T09:47:32.715Z","EVSE","V2G ChargingStatusRes",""
"2023-04-11T09:47:32.828Z","CAR","V2G ChargingStatusReq",""
"2023-04-11T09:47:32.929Z","EVSE","V2G ChargingStatusRes",""
"2023-04-11T09:47:33.041Z","CAR","V2G ChargingStatusReq",""
"2023-04-11T09:47:33.133Z","EVSE","V2G ChargingStatusRes",""
"2023-04-11T09:47:33.291Z","CAR","V2G ChargingStatusReq",""
"2023-04-11T09:47:33.345Z","EVSE","V2G ChargingStatusRes",""
"2023-04-11T09:47:33.458Z","CAR","V2G ChargingStatusReq",""
"2023-04-11T09:47:33.604Z","EVSE","V2G ChargingStatusRes",""
"2023-04-11T09:47:33.717Z","CAR","V2G ChargingStatusReq",""
"2023-04-11T09:47:33.779Z","EVSE","V2G ChargingStatusRes",""
"2023-04-11T09:47:33.890Z","CAR","V2G ChargingStatusReq",""
"2023-04-11T09:47:34.033Z","EVSE","V2G ChargingStatusRes",""
"2023-04-11T09:47:34.125Z","CAR","V2G ChargingStatusReq",""
"2023-04-11T09:47:34.208Z","EVSE","V2G ChargingStatusRes",""
"2023-04-11T09:47:34.320Z","CAR","V2G ChargingStatusReq",""
"2023-04-11T09:47:34.432Z","EVSE","V2G ChargingStatusRes",""
"2023-04-11T09:47:34.527Z","CAR","V2G ChargingStatusReq",""
"2023-04-11T09:47:34.662Z","EVSE","V2G ChargingStatusRes",""
"2023-04-11T09:47:34.744Z","CAR","V2G ChargingStatusReq",""
"2023-04-11T09:47:34.836Z","EVSE","V2G ChargingStatusRes",""
"2023-04-11T09:47:34.949Z","CAR","V2G ChargingStatusReq",""
"2023-04-11T09:47:35.051Z","EVSE","V2G ChargingStatusRes",""
"2023-04-11T09:47:35.166Z","CAR","V2G ChargingStatusReq",""
"2023-04-11T09:47:35.278Z","EVSE","V2G ChargingStatusRes",""
"2023-04-11T09:47:35.390Z","CAR","V2G ChargingStatusReq",""
"2023-04-11T09:47:35.471Z","EVSE","V2G ChargingStatusRes",""
"2023-04-11T09:47:35.615Z","CAR","V2G ChargingStatusReq",""
"2023-04-11T09:47:35.718Z","EVSE","V2G ChargingStatusRes",""
"2023-04-11T09:47:35.810Z","CAR","V2G ChargingStatusReq",""
"2023-04-11T09:47:35.901Z","EVSE","V2G ChargingStatusRes",""
"2023-04-11T09:47:36.013Z","CAR","V2G ChargingStatusReq",""
"2023-04-11T09:47:36.116Z","EVSE","V2G ChargingStatusRes",""
"2023-04-11T09:47:36.242Z","CAR","V2G ChargingStatusReq",""
"2023-04-11T09:47:36.325Z","EVSE","V2G ChargingStatusRes",""
"2023-04-11T09:47:36.440Z","CAR","V2G ChargingStatusReq",""
"2023-04-11T09:47:36.556Z","EVSE","V2G ChargingStatusRes",""
"2023-04-11T09:47:36.669Z","CAR","V2G ChargingStatusReq",""
"2023-04-11T09:47:36.751Z","EVSE","V2G ChargingStatusRes",""
"2023-04-11T09:47:36.865Z","CAR","V2G ChargingStatusReq",""
"2023-04-11T09:47:36.957Z","EVSE","V2G ChargingStatusRes",""
"2023-04-11T09:47:37.121Z","CAR","V2G ChargingStatusReq",""
"2023-04-11T09:47:37.182Z","EVSE","V2G ChargingStatusRes",""
"2023-04-11T09:47:37.296Z","CAR","V2G ChargingStatusReq",""
"2023-04-11T09:47:37.408Z","EVSE","V2G ChargingStatusRes",""
"2023-04-11T09:47:37.500Z","CAR","V2G ChargingStatusReq",""
"2023-04-11T09:47:37.623Z","EVSE","V2G ChargingStatusRes",""
"2023-04-11T09:47:37.706Z","CAR","V2G ChargingStatusReq",""
"2023-04-11T09:47:37.798Z","EVSE","V2G ChargingStatusRes",""
"2023-04-11T09:47:37.910Z","CAR","V2G ChargingStatusReq",""
"2023-04-11T09:47:38.023Z","EVSE","V2G ChargingStatusRes",""
"2023-04-11T09:47:38.136Z","CAR","V2G ChargingStatusReq",""
"2023-04-11T09:47:38.231Z","EVSE","V2G ChargingStatusRes",""
"2023-04-11T09:47:38.346Z","CAR","V2G ChargingStatusReq",""
"2023-04-11T09:47:38.437Z","EVSE","V2G ChargingStatusRes",""
"2023-04-11T09:47:38.603Z","CAR","V2G ChargingStatusReq",""
"2023-04-11T09:47:38.665Z","EVSE","V2G ChargingStatusRes",""
"2023-04-11T09:47:38.808Z","CAR","V2G ChargingStatusReq",""
"2023-04-11T09:47:38.858Z","EVSE","V2G ChargingStatusRes",""
"2023-04-11T09:47:38.970Z","CAR","V2G ChargingStatusReq",""
"2023-04-11T09:47:39.062Z","EVSE","V2G ChargingStatusRes",""
"2023-04-11T09:47:39.185Z","CAR","V2G ChargingStatusReq",""
"2023-04-11T09:47:39.299Z","EVSE","V2G ChargingStatusRes",""
"2023-04-11T09:47:39.414Z","CAR","V2G ChargingStatusReq",""
"2023-04-11T09:47:39.496Z","EVSE","V2G ChargingStatusRes",""
"2023-04-11T09:47:39.633Z","CAR","V2G ChargingStatusReq",""
"2023-04-11T09:47:39.737Z","EVSE","V2G ChargingStatusRes",""
"2023-04-11T09:47:39.819Z","CAR","V2G ChargingStatusReq",""
"2023-04-11T09:47:39.911Z","EVSE","V2G ChargingStatusRes",""
"2023-04-11T09:47:40.023Z","CAR","V2G ChargingStatusReq",""
"2023-04-11T09:47:40.156Z","EVSE","V2G ChargingStatusRes",""
"2023-04-11T09:47:40.239Z","CAR","V2G ChargingStatusReq",""
"2023-04-11T09:47:40.330Z","EVSE","V2G ChargingStatusRes",""
"2023-04-11T09:47:40.452Z","CAR","V2G ChargingStatusReq",""
"2023-04-11T09:47:40.586Z","EVSE","V2G ChargingStatusRes",""
"2023-04-11T09:47:40.669Z","CAR","V2G ChargingStatusReq",""
"2023-04-11T09:47:40.762Z","EVSE","V2G ChargingStatusRes",""
"2023-04-11T09:47:40.876Z","CAR","V2G ChargingStatusReq",""
"2023-04-11T09:47:40.969Z","EVSE","V2G ChargingStatusRes",""
"2023-04-11T09:47:41.083Z","CAR","V2G ChargingStatusReq",""
"2023-04-11T09:47:41.186Z","EVSE","V2G ChargingStatusRes",""
"2023-04-11T09:47:41.310Z","CAR","V2G ChargingStatusReq",""
"2023-04-11T09:47:41.423Z","EVSE","V2G ChargingStatusRes",""
"2023-04-11T09:47:41.505Z","CAR","V2G ChargingStatusReq",""
"2023-04-11T09:47:41.642Z","EVSE","V2G ChargingStatusRes",""
"2023-04-11T09:47:41.716Z","CAR","V2G ChargingStatusReq",""
"2023-04-11T09:47:41.818Z","EVSE","V2G ChargingStatusRes",""
"2023-04-11T09:47:41.930Z","CAR","V2G ChargingStatusReq",""
"2023-04-11T09:47:42.033Z","EVSE","V2G ChargingStatusRes",""
"2023-04-11T09:47:42.146Z","CAR","V2G ChargingStatusReq",""
"2023-04-11T09:47:42.261Z","EVSE","V2G ChargingStatusRes",""
"2023-04-11T09:47:42.374Z","CAR","V2G ChargingStatusReq",""
"2023-04-11T09:47:42.455Z","EVSE","V2G ChargingStatusRes",""
"2023-04-11T09:47:42.611Z","CAR","V2G ChargingStatusReq",""
"2023-04-11T09:47:42.693Z","EVSE","V2G ChargingStatusRes",""
"2023-04-11T09:47:42.805Z","CAR","V2G ChargingStatusReq",""
"2023-04-11T09:47:42.898Z","EVSE","V2G ChargingStatusRes",""
"2023-04-11T09:47:43.014Z","CAR","V2G ChargingStatusReq",""
"2023-04-11T09:47:43.117Z","EVSE","V2G ChargingStatusRes",""
"2023-04-11T09:47:43.252Z","CAR","V2G ChargingStatusReq",""
"2023-04-11T09:47:43.327Z","EVSE","V2G ChargingStatusRes",""
"2023-04-11T09:47:43.430Z","CAR","V2G ChargingStatusReq",""
"2023-04-11T09:47:43.533Z","EVSE","V2G ChargingStatusRes",""
"2023-04-11T09:47:43.659Z","CAR","V2G ChargingStatusReq",""
"2023-04-11T09:47:43.742Z","EVSE","V2G ChargingStatusRes",""
"2023-04-11T09:47:43.866Z","CAR","V2G ChargingStatusReq",""
"2023-04-11T09:47:43.959Z","EVSE","V2G ChargingStatusRes",""
"2023-04-11T09:47:44.062Z","CAR","V2G ChargingStatusReq",""
"2023-04-11T09:47:44.166Z","EVSE","V2G ChargingStatusRes",""
"2023-04-11T09:47:44.311Z","CAR","V2G ChargingStatusReq",""
"2023-04-11T09:47:44.428Z","EVSE","V2G ChargingStatusRes",""
"2023-04-11T09:47:44.499Z","CAR","V2G ChargingStatusReq",""
"2023-04-11T09:47:44.633Z","EVSE","V2G ChargingStatusRes",""
"2023-04-11T09:47:44.735Z","CAR","V2G ChargingStatusReq",""
"2023-04-11T09:47:44.817Z","EVSE","V2G ChargingStatusRes",""
"2023-04-11T09:47:44.920Z","CAR","V2G ChargingStatusReq",""
"2023-04-11T09:47:45.011Z","EVSE","V2G ChargingStatusRes",""
"2023-04-11T09:47:45.123Z","CAR","V2G ChargingStatusReq",""
"2023-04-11T09:47:45.226Z","EVSE","V2G ChargingStatusRes",""
"2023-04-11T09:47:45.343Z","CAR","V2G ChargingStatusReq",""
"2023-04-11T09:47:45.435Z","EVSE","V2G ChargingStatusRes",""
"2023-04-11T09:47:45.592Z","CAR","V2G ChargingStatusReq",""
"2023-04-11T09:47:45.665Z","EVSE","V2G ChargingStatusRes",""
"2023-04-11T09:47:45.777Z","CAR","V2G ChargingStatusReq",""
"2023-04-11T09:47:45.880Z","EVSE","V2G ChargingStatusRes",""
"2023-04-11T09:47:45.992Z","CAR","V2G ChargingStatusReq",""
"2023-04-11T09:47:46.114Z","EVSE","V2G ChargingStatusRes",""
"2023-04-11T09:47:46.237Z","CAR","V2G ChargingStatusReq",""
"2023-04-11T09:47:46.320Z","EVSE","V2G ChargingStatusRes",""
"2023-04-11T09:47:46.422Z","CAR","V2G ChargingStatusReq",""
"2023-04-11T09:47:46.534Z","EVSE","V2G ChargingStatusRes",""
"2023-04-11T09:47:46.657Z","CAR","V2G ChargingStatusReq",""
"2023-04-11T09:47:46.729Z","EVSE","V2G ChargingStatusRes",""
"2023-04-11T09:47:46.842Z","CAR","V2G ChargingStatusReq",""
"2023-04-11T09:47:46.935Z","EVSE","V2G ChargingStatusRes",""
"2023-04-11T09:47:47.058Z","CAR","V2G ChargingStatusReq",""
"2023-04-11T09:47:47.161Z","EVSE","V2G ChargingStatusRes",""
"2023-04-11T09:47:47.307Z","CAR","V2G ChargingStatusReq",""
"2023-04-11T09:47:47.421Z","EVSE","V2G ChargingStatusRes",""
"2023-04-11T09:47:47.502Z","CAR","V2G ChargingStatusReq",""
"2023-04-11T09:47:47.646Z","EVSE","V2G ChargingStatusRes",""
"2023-04-11T09:47:47.748Z","CAR","V2G ChargingStatusReq",""
"2023-04-11T09:47:47.840Z","EVSE","V2G ChargingStatusRes",""
"2023-04-11T09:47:47.921Z","CAR","V2G ChargingStatusReq",""
"2023-04-11T09:47:48.013Z","EVSE","V2G ChargingStatusRes",""
"2023-04-11T09:47:48.126Z","CAR","V2G ChargingStatusReq",""
"2023-04-11T09:47:48.219Z","EVSE","V2G ChargingStatusRes",""
"2023-04-11T09:47:48.334Z","CAR","V2G ChargingStatusReq",""
"2023-04-11T09:47:48.438Z","EVSE","V2G ChargingStatusRes",""
"2023-04-11T09:47:48.562Z","CAR","V2G ChargingStatusReq",""
"2023-04-11T09:47:48.697Z","EVSE","V2G ChargingStatusRes",""
"2023-04-11T09:47:48.791Z","CAR","V2G ChargingStatusReq",""
"2023-04-11T09:47:48.883Z","EVSE","V2G ChargingStatusRes",""
"2023-04-11T09:47:48.996Z","CAR","V2G ChargingStatusReq",""
"2023-04-11T09:47:49.097Z","EVSE","V2G ChargingStatusRes",""
"2023-04-11T09:47:49.251Z","CAR","V2G ChargingStatusReq",""
"2023-04-11T09:47:49.344Z","EVSE","V2G ChargingStatusRes",""
"2023-04-11T09:47:49.426Z","CAR","V2G ChargingStatusReq",""
"2023-04-11T09:47:49.528Z","EVSE","V2G ChargingStatusRes",""
"2023-04-11T09:47:49.661Z","CAR","V2G ChargingStatusReq",""
"2023-04-11T09:47:49.723Z","EVSE","V2G ChargingStatusRes",""
"2023-04-11T09:47:49.846Z","CAR","V2G ChargingStatusReq",""
"2023-04-11T09:47:49.949Z","EVSE","V2G ChargingStatusRes",""
"2023-04-11T09:47:50.052Z","CAR","V2G ChargingStatusReq",""
"2023-04-11T09:47:50.155Z","EVSE","V2G ChargingStatusRes",""
"2023-04-11T09:47:50.268Z","CAR","V2G ChargingStatusReq",""
"2023-04-11T09:47:50.363Z","EVSE","V2G ChargingStatusRes",""
"2023-04-11T09:47:50.486Z","CAR","V2G ChargingStatusReq",""
"2023-04-11T09:47:50.624Z","EVSE","V2G ChargingStatusRes",""
"2023-04-11T09:47:50.778Z","CAR","V2G ChargingStatusReq",""
"2023-04-11T09:47:50.799Z","EVSE","V2G ChargingStatusRes",""
"2023-04-11T09:47:50.911Z","CAR","V2G ChargingStatusReq",""
"2023-04-11T09:47:51.024Z","EVSE","V2G ChargingStatusRes",""
"2023-04-11T09:47:51.117Z","CAR","V2G ChargingStatusReq",""
"2023-04-11T09:47:51.209Z","EVSE","V2G ChargingStatusRes",""
"2023-04-11T09:47:51.324Z","CAR","V2G ChargingStatusReq",""
"2023-04-11T09:47:51.428Z","EVSE","V2G ChargingStatusRes",""
"2023-04-11T09:47:51.554Z","CAR","V2G ChargingStatusReq",""
"2023-04-11T09:47:51.678Z","EVSE","V2G ChargingStatusRes",""
"2023-04-11T09:47:51.760Z","CAR","V2G ChargingStatusReq",""
"2023-04-11T09:47:51.864Z","EVSE","V2G ChargingStatusRes",""
"2023-04-11T09:47:51.987Z","CAR","V2G ChargingStatusReq",""
"2023-04-11T09:47:52.081Z","EVSE","V2G ChargingStatusRes",""
"2023-04-11T09:47:52.194Z","CAR","V2G ChargingStatusReq",""
"2023-04-11T09:47:52.308Z","EVSE","V2G ChargingStatusRes",""
"2023-04-11T09:47:52.417Z","CAR","V2G ChargingStatusReq",""
"2023-04-11T09:47:52.523Z","EVSE","V2G ChargingStatusRes",""
"2023-04-11T09:47:52.636Z","CAR","V2G ChargingStatusReq",""
"2023-04-11T09:47:52.751Z","EVSE","V2G ChargingStatusRes",""
"2023-04-11T09:47:52.884Z","CAR","V2G ChargingStatusReq",""
"2023-04-11T09:47:52.926Z","EVSE","V2G ChargingStatusRes",""
"2023-04-11T09:47:53.040Z","CAR","V2G ChargingStatusReq",""
"2023-04-11T09:47:53.133Z","EVSE","V2G ChargingStatusRes",""
"2023-04-11T09:47:53.248Z","CAR","V2G ChargingStatusReq",""
"2023-04-11T09:47:53.343Z","EVSE","V2G ChargingStatusRes",""
"2023-04-11T09:47:53.460Z","CAR","V2G ChargingStatusReq",""
"2023-04-11T09:47:53.605Z","EVSE","V2G ChargingStatusRes",""
"2023-04-11T09:47:53.741Z","CAR","V2G ChargingStatusReq",""
"2023-04-11T09:47:53.772Z","EVSE","V2G ChargingStatusRes",""
"2023-04-11T09:47:53.895Z","CAR","V2G ChargingStatusReq",""
"2023-04-11T09:47:54.007Z","EVSE","V2G ChargingStatusRes",""
"2023-04-11T09:47:54.131Z","CAR","V2G ChargingStatusReq",""
"2023-04-11T09:47:54.213Z","EVSE","V2G ChargingStatusRes",""
"2023-04-11T09:47:54.325Z","CAR","V2G ChargingStatusReq",""
"2023-04-11T09:47:54.438Z","EVSE","V2G ChargingStatusRes",""
"2023-04-11T09:47:54.541Z","CAR","V2G ChargingStatusReq",""
"2023-04-11T09:47:54.667Z","EVSE","V2G ChargingStatusRes",""
"2023-04-11T09:47:54.741Z","CAR","V2G ChargingStatusReq",""
"2023-04-11T09:47:54.834Z","EVSE","V2G ChargingStatusRes",""
"2023-04-11T09:47:54.957Z","CAR","V2G ChargingStatusReq",""
"2023-04-11T09:47:55.062Z","EVSE","V2G ChargingStatusRes",""
"2023-04-11T09:47:55.176Z","CAR","V2G ChargingStatusReq",""
"2023-04-11T09:47:55.282Z","EVSE","V2G ChargingStatusRes",""
"2023-04-11T09:47:55.435Z","CAR","V2G ChargingStatusReq",""
"2023-04-11T09:47:55.497Z","EVSE","V2G ChargingStatusRes",""
"2023-04-11T09:47:55.631Z","CAR","V2G ChargingStatusReq",""
"2023-04-11T09:47:55.754Z","EVSE","V2G ChargingStatusRes",""
"2023-04-11T09:47:55.846Z","CAR","V2G ChargingStatusReq",""
"2023-04-11T09:47:55.918Z","EVSE","V2G ChargingStatusRes",""
"2023-04-11T09:47:56.031Z","CAR","V2G ChargingStatusReq",""
"2023-04-11T09:47:56.124Z","EVSE","V2G ChargingStatusRes",""
"2023-04-11T09:47:56.239Z","CAR","V2G ChargingStatusReq",""
"2023-04-11T09:47:56.344Z","EVSE","V2G ChargingStatusRes",""
"2023-04-11T09:47:56.458Z","CAR","V2G ChargingStatusReq",""
"2023-04-11T09:47:56.552Z","EVSE","V2G ChargingStatusRes",""
"2023-04-11T09:47:56.685Z","CAR","V2G ChargingStatusReq",""
"2023-04-11T09:47:56.764Z","EVSE","V2G ChargingStatusRes",""
"2023-04-11T09:47:56.886Z","CAR","V2G ChargingStatusReq",""
"2023-04-11T09:47:56.988Z","EVSE","V2G ChargingStatusRes",""
"2023-04-11T09:47:57.112Z","CAR","V2G ChargingStatusReq",""
"2023-04-11T09:47:57.205Z","EVSE","V2G ChargingStatusRes",""
"2023-04-11T09:47:57.317Z","CAR","V2G ChargingStatusReq",""
"2023-04-11T09:47:57.440Z","EVSE","V2G ChargingStatusRes",""
"2023-04-11T09:47:57.522Z","CAR","V2G ChargingStatusReq",""
"2023-04-11T09:47:57.649Z","EVSE","V2G ChargingStatusRes",""
"2023-04-11T09:47:57.731Z","CAR","V2G ChargingStatusReq",""
"2023-04-11T09:47:57.824Z","EVSE","V2G ChargingStatusRes",""
"2023-04-11T09:47:57.949Z","CAR","V2G ChargingStatusReq",""
"2023-04-11T09:47:58.042Z","EVSE","V2G ChargingStatusRes",""
"2023-04-11T09:47:58.156Z","CAR","V2G ChargingStatusReq",""
"2023-04-11T09:47:58.249Z","EVSE","V2G ChargingStatusRes",""
"2023-04-11T09:47:58.362Z","CAR","V2G ChargingStatusReq",""
"2023-04-11T09:47:58.467Z","EVSE","V2G ChargingStatusRes",""
"2023-04-11T09:47:58.590Z","CAR","V2G ChargingStatusReq",""
"2023-04-11T09:47:58.718Z","EVSE","V2G ChargingStatusRes",""
"2023-04-11T09:47:58.831Z","CAR","V2G ChargingStatusReq",""
"2023-04-11T09:47:58.882Z","EVSE","V2G ChargingStatusRes",""
"2023-04-11T09:47:58.995Z","CAR","V2G ChargingStatusReq",""
"2023-04-11T09:47:59.098Z","EVSE","V2G ChargingStatusRes",""
"2023-04-11T09:47:59.212Z","CAR","V2G ChargingStatusReq",""
"2023-04-11T09:47:59.316Z","EVSE","V2G ChargingStatusRes",""
"2023-04-11T09:47:59.431Z","CAR","V2G ChargingStatusReq",""
"2023-04-11T09:47:59.524Z","EVSE","V2G ChargingStatusRes",""
"2023-04-11T09:47:59.639Z","CAR","V2G ChargingStatusReq",""
"2023-04-11T09:47:59.732Z","EVSE","V2G ChargingStatusRes",""
"2023-04-11T09:47:59.845Z","CAR","V2G ChargingStatusReq",""
"2023-04-11T09:47:59.948Z","EVSE","V2G ChargingStatusRes",""
"2023-04-11T09:48:00.092Z","CAR","V2G ChargingStatusReq",""
"2023-04-11T09:48:00.167Z","EVSE","V2G ChargingStatusRes",""
"2023-04-11T09:48:00.269Z","CAR","V2G ChargingStatusReq",""
"2023-04-11T09:48:00.362Z","EVSE","V2G ChargingStatusRes",""
"2023-04-11T09:48:00.485Z","CAR","V2G ChargingStatusReq",""
"2023-04-11T09:48:00.610Z","EVSE","V2G ChargingStatusRes",""
"2023-04-11T09:48:00.703Z","CAR","V2G ChargingStatusReq",""
"2023-04-11T09:48:00.796Z","EVSE","V2G ChargingStatusRes",""
"2023-04-11T09:48:00.910Z","CAR","V2G ChargingStatusReq",""
"2023-04-11T09:48:01.002Z","EVSE","V2G ChargingStatusRes",""
"2023-04-11T09:48:01.116Z","CAR","V2G ChargingStatusReq",""
"2023-04-11T09:48:01.219Z","EVSE","V2G ChargingStatusRes",""
"2023-04-11T09:48:01.331Z","CAR","V2G ChargingStatusReq",""
"2023-04-11T09:48:01.444Z","EVSE","V2G ChargingStatusRes",""
"2023-04-11T09:48:01.546Z","CAR","V2G ChargingStatusReq",""
"2023-04-11T09:48:01.679Z","EVSE","V2G ChargingStatusRes",""
"2023-04-11T09:48:01.751Z","CAR","V2G ChargingStatusReq",""
"2023-04-11T09:48:01.864Z","EVSE","V2G ChargingStatusRes",""
"2023-04-11T09:48:01.966Z","CAR","V2G ChargingStatusReq",""
"2023-04-11T09:48:02.059Z","EVSE","V2G ChargingStatusRes",""
"2023-04-11T09:48:02.173Z","CAR","V2G ChargingStatusReq",""
"2023-04-11T09:48:02.267Z","EVSE","V2G ChargingStatusRes",""
"2023-04-11T09:48:02.427Z","CAR","V2G ChargingStatusReq",""
"2023-04-11T09:48:02.489Z","EVSE","V2G ChargingStatusRes",""
"2023-04-11T09:48:02.659Z","CAR","V2G ChargingStatusReq",""
"2023-04-11T09:48:02.722Z","EVSE","V2G ChargingStatusRes",""
"2023-04-11T09:48:02.815Z","CAR","V2G ChargingStatusReq",""
"2023-04-11T09:48:02.907Z","EVSE","V2G ChargingStatusRes",""
"2023-04-11T09:48:03.030Z","CAR","V2G ChargingStatusReq",""
"2023-04-11T09:48:03.153Z","EVSE","V2G ChargingStatusRes",""
"2023-04-11T09:48:03.227Z","CAR","V2G ChargingStatusReq",""
"2023-04-11T09:48:03.330Z","EVSE","V2G ChargingStatusRes",""
"2023-04-11T09:48:03.484Z","CAR","V2G ChargingStatusReq",""
"2023-04-11T09:48:03.588Z","EVSE","V2G ChargingStatusRes",""
"2023-04-11T09:48:03.672Z","CAR","V2G ChargingStatusReq",""
"2023-04-11T09:48:03.765Z","EVSE","V2G ChargingStatusRes",""
"2023-04-11T09:48:03.870Z","CAR","V2G ChargingStatusReq",""
"2023-04-11T09:48:03.973Z","EVSE","V2G ChargingStatusRes",""
"2023-04-11T09:48:04.086Z","CAR","V2G ChargingStatusReq",""
"2023-04-11T09:48:04.181Z","EVSE","V2G ChargingStatusRes",""
"2023-04-11T09:48:04.314Z","CAR","V2G ChargingStatusReq",""
"2023-04-11T09:48:04.438Z","EVSE","V2G ChargingStatusRes",""
"2023-04-11T09:48:04.510Z","CAR","V2G ChargingStatusReq",""
"2023-04-11T09:48:04.644Z","EVSE","V2G ChargingStatusRes",""
"2023-04-11T09:48:04.769Z","CAR","V2G ChargingStatusReq",""
"2023-04-11T09:48:04.871Z","EVSE","V2G ChargingStatusRes",""
"2023-04-11T09:48:04.933Z","CAR","V2G ChargingStatusReq",""
"2023-04-11T09:48:05.035Z","EVSE","V2G ChargingStatusRes",""
"2023-04-11T09:48:05.148Z","CAR","V2G ChargingStatusReq",""
"2023-04-11T09:48:05.251Z","EVSE","V2G ChargingStatusRes",""
"2023-04-11T09:48:05.369Z","CAR","V2G ChargingStatusReq",""
"2023-04-11T09:48:05.462Z","EVSE","V2G ChargingStatusRes",""
"2023-04-11T09:48:05.568Z","CAR","V2G ChargingStatusReq",""
"2023-04-11T09:48:05.715Z","EVSE","V2G ChargingStatusRes",""
"2023-04-11T09:48:05.829Z","CAR","V2G ChargingStatusReq",""
"2023-04-11T09:48:05.893Z","EVSE","V2G ChargingStatusRes",""
"2023-04-11T09:48:06.005Z","CAR","V2G ChargingStatusReq",""
"2023-04-11T09:48:06.129Z","EVSE","V2G ChargingStatusRes",""
"2023-04-11T09:48:06.213Z","CAR","V2G ChargingStatusReq",""
"2023-04-11T09:48:06.326Z","EVSE","V2G ChargingStatusRes",""
"2023-04-11T09:48:06.459Z","CAR","V2G ChargingStatusReq",""
"2023-04-11T09:48:06.531Z","EVSE","V2G ChargingStatusRes",""
"2023-04-11T09:48:06.667Z","CAR","V2G ChargingStatusReq",""
"2023-04-11T09:48:06.729Z","EVSE","V2G ChargingStatusRes",""
"2023-04-11T09:48:06.852Z","CAR","V2G ChargingStatusReq",""
"2023-04-11T09:48:06.945Z","EVSE","V2G ChargingStatusRes",""
"2023-04-11T09:48:07.059Z","CAR","V2G ChargingStatusReq",""
"2023-04-11T09:48:07.152Z","EVSE","V2G ChargingStatusRes",""
"2023-04-11T09:48:07.266Z","CAR","V2G ChargingStatusReq",""
"2023-04-11T09:48:07.368Z","EVSE","V2G ChargingStatusRes",""
"2023-04-11T09:48:07.496Z","CAR","V2G ChargingStatusReq",""
"2023-04-11T09:48:07.624Z","EVSE","V2G ChargingStatusRes",""
"2023-04-11T09:48:07.717Z","CAR","V2G ChargingStatusReq",""
"2023-04-11T09:48:07.843Z","EVSE","V2G ChargingStatusRes",""
"2023-04-11T09:48:07.944Z","CAR","V2G ChargingStatusReq",""
"2023-04-11T09:48:08.006Z","EVSE","V2G ChargingStatusRes",""
"2023-04-11T09:48:08.120Z","CAR","V2G ChargingStatusReq",""
"2023-04-11T09:48:08.213Z","EVSE","V2G ChargingStatusRes",""
"2023-04-11T09:48:08.331Z","CAR","V2G ChargingStatusReq",""
"2023-04-11T09:48:08.466Z","EVSE","V2G ChargingStatusRes",""
"2023-04-11T09:48:08.590Z","CAR","V2G ChargingStatusReq",""
"2023-04-11T09:48:08.673Z","EVSE","V2G ChargingStatusRes",""
"2023-04-11T09:48:08.756Z","CAR","V2G ChargingStatusReq",""
"2023-04-11T09:48:08.859Z","EVSE","V2G ChargingStatusRes",""
"2023-04-11T09:48:08.982Z","CAR","V2G ChargingStatusReq",""
"2023-04-11T09:48:09.076Z","EVSE","V2G ChargingStatusRes",""
"2023-04-11T09:48:09.222Z","CAR","V2G ChargingStatusReq",""
"2023-04-11T09:48:09.304Z","EVSE","V2G ChargingStatusRes",""
"2023-04-11T09:48:09.449Z","CAR","V2G ChargingStatusReq",""
"2023-04-11T09:48:09.530Z","EVSE","V2G ChargingStatusRes",""
"2023-04-11T09:48:09.656Z","CAR","V2G ChargingStatusReq",""
"2023-04-11T09:48:09.760Z","EVSE","V2G ChargingStatusRes",""
"2023-04-11T09:48:09.843Z","CAR","V2G ChargingStatusReq",""
"2023-04-11T09:48:09.946Z","EVSE","V2G ChargingStatusRes",""
"2023-04-11T09:48:10.059Z","CAR","V2G ChargingStatusReq",""
"2023-04-11T09:48:10.153Z","EVSE","V2G ChargingStatusRes",""
"2023-04-11T09:48:10.266Z","CAR","V2G ChargingStatusReq",""
"2023-04-11T09:48:10.359Z","EVSE","V2G ChargingStatusRes",""
"2023-04-11T09:48:10.481Z","CAR","V2G ChargingStatusReq",""
"2023-04-11T09:48:10.610Z","EVSE","V2G ChargingStatusRes",""
"2023-04-11T09:48:10.735Z","CAR","V2G ChargingStatusReq",""
"2023-04-11T09:48:10.827Z","EVSE","V2G ChargingStatusRes",""
"2023-04-11T09:48:10.908Z","CAR","V2G ChargingStatusReq",""
"2023-04-11T09:48:11.000Z","EVSE","V2G ChargingStatusRes",""
"2023-04-11T09:48:11.113Z","CAR","V2G ChargingStatusReq",""
"2023-04-11T09:48:11.227Z","EVSE","V2G ChargingStatusRes",""
"2023-04-11T09:48:11.332Z","CAR","V2G ChargingStatusReq",""
"2023-04-11T09:48:11.456Z","EVSE","V2G ChargingStatusRes",""
"2023-04-11T09:48:11.550Z","CAR","V2G ChargingStatusReq",""
"2023-04-11T09:48:11.686Z","EVSE","V2G ChargingStatusRes",""
"2023-04-11T09:48:11.770Z","CAR","V2G ChargingStatusReq",""
"2023-04-11T09:48:11.862Z","EVSE","V2G ChargingStatusRes",""
"2023-04-11T09:48:11.975Z","CAR","V2G ChargingStatusReq",""
"2023-04-11T09:48:12.118Z","EVSE","V2G ChargingStatusRes",""
"2023-04-11T09:48:12.211Z","CAR","V2G ChargingStatusReq",""
"2023-04-11T09:48:12.283Z","EVSE","V2G ChargingStatusRes",""
"2023-04-11T09:48:12.407Z","CAR","V2G ChargingStatusReq",""
"2023-04-11T09:48:12.489Z","EVSE","V2G ChargingStatusRes",""
"2023-04-11T09:48:12.626Z","CAR","V2G ChargingStatusReq",""
"2023-04-11T09:48:12.709Z","EVSE","V2G ChargingStatusRes",""
"2023-04-11T09:48:12.822Z","CAR","V2G ChargingStatusReq",""
"2023-04-11T09:48:12.926Z","EVSE","V2G ChargingStatusRes",""
"2023-04-11T09:48:13.031Z","CAR","V2G ChargingStatusReq",""
"2023-04-11T09:48:13.124Z","EVSE","V2G ChargingStatusRes",""
"2023-04-11T09:48:13.250Z","CAR","V2G ChargingStatusReq",""
"2023-04-11T09:48:13.345Z","EVSE","V2G ChargingStatusRes",""
"2023-04-11T09:48:13.457Z","CAR","V2G ChargingStatusReq",""
"2023-04-11T09:48:13.595Z","EVSE","V2G ChargingStatusRes",""
"2023-04-11T09:48:13.714Z","CAR","V2G ChargingStatusReq",""
"2023-04-11T09:48:13.777Z","EVSE","V2G ChargingStatusRes",""
"2023-04-11T09:48:13.881Z","CAR","V2G ChargingStatusReq",""
"2023-04-11T09:48:13.983Z","EVSE","V2G ChargingStatusRes",""
"2023-04-11T09:48:14.097Z","CAR","V2G ChargingStatusReq",""
"2023-04-11T09:48:14.200Z","EVSE","V2G ChargingStatusRes",""
"2023-04-11T09:48:14.337Z","CAR","V2G ChargingStatusReq",""
"2023-04-11T09:48:14.420Z","EVSE","V2G ChargingStatusRes",""
"2023-04-11T09:48:14.534Z","CAR","V2G ChargingStatusReq",""
"2023-04-11T09:48:14.672Z","EVSE","V2G ChargingStatusRes",""
"2023-04-11T09:48:14.734Z","CAR","V2G ChargingStatusReq",""
"2023-04-11T09:48:14.838Z","EVSE","V2G ChargingStatusRes",""
"2023-04-11T09:48:14.962Z","CAR","V2G ChargingStatusReq",""
"2023-04-11T09:48:15.064Z","EVSE","V2G ChargingStatusRes",""
"2023-04-11T09:48:15.171Z","CAR","V2G ChargingStatusReq",""
"2023-04-11T09:48:15.305Z","EVSE","V2G ChargingStatusRes",""
"2023-04-11T09:48:15.400Z","CAR","V2G ChargingStatusReq",""
"2023-04-11T09:48:15.513Z","EVSE","V2G ChargingStatusRes",""
"2023-04-11T09:48:15.627Z","CAR","V2G ChargingStatusReq",""
"2023-04-11T09:48:15.794Z","EVSE","V2G ChargingStatusRes",""
"2023-04-11T09:48:15.815Z","CAR","V2G ChargingStatusReq",""
"2023-04-11T09:48:15.908Z","EVSE","V2G ChargingStatusRes",""
"2023-04-11T09:48:16.022Z","CAR","V2G ChargingStatusReq",""
"2023-04-11T09:48:16.115Z","EVSE","V2G ChargingStatusRes",""
"2023-04-11T09:48:16.229Z","CAR","V2G ChargingStatusReq",""
"2023-04-11T09:48:16.336Z","EVSE","V2G ChargingStatusRes",""
"2023-04-11T09:48:16.473Z","CAR","V2G ChargingStatusReq",""
"2023-04-11T09:48:16.535Z","EVSE","V2G ChargingStatusRes",""
"2023-04-11T09:48:16.672Z","CAR","V2G ChargingStatusReq",""
"2023-04-11T09:48:16.806Z","EVSE","V2G ChargingStatusRes",""
"2023-04-11T09:48:16.868Z","CAR","V2G ChargingStatusReq",""
"2023-04-11T09:48:16.960Z","EVSE","V2G ChargingStatusRes",""
"2023-04-11T09:48:17.072Z","CAR","V2G ChargingStatusReq",""
"2023-04-11T09:48:17.165Z","EVSE","V2G ChargingStatusRes",""
"2023-04-11T09:48:17.289Z","CAR","V2G ChargingStatusReq",""
"2023-04-11T09:48:17.385Z","EVSE","V2G ChargingStatusRes",""
"2023-04-11T09:48:17.503Z","CAR","V2G ChargingStatusReq",""
"2023-04-11T09:48:17.631Z","EVSE","V2G ChargingStatusRes",""
"2023-04-11T09:48:17.714Z","CAR","V2G ChargingStatusReq",""
"2023-04-11T09:48:17.807Z","EVSE","V2G ChargingStatusRes",""
"2023-04-11T09:48:17.922Z","CAR","V2G ChargingStatusReq",""
"2023-04-11T09:48:18.018Z","EVSE","V2G ChargingStatusRes",""
"2023-04-11T09:48:18.131Z","CAR","V2G ChargingStatusReq",""
"2023-04-11T09:48:18.286Z","EVSE","V2G ChargingStatusRes",""
"2023-04-11T09:48:18.371Z","CAR","V2G ChargingStatusReq",""
"2023-04-11T09:48:18.444Z","EVSE","V2G ChargingStatusRes",""
"2023-04-11T09:48:18.598Z","CAR","V2G ChargingStatusReq",""
"2023-04-11T09:48:18.670Z","EVSE","V2G ChargingStatusRes",""
"2023-04-11T09:48:18.764Z","CAR","V2G ChargingStatusReq",""
"2023-04-11T09:48:18.858Z","EVSE","V2G ChargingStatusRes",""
"2023-04-11T09:48:18.972Z","CAR","V2G ChargingStatusReq",""
"2023-04-11T09:48:19.067Z","EVSE","V2G ChargingStatusRes",""
"2023-04-11T09:48:19.180Z","CAR","V2G ChargingStatusReq",""
"2023-04-11T09:48:19.273Z","EVSE","V2G ChargingStatusRes",""
"2023-04-11T09:48:19.420Z","CAR","V2G ChargingStatusReq",""
"2023-04-11T09:48:19.495Z","EVSE","V2G ChargingStatusRes",""
"2023-04-11T09:48:19.635Z","CAR","V2G ChargingStatusReq",""
"2023-04-11T09:48:19.708Z","EVSE","V2G ChargingStatusRes",""
"2023-04-11T09:48:19.853Z","CAR","V2G ChargingStatusReq",""
"2023-04-11T09:48:19.958Z","EVSE","V2G ChargingStatusRes",""
"2023-04-11T09:48:20.032Z","CAR","V2G ChargingStatusReq",""
"2023-04-11T09:48:20.126Z","EVSE","V2G ChargingStatusRes",""
"2023-04-11T09:48:20.251Z","CAR","V2G ChargingStatusReq",""
"2023-04-11T09:48:20.346Z","EVSE","V2G ChargingStatusRes",""
"2023-04-11T09:48:20.500Z","CAR","V2G ChargingStatusReq",""
"2023-04-11T09:48:20.564Z","EVSE","V2G ChargingStatusRes",""
"2023-04-11T09:48:20.686Z","CAR","V2G ChargingStatusReq",""
"2023-04-11T09:48:20.767Z","EVSE","V2G ChargingStatusRes",""
"2023-04-11T09:48:20.890Z","CAR","V2G ChargingStatusReq",""
"2023-04-11T09:48:20.982Z","EVSE","V2G ChargingStatusRes",""
"2023-04-11T09:48:21.093Z","CAR","V2G ChargingStatusReq",""
"2023-04-11T09:48:21.194Z","EVSE","V2G ChargingStatusRes",""
"2023-04-11T09:48:21.315Z","CAR","V2G ChargingStatusReq",""
"2023-04-11T09:48:21.448Z","EVSE","V2G ChargingStatusRes",""
"2023-04-11T09:48:21.540Z","CAR","V2G ChargingStatusReq",""
"2023-04-11T09:48:21.663Z","EVSE","V2G ChargingStatusRes",""
"2023-04-11T09:48:21.762Z","CAR","V2G ChargingStatusReq",""
"2023-04-11T09:48:21.823Z","EVSE","V2G ChargingStatusRes",""
"2023-04-11T09:48:21.935Z","CAR","V2G ChargingStatusReq",""
"2023-04-11T09:48:22.036Z","EVSE","V2G ChargingStatusRes",""
"2023-04-11T09:48:22.157Z","CAR","V2G ChargingStatusReq",""
"2023-04-11T09:48:22.259Z","EVSE","V2G ChargingStatusRes",""
"2023-04-11T09:48:22.382Z","CAR","V2G ChargingStatusReq",""
"2023-04-11T09:48:22.463Z","EVSE","V2G ChargingStatusRes",""
"2023-04-11T09:48:22.608Z","CAR","V2G ChargingStatusReq",""
"2023-04-11T09:48:22.690Z","EVSE","V2G ChargingStatusRes",""
"2023-04-11T09:48:22.801Z","CAR","V2G ChargingStatusReq",""
"2023-04-11T09:48:22.892Z","EVSE","V2G ChargingStatusRes",""
"2023-04-11T09:48:23.024Z","CAR","V2G ChargingStatusReq",""
"2023-04-11T09:48:23.105Z","EVSE","V2G ChargingStatusRes",""
"2023-04-11T09:48:23.216Z","CAR","V2G ChargingStatusReq",""
"2023-04-11T09:48:23.328Z","EVSE","V2G ChargingStatusRes",""
"2023-04-11T09:48:23.429Z","CAR","V2G ChargingStatusReq",""
"2023-04-11T09:48:23.541Z","EVSE","V2G ChargingStatusRes",""
"2023-04-11T09:48:23.667Z","CAR","V2G ChargingStatusReq",""
"2023-04-11T09:48:23.748Z","EVSE","V2G ChargingStatusRes",""
"2023-04-11T09:48:23.860Z","CAR","V2G ChargingStatusReq",""
"2023-04-11T09:48:23.961Z","EVSE","V2G ChargingStatusRes",""
"2023-04-11T09:48:24.072Z","CAR","V2G ChargingStatusReq",""
"2023-04-11T09:48:24.175Z","EVSE","V2G ChargingStatusRes",""
"2023-04-11T09:48:24.286Z","CAR","V2G ChargingStatusReq",""
"2023-04-11T09:48:24.391Z","EVSE","V2G ChargingStatusRes",""
"2023-04-11T09:48:24.513Z","CAR","V2G ChargingStatusReq",""
"2023-04-11T09:48:24.646Z","EVSE","V2G ChargingStatusRes",""
"2023-04-11T09:48:24.718Z","CAR","V2G ChargingStatusReq",""
"2023-04-11T09:48:24.809Z","EVSE","V2G ChargingStatusRes",""
"2023-04-11T09:48:24.920Z","CAR","V2G ChargingStatusReq",""
"2023-04-11T09:48:25.022Z","EVSE","V2G ChargingStatusRes",""
"2023-04-11T09:48:25.143Z","CAR","V2G PowerDeliveryReq",""
"2023-04-11T09:48:25.225Z","EVSE","V2G PowerDeliveryRes",""
"2023-04-11T09:48:25.410Z","CAR","Event CarRequestedStopPower",""
"2023-04-11T09:48:25.410Z","EVSE","Event PowerOff",""
"2023-04-11T09:48:25.436Z","EVSE","Charger state: Charging->Car Paused",""
"2023-04-11T09:48:25.626Z","EVSE","Set PWM On (5.000000074505806%)",""
"2023-04-11T09:48:25.758Z","CAR","V2G SessionStopReq",""
"2023-04-11T09:48:25.849Z","EVSE","V2G SessionStopRes",""
"2023-04-11T09:48:27.300Z","EVSE","SLAC UNMATCHED",""
"2023-04-11T09:48:27.311Z","CAR","Event BCDtoEF",""
"2023-04-11T09:48:27.311Z","CAR","Event CarRequestedStopPower",""
"2023-04-11T09:48:27.566Z","CAR","Event CarUnplugged",""
"2023-04-11T09:48:27.575Z","EVSE","SLAC UNMATCHED",""
"2023-04-11T09:48:27.614Z","EVSE","Charger state: Car Paused->StoppingCharging",""
"2023-04-11T09:48:27.614Z","EVSE","Set PWM Off",""
"2023-04-11T09:48:27.719Z","EVSE","Transaction Finished: EVDisconnected (0.38944427490234373 kWh)",""
"2023-04-11T09:48:27.770Z","EVSE","Charger state: StoppingCharging->Finished",""
"2023-04-11T09:48:27.771Z","EVSE","Session Finished",""
"2023-04-11T09:48:27.771Z","SYS","Session logging stopped.",""
