"2023-03-30T06:29:19.281Z","SYS","Session logging started.",""
"2023-03-30T06:29:19.282Z","EVSE","Session Started: EVConnected",""
"2023-03-30T06:29:19.283Z","EVSE","Set PWM On (5.000000074505806%)",""
"2023-03-30T06:29:19.527Z","EVSE","SLAC MATCHING",""
"2023-03-30T06:29:20.875Z","EVSE","SLAC MATCHED",""
"2023-03-30T06:29:21.410Z","EVSE","Change HLC Limits: 10000W/25A, target_voltage 0, hack_bpt false",""
"2023-03-30T06:29:21.560Z","EVSE","EIM Authorization received",""
"2023-03-30T06:29:21.561Z","EVSE","Transaction Started (305.757 kWh)",""
"2023-03-30T06:29:21.563Z","EVSE","DC mode. We are in 5percent mode so we can continue without further action.",""
"2023-03-30T06:29:21.613Z","EVSE","Charger state: Wait for Auth->PrepareCharging",""
"2023-03-30T06:29:21.751Z","EVSE","Set PWM On (5.000000074505806%)",""
"2023-03-30T06:29:22.300Z","CAR","V2G SupportedAppProtocolReq",""
"2023-03-30T06:29:22.302Z","EVSE","V2G SupportedAppProtocolRes",""
"2023-03-30T06:29:22.340Z","CAR","V2G SessionSetupReq",""
"2023-03-30T06:29:22.411Z","EVSE","V2G SessionSetupRes",""
"2023-03-30T06:29:22.473Z","CAR","V2G ServiceDiscoveryReq",""
"2023-03-30T06:29:22.564Z","EVSE","V2G ServiceDiscoveryRes",""
"2023-03-30T06:29:22.646Z","CAR","V2G PaymentServiceSelectionReq",""
"2023-03-30T06:29:22.727Z","EVSE","V2G PaymentServiceSelectionRes",""
"2023-03-30T06:29:23.047Z","CAR","V2G AuthorizationReq",""
"2023-03-30T06:29:23.052Z","EVSE","V2G AuthorizationRes",""
"2023-03-30T06:29:23.455Z","CAR","V2G AuthorizationReq",""
"2023-03-30T06:29:23.548Z","EVSE","V2G AuthorizationRes",""
"2023-03-30T06:29:23.827Z","CAR","V2G ChargeParameterDiscoveryReq",""
"2023-03-30T06:29:23.849Z","EVSE","V2G ChargeParameterDiscoveryRes",""
"2023-03-30T06:29:24.095Z","EVSE","Start cable check...",""
"2023-03-30T06:29:24.095Z","EVSE","DC power supply set: 500V/2A, requested was 500V/2A.",""
"2023-03-30T06:29:24.119Z","CAR","V2G CableCheckReq",""
"2023-03-30T06:29:24.191Z","EVSE","V2G CableCheckRes",""
"2023-03-30T06:29:24.284Z","EVSE","DC power supply: switch ON called",""
"2023-03-30T06:29:24.448Z","CAR","V2G CableCheckReq",""
"2023-03-30T06:29:24.550Z","EVSE","V2G CableCheckRes",""
"2023-03-30T06:29:24.847Z","CAR","V2G CableCheckReq",""
"2023-03-30T06:29:24.949Z","EVSE","V2G CableCheckRes",""
"2023-03-30T06:29:25.175Z","CAR","V2G CableCheckReq",""
"2023-03-30T06:29:25.268Z","EVSE","V2G CableCheckRes",""
"2023-03-30T06:29:25.440Z","CAR","Event CarRequestedPower",""
"2023-03-30T06:29:25.554Z","CAR","V2G CableCheckReq",""
"2023-03-30T06:29:25.626Z","EVSE","V2G CableCheckRes",""
"2023-03-30T06:29:25.696Z","EVSE","Isolation measurement P 910000 N 900000.",""
"2023-03-30T06:29:25.890Z","CAR","V2G CableCheckReq",""
"2023-03-30T06:29:26.003Z","EVSE","V2G CableCheckRes",""
"2023-03-30T06:29:26.269Z","CAR","V2G CableCheckReq",""
"2023-03-30T06:29:26.350Z","EVSE","V2G CableCheckRes",""
"2023-03-30T06:29:26.614Z","CAR","V2G CableCheckReq",""
"2023-03-30T06:29:26.696Z","EVSE","Isolation measurement P 910000 N 900000.",""
"2023-03-30T06:29:26.696Z","EVSE","DC power supply set: 500V/2A, requested was 500V/2A.",""
"2023-03-30T06:29:26.719Z","EVSE","V2G CableCheckRes",""
"2023-03-30T06:29:27.012Z","CAR","V2G CableCheckReq",""
"2023-03-30T06:29:27.053Z","EVSE","Isolation measurement Ok P 910000 N 900000.",""
"2023-03-30T06:29:27.086Z","EVSE","V2G CableCheckRes",""
"2023-03-30T06:29:27.325Z","CAR","V2G CableCheckReq",""
"2023-03-30T06:29:27.480Z","EVSE","V2G CableCheckRes",""
"2023-03-30T06:29:27.695Z","CAR","V2G CableCheckReq",""
"2023-03-30T06:29:27.786Z","EVSE","V2G CableCheckRes",""
"2023-03-30T06:29:28.052Z","CAR","V2G CableCheckReq",""
"2023-03-30T06:29:28.176Z","EVSE","V2G CableCheckRes",""
"2023-03-30T06:29:28.413Z","CAR","V2G CableCheckReq",""
"2023-03-30T06:29:28.514Z","EVSE","V2G CableCheckRes",""
"2023-03-30T06:29:28.802Z","CAR","V2G CableCheckReq",""
"2023-03-30T06:29:28.864Z","EVSE","V2G CableCheckRes",""
"2023-03-30T06:29:29.171Z","CAR","V2G CableCheckReq",""
"2023-03-30T06:29:29.223Z","EVSE","V2G CableCheckRes",""
"2023-03-30T06:29:29.497Z","CAR","V2G CableCheckReq",""
"2023-03-30T06:29:29.622Z","EVSE","V2G CableCheckRes",""
"2023-03-30T06:29:29.858Z","CAR","V2G CableCheckReq",""
"2023-03-30T06:29:29.950Z","EVSE","V2G CableCheckRes",""
"2023-03-30T06:29:30.236Z","CAR","V2G CableCheckReq",""
"2023-03-30T06:29:30.318Z","EVSE","V2G CableCheckRes",""
"2023-03-30T06:29:30.572Z","CAR","V2G CableCheckReq",""
"2023-03-30T06:29:30.674Z","EVSE","V2G CableCheckRes",""
"2023-03-30T06:29:30.974Z","CAR","V2G CableCheckReq",""
"2023-03-30T06:29:31.038Z","EVSE","V2G CableCheckRes",""
"2023-03-30T06:29:31.304Z","CAR","V2G CableCheckReq",""
"2023-03-30T06:29:31.428Z","EVSE","V2G CableCheckRes",""
"2023-03-30T06:29:31.652Z","CAR","V2G CableCheckReq",""
"2023-03-30T06:29:31.754Z","EVSE","V2G CableCheckRes",""
"2023-03-30T06:29:32.041Z","CAR","V2G CableCheckReq",""
"2023-03-30T06:29:32.114Z","EVSE","V2G CableCheckRes",""
"2023-03-30T06:29:32.371Z","CAR","V2G CableCheckReq",""
"2023-03-30T06:29:32.474Z","EVSE","V2G CableCheckRes",""
"2023-03-30T06:29:32.762Z","CAR","V2G CableCheckReq",""
"2023-03-30T06:29:32.833Z","EVSE","V2G CableCheckRes",""
"2023-03-30T06:29:33.109Z","CAR","V2G CableCheckReq",""
"2023-03-30T06:29:33.222Z","EVSE","V2G CableCheckRes",""
"2023-03-30T06:29:33.447Z","CAR","V2G CableCheckReq",""
"2023-03-30T06:29:33.601Z","EVSE","V2G CableCheckRes",""
"2023-03-30T06:29:33.815Z","CAR","V2G CableCheckReq",""
"2023-03-30T06:29:33.922Z","EVSE","V2G CableCheckRes",""
"2023-03-30T06:29:34.177Z","CAR","V2G CableCheckReq",""
"2023-03-30T06:29:34.269Z","EVSE","V2G CableCheckRes",""
"2023-03-30T06:29:34.534Z","CAR","V2G CableCheckReq",""
"2023-03-30T06:29:34.626Z","EVSE","V2G CableCheckRes",""
"2023-03-30T06:29:34.896Z","CAR","V2G CableCheckReq",""
"2023-03-30T06:29:35.030Z","EVSE","V2G CableCheckRes",""
"2023-03-30T06:29:35.255Z","CAR","V2G CableCheckReq",""
"2023-03-30T06:29:35.390Z","EVSE","V2G CableCheckRes",""
"2023-03-30T06:29:35.607Z","CAR","V2G CableCheckReq",""
"2023-03-30T06:29:35.709Z","EVSE","V2G CableCheckRes",""
"2023-03-30T06:29:35.987Z","CAR","V2G CableCheckReq",""
"2023-03-30T06:29:36.071Z","EVSE","V2G CableCheckRes",""
"2023-03-30T06:29:36.330Z","CAR","V2G CableCheckReq",""
"2023-03-30T06:29:36.423Z","EVSE","V2G CableCheckRes",""
"2023-03-30T06:29:36.711Z","CAR","V2G CableCheckReq",""
"2023-03-30T06:29:36.794Z","EVSE","V2G CableCheckRes",""
"2023-03-30T06:29:37.063Z","CAR","V2G CableCheckReq",""
"2023-03-30T06:29:37.145Z","EVSE","V2G CableCheckRes",""
"2023-03-30T06:29:37.410Z","CAR","V2G CableCheckReq",""
"2023-03-30T06:29:37.545Z","EVSE","V2G CableCheckRes",""
"2023-03-30T06:29:37.772Z","CAR","V2G CableCheckReq",""
"2023-03-30T06:29:37.896Z","EVSE","V2G CableCheckRes",""
"2023-03-30T06:29:38.141Z","CAR","V2G CableCheckReq",""
"2023-03-30T06:29:38.224Z","EVSE","V2G CableCheckRes",""
"2023-03-30T06:29:38.490Z","CAR","V2G CableCheckReq",""
"2023-03-30T06:29:38.593Z","EVSE","V2G CableCheckRes",""
"2023-03-30T06:29:38.850Z","CAR","V2G CableCheckReq",""
"2023-03-30T06:29:38.964Z","EVSE","V2G CableCheckRes",""
"2023-03-30T06:29:39.241Z","CAR","V2G CableCheckReq",""
"2023-03-30T06:29:39.313Z","EVSE","V2G CableCheckRes",""
"2023-03-30T06:29:39.578Z","CAR","V2G CableCheckReq",""
"2023-03-30T06:29:39.670Z","EVSE","V2G CableCheckRes",""
"2023-03-30T06:29:39.967Z","CAR","V2G CableCheckReq",""
"2023-03-30T06:29:40.080Z","EVSE","V2G CableCheckRes",""
"2023-03-30T06:29:40.317Z","CAR","V2G CableCheckReq",""
"2023-03-30T06:29:40.420Z","EVSE","V2G CableCheckRes",""
"2023-03-30T06:29:40.655Z","CAR","V2G CableCheckReq",""
"2023-03-30T06:29:40.757Z","EVSE","V2G CableCheckRes",""
"2023-03-30T06:29:41.034Z","CAR","V2G CableCheckReq",""
"2023-03-30T06:29:41.116Z","EVSE","V2G CableCheckRes",""
"2023-03-30T06:29:41.371Z","CAR","V2G CableCheckReq",""
"2023-03-30T06:29:41.462Z","EVSE","V2G CableCheckRes",""
"2023-03-30T06:29:41.734Z","CAR","V2G CableCheckReq",""
"2023-03-30T06:29:41.836Z","EVSE","V2G CableCheckRes",""
"2023-03-30T06:29:42.094Z","CAR","V2G CableCheckReq",""
"2023-03-30T06:29:42.195Z","EVSE","V2G CableCheckRes",""
"2023-03-30T06:29:42.460Z","CAR","V2G CableCheckReq",""
"2023-03-30T06:29:42.553Z","EVSE","V2G CableCheckRes",""
"2023-03-30T06:29:42.841Z","CAR","V2G CableCheckReq",""
"2023-03-30T06:29:42.925Z","EVSE","V2G CableCheckRes",""
"2023-03-30T06:29:43.170Z","CAR","V2G CableCheckReq",""
"2023-03-30T06:29:43.273Z","EVSE","V2G CableCheckRes",""
"2023-03-30T06:29:43.528Z","CAR","V2G CableCheckReq",""
"2023-03-30T06:29:43.631Z","EVSE","V2G CableCheckRes",""
"2023-03-30T06:29:43.939Z","CAR","V2G CableCheckReq",""
"2023-03-30T06:29:44.020Z","EVSE","V2G CableCheckRes",""
"2023-03-30T06:29:44.251Z","CAR","V2G CableCheckReq",""
"2023-03-30T06:29:44.346Z","EVSE","V2G CableCheckRes",""
"2023-03-30T06:29:44.614Z","CAR","V2G CableCheckReq",""
"2023-03-30T06:29:44.716Z","EVSE","V2G CableCheckRes",""
"2023-03-30T06:29:44.975Z","CAR","V2G CableCheckReq",""
"2023-03-30T06:29:45.078Z","EVSE","V2G CableCheckRes",""
"2023-03-30T06:29:45.333Z","CAR","V2G CableCheckReq",""
"2023-03-30T06:29:45.475Z","EVSE","V2G CableCheckRes",""
"2023-03-30T06:29:45.704Z","CAR","V2G CableCheckReq",""
"2023-03-30T06:29:45.796Z","EVSE","V2G CableCheckRes",""
"2023-03-30T06:29:46.074Z","CAR","V2G CableCheckReq",""
"2023-03-30T06:29:46.156Z","EVSE","V2G CableCheckRes",""
"2023-03-30T06:29:46.422Z","CAR","V2G CableCheckReq",""
"2023-03-30T06:29:46.505Z","EVSE","V2G CableCheckRes",""
"2023-03-30T06:29:46.777Z","CAR","V2G CableCheckReq",""
"2023-03-30T06:29:46.911Z","EVSE","V2G CableCheckRes",""
"2023-03-30T06:29:47.170Z","CAR","V2G CableCheckReq",""
"2023-03-30T06:29:47.231Z","EVSE","V2G CableCheckRes",""
"2023-03-30T06:29:47.519Z","CAR","V2G CableCheckReq",""
"2023-03-30T06:29:47.591Z","EVSE","V2G CableCheckRes",""
"2023-03-30T06:29:47.652Z","EVSE","DC power supply set: 357.5V/1A, requested was 357.5V/1A.",""
"2023-03-30T06:29:47.968Z","CAR","V2G PreChargeReq",""
"2023-03-30T06:29:47.971Z","EVSE","V2G PreChargeRes",""
"2023-03-30T06:29:48.028Z","CAR","V2G PreChargeReq",""
"2023-03-30T06:29:48.123Z","EVSE","V2G PreChargeRes",""
"2023-03-30T06:29:48.216Z","EVSE","Change HLC Limits: 10000W/25A, target_voltage 357.5, hack_bpt false",""
"2023-03-30T06:29:48.422Z","CAR","V2G PreChargeReq",""
"2023-03-30T06:29:48.474Z","EVSE","V2G PreChargeRes",""
"2023-03-30T06:29:48.782Z","CAR","V2G PreChargeReq",""
"2023-03-30T06:29:48.844Z","EVSE","V2G PreChargeRes",""
"2023-03-30T06:29:49.175Z","CAR","V2G PowerDeliveryReq",""
"2023-03-30T06:29:49.236Z","EVSE","V2G PowerDeliveryRes",""
"2023-03-30T06:29:49.318Z","EVSE","Charger state: PrepareCharging->Charging",""
"2023-03-30T06:29:49.341Z","EVSE","DC power supply set: 389.5V/3A, requested was 389.5V/3A.",""
"2023-03-30T06:29:49.614Z","CAR","V2G CurrentDemandReq",""
"2023-03-30T06:29:49.616Z","EVSE","V2G CurrentDemandRes",""
"2023-03-30T06:29:49.619Z","EVSE","DC power supply set: 389.29998779296875V/8.187000274658203A, requested was 389.29998779296875V/8.187000274658203A.",""
"2023-03-30T06:29:49.705Z","EVSE","Change HLC Limits: 10000W/25A, target_voltage 389.3, hack_bpt false",""
"2023-03-30T06:29:49.729Z","CAR","V2G CurrentDemandReq",""
"2023-03-30T06:29:49.732Z","EVSE","V2G CurrentDemandRes",""
"2023-03-30T06:29:49.818Z","EVSE","DC power supply set: 389.5V/13.375A, requested was 389.5V/13.375A.",""
"2023-03-30T06:29:49.914Z","CAR","V2G CurrentDemandReq",""
"2023-03-30T06:29:49.922Z","EVSE","V2G CurrentDemandRes",""
"2023-03-30T06:29:50.086Z","EVSE","DC power supply set: 389.5V/18.593000411987305A, requested was 389.5V/18.593000411987305A.",""
"2023-03-30T06:29:50.183Z","CAR","V2G CurrentDemandReq",""
"2023-03-30T06:29:50.185Z","EVSE","V2G CurrentDemandRes",""
"2023-03-30T06:29:50.354Z","EVSE","DC power supply set: 389.29998779296875V/23.7810001373291A, requested was 389.29998779296875V/23.7810001373291A.",""
"2023-03-30T06:29:50.441Z","CAR","V2G CurrentDemandReq",""
"2023-03-30T06:29:50.444Z","EVSE","V2G CurrentDemandRes",""
"2023-03-30T06:29:50.601Z","EVSE","DC power supply set: 389.5V/25A, requested was 389.5V/25A.",""
"2023-03-30T06:29:50.698Z","CAR","V2G CurrentDemandReq",""
"2023-03-30T06:29:50.700Z","EVSE","V2G CurrentDemandRes",""
"2023-03-30T06:29:50.873Z","CAR","V2G CurrentDemandReq",""
"2023-03-30T06:29:50.967Z","EVSE","V2G CurrentDemandRes",""
"2023-03-30T06:29:51.063Z","EVSE","Change HLC Limits: 10000W/25A, target_voltage 389.5, hack_bpt false",""
"2023-03-30T06:29:51.157Z","CAR","V2G CurrentDemandReq",""
"2023-03-30T06:29:51.220Z","EVSE","V2G CurrentDemandRes",""
"2023-03-30T06:29:51.374Z","CAR","V2G CurrentDemandReq",""
"2023-03-30T06:29:51.476Z","EVSE","V2G CurrentDemandRes",""
"2023-03-30T06:29:51.641Z","CAR","V2G CurrentDemandReq",""
"2023-03-30T06:29:51.725Z","EVSE","V2G CurrentDemandRes",""
"2023-03-30T06:29:51.889Z","CAR","V2G CurrentDemandReq",""
"2023-03-30T06:29:52.002Z","EVSE","V2G CurrentDemandRes",""
"2023-03-30T06:29:52.180Z","CAR","V2G CurrentDemandReq",""
"2023-03-30T06:29:52.294Z","EVSE","V2G CurrentDemandRes",""
"2023-03-30T06:29:52.417Z","EVSE","DC power supply set: 389.29998779296875V/25A, requested was 389.29998779296875V/25A.",""
"2023-03-30T06:29:52.514Z","CAR","V2G CurrentDemandReq",""
"2023-03-30T06:29:52.575Z","EVSE","V2G CurrentDemandRes",""
"2023-03-30T06:29:52.575Z","EVSE","Change HLC Limits: 10000W/25A, target_voltage 389.3, hack_bpt false",""
"2023-03-30T06:29:52.700Z","CAR","V2G CurrentDemandReq",""
"2023-03-30T06:29:52.774Z","EVSE","V2G CurrentDemandRes",""
"2023-03-30T06:29:52.927Z","EVSE","DC power supply set: 389.5V/25A, requested was 389.5V/25A.",""
"2023-03-30T06:29:53.015Z","CAR","V2G CurrentDemandReq",""
"2023-03-30T06:29:53.034Z","EVSE","V2G CurrentDemandRes",""
"2023-03-30T06:29:53.199Z","CAR","V2G CurrentDemandReq",""
"2023-03-30T06:29:53.292Z","EVSE","V2G CurrentDemandRes",""
"2023-03-30T06:29:53.468Z","CAR","V2G CurrentDemandReq",""
"2023-03-30T06:29:53.550Z","EVSE","V2G CurrentDemandRes",""
"2023-03-30T06:29:53.714Z","EVSE","DC power supply set: 389.29998779296875V/25A, requested was 389.29998779296875V/25A.",""
"2023-03-30T06:29:53.822Z","CAR","V2G CurrentDemandReq",""
"2023-03-30T06:29:53.825Z","EVSE","V2G CurrentDemandRes",""
"2023-03-30T06:29:53.996Z","EVSE","DC power supply set: 389.5V/25A, requested was 389.5V/25A.",""
"2023-03-30T06:29:54.084Z","CAR","V2G CurrentDemandReq",""
"2023-03-30T06:29:54.087Z","EVSE","V2G CurrentDemandRes",""
"2023-03-30T06:29:54.229Z","CAR","V2G CurrentDemandReq",""
"2023-03-30T06:29:54.332Z","EVSE","V2G CurrentDemandRes",""
"2023-03-30T06:29:54.496Z","CAR","V2G CurrentDemandReq",""
"2023-03-30T06:29:54.603Z","EVSE","V2G CurrentDemandRes",""
"2023-03-30T06:29:54.768Z","CAR","V2G CurrentDemandReq",""
"2023-03-30T06:29:54.850Z","EVSE","V2G CurrentDemandRes",""
"2023-03-30T06:29:55.026Z","EVSE","DC power supply set: 389.29998779296875V/25A, requested was 389.29998779296875V/25A.",""
"2023-03-30T06:29:55.134Z","CAR","V2G CurrentDemandReq",""
"2023-03-30T06:29:55.137Z","EVSE","V2G CurrentDemandRes",""
"2023-03-30T06:29:55.279Z","EVSE","DC power supply set: 389.5V/25A, requested was 389.5V/25A.",""
"2023-03-30T06:29:55.332Z","EVSE","Change HLC Limits: 10000W/25A, target_voltage 389.5, hack_bpt false",""
"2023-03-30T06:29:55.420Z","CAR","V2G CurrentDemandReq",""
"2023-03-30T06:29:55.423Z","EVSE","V2G CurrentDemandRes",""
"2023-03-30T06:29:55.550Z","CAR","V2G CurrentDemandReq",""
"2023-03-30T06:29:55.633Z","EVSE","V2G CurrentDemandRes",""
"2023-03-30T06:29:55.797Z","CAR","V2G CurrentDemandReq",""
"2023-03-30T06:29:55.921Z","EVSE","V2G CurrentDemandRes",""
"2023-03-30T06:29:56.055Z","CAR","V2G CurrentDemandReq",""
"2023-03-30T06:29:56.169Z","EVSE","V2G CurrentDemandRes",""
"2023-03-30T06:29:56.314Z","CAR","V2G CurrentDemandReq",""
"2023-03-30T06:29:56.406Z","EVSE","V2G CurrentDemandRes",""
"2023-03-30T06:29:56.580Z","CAR","V2G CurrentDemandReq",""
"2023-03-30T06:29:56.706Z","EVSE","V2G CurrentDemandRes",""
"2023-03-30T06:29:56.874Z","CAR","V2G CurrentDemandReq",""
"2023-03-30T06:29:56.936Z","EVSE","V2G CurrentDemandRes",""
"2023-03-30T06:29:57.165Z","CAR","V2G CurrentDemandReq",""
"2023-03-30T06:29:57.237Z","EVSE","V2G CurrentDemandRes",""
"2023-03-30T06:29:57.349Z","CAR","V2G CurrentDemandReq",""
"2023-03-30T06:29:57.452Z","EVSE","V2G CurrentDemandRes",""
"2023-03-30T06:29:57.628Z","CAR","V2G CurrentDemandReq",""
"2023-03-30T06:29:57.753Z","EVSE","V2G CurrentDemandRes",""
"2023-03-30T06:29:57.877Z","CAR","V2G CurrentDemandReq",""
"2023-03-30T06:29:58.011Z","EVSE","V2G CurrentDemandRes",""
"2023-03-30T06:29:58.148Z","CAR","V2G CurrentDemandReq",""
"2023-03-30T06:29:58.230Z","EVSE","V2G CurrentDemandRes",""
"2023-03-30T06:29:58.408Z","CAR","V2G CurrentDemandReq",""
"2023-03-30T06:29:58.490Z","EVSE","V2G CurrentDemandRes",""
"2023-03-30T06:29:58.655Z","CAR","V2G CurrentDemandReq",""
"2023-03-30T06:29:58.757Z","EVSE","V2G CurrentDemandRes",""
"2023-03-30T06:29:58.911Z","EVSE","DC power supply set: 389.29998779296875V/25A, requested was 389.29998779296875V/25A.",""
"2023-03-30T06:29:58.997Z","CAR","V2G CurrentDemandReq",""
"2023-03-30T06:29:59.016Z","EVSE","V2G CurrentDemandRes",""
"2023-03-30T06:29:59.171Z","EVSE","DC power supply set: 389.5V/25A, requested was 389.5V/25A.",""
"2023-03-30T06:29:59.261Z","CAR","V2G CurrentDemandReq",""
"2023-03-30T06:29:59.280Z","EVSE","V2G CurrentDemandRes",""
"2023-03-30T06:29:59.448Z","CAR","V2G CurrentDemandReq",""
"2023-03-30T06:29:59.538Z","EVSE","V2G CurrentDemandRes",""
"2023-03-30T06:29:59.723Z","EVSE","DC power supply set: 389.29998779296875V/25A, requested was 389.29998779296875V/25A.",""
"2023-03-30T06:29:59.809Z","CAR","V2G CurrentDemandReq",""
"2023-03-30T06:29:59.812Z","EVSE","V2G CurrentDemandRes",""
"2023-03-30T06:29:59.982Z","EVSE","DC power supply set: 389.5V/25A, requested was 389.5V/25A.",""
"2023-03-30T06:30:00.099Z","CAR","V2G CurrentDemandReq",""
"2023-03-30T06:30:00.104Z","EVSE","V2G CurrentDemandRes",""
"2023-03-30T06:30:00.220Z","CAR","V2G CurrentDemandReq",""
"2023-03-30T06:30:00.313Z","EVSE","V2G CurrentDemandRes",""
"2023-03-30T06:30:00.521Z","CAR","V2G CurrentDemandReq",""
"2023-03-30T06:30:00.573Z","EVSE","V2G CurrentDemandRes",""
"2023-03-30T06:30:00.728Z","CAR","V2G CurrentDemandReq",""
"2023-03-30T06:30:00.878Z","EVSE","V2G CurrentDemandRes",""
"2023-03-30T06:30:01.025Z","CAR","V2G CurrentDemandReq",""
"2023-03-30T06:30:01.089Z","EVSE","V2G CurrentDemandRes",""
"2023-03-30T06:30:01.256Z","CAR","V2G CurrentDemandReq",""
"2023-03-30T06:30:01.360Z","EVSE","V2G CurrentDemandRes",""
"2023-03-30T06:30:01.514Z","CAR","V2G CurrentDemandReq",""
"2023-03-30T06:30:01.607Z","EVSE","V2G CurrentDemandRes",""
"2023-03-30T06:30:01.771Z","CAR","V2G CurrentDemandReq",""
"2023-03-30T06:30:01.874Z","EVSE","V2G CurrentDemandRes",""
"2023-03-30T06:30:02.053Z","CAR","V2G CurrentDemandReq",""
"2023-03-30T06:30:02.136Z","EVSE","V2G CurrentDemandRes",""
"2023-03-30T06:30:02.293Z","CAR","V2G CurrentDemandReq",""
"2023-03-30T06:30:02.386Z","EVSE","V2G CurrentDemandRes",""
"2023-03-30T06:30:02.551Z","CAR","V2G CurrentDemandReq",""
"2023-03-30T06:30:02.655Z","EVSE","V2G CurrentDemandRes",""
"2023-03-30T06:30:02.819Z","CAR","V2G CurrentDemandReq",""
"2023-03-30T06:30:02.957Z","EVSE","V2G CurrentDemandRes",""
"2023-03-30T06:30:03.082Z","CAR","V2G CurrentDemandReq",""
"2023-03-30T06:30:03.196Z","EVSE","V2G CurrentDemandRes",""
"2023-03-30T06:30:03.344Z","CAR","V2G CurrentDemandReq",""
"2023-03-30T06:30:03.481Z","EVSE","V2G CurrentDemandRes",""
"2023-03-30T06:30:03.596Z","CAR","V2G CurrentDemandReq",""
"2023-03-30T06:30:03.699Z","EVSE","V2G CurrentDemandRes",""
"2023-03-30T06:30:03.854Z","CAR","V2G CurrentDemandReq",""
"2023-03-30T06:30:03.947Z","EVSE","V2G CurrentDemandRes",""
"2023-03-30T06:30:04.113Z","CAR","V2G CurrentDemandReq",""
"2023-03-30T06:30:04.206Z","EVSE","V2G CurrentDemandRes",""
"2023-03-30T06:30:04.372Z","CAR","V2G CurrentDemandReq",""
"2023-03-30T06:30:04.475Z","EVSE","V2G CurrentDemandRes",""
"2023-03-30T06:30:04.663Z","CAR","V2G CurrentDemandReq",""
"2023-03-30T06:30:04.736Z","EVSE","V2G CurrentDemandRes",""
"2023-03-30T06:30:04.934Z","CAR","V2G CurrentDemandReq",""
"2023-03-30T06:30:04.997Z","EVSE","V2G CurrentDemandRes",""
"2023-03-30T06:30:05.183Z","CAR","V2G CurrentDemandReq",""
"2023-03-30T06:30:05.255Z","EVSE","V2G CurrentDemandRes",""
"2023-03-30T06:30:05.420Z","CAR","V2G CurrentDemandReq",""
"2023-03-30T06:30:05.555Z","EVSE","V2G CurrentDemandRes",""
"2023-03-30T06:30:05.679Z","CAR","V2G CurrentDemandReq",""
"2023-03-30T06:30:05.804Z","EVSE","V2G CurrentDemandRes",""
"2023-03-30T06:30:05.938Z","CAR","V2G CurrentDemandReq",""
"2023-03-30T06:30:06.032Z","EVSE","V2G CurrentDemandRes",""
"2023-03-30T06:30:06.231Z","EVSE","DC power supply set: 389.29998779296875V/25A, requested was 389.29998779296875V/25A.",""
"2023-03-30T06:30:06.359Z","CAR","V2G CurrentDemandReq",""
"2023-03-30T06:30:06.361Z","EVSE","V2G CurrentDemandRes",""
"2023-03-30T06:30:06.450Z","EVSE","DC power supply set: 389.5V/25A, requested was 389.5V/25A.",""
"2023-03-30T06:30:06.546Z","CAR","V2G CurrentDemandReq",""
"2023-03-30T06:30:06.565Z","EVSE","V2G CurrentDemandRes",""
"2023-03-30T06:30:06.719Z","CAR","V2G CurrentDemandReq",""
"2023-03-30T06:30:06.813Z","EVSE","V2G CurrentDemandRes",""
"2023-03-30T06:30:06.992Z","CAR","V2G CurrentDemandReq",""
"2023-03-30T06:30:07.074Z","EVSE","V2G CurrentDemandRes",""
"2023-03-30T06:30:07.239Z","CAR","V2G CurrentDemandReq",""
"2023-03-30T06:30:07.333Z","EVSE","V2G CurrentDemandRes",""
"2023-03-30T06:30:07.529Z","CAR","V2G CurrentDemandReq",""
"2023-03-30T06:30:07.602Z","EVSE","V2G CurrentDemandRes",""
"2023-03-30T06:30:07.756Z","EVSE","DC power supply set: 389.29998779296875V/25A, requested was 389.29998779296875V/25A.",""
"2023-03-30T06:30:07.843Z","CAR","V2G CurrentDemandReq",""
"2023-03-30T06:30:07.862Z","EVSE","V2G CurrentDemandRes",""
"2023-03-30T06:30:08.016Z","EVSE","DC power supply set: 389.5V/25A, requested was 389.5V/25A.",""
"2023-03-30T06:30:08.174Z","CAR","V2G CurrentDemandReq",""
"2023-03-30T06:30:08.176Z","EVSE","V2G CurrentDemandRes",""
"2023-03-30T06:30:08.308Z","EVSE","DC power supply set: 389.29998779296875V/25A, requested was 389.29998779296875V/25A.",""
"2023-03-30T06:30:08.398Z","CAR","V2G CurrentDemandReq",""
"2023-03-30T06:30:08.400Z","EVSE","V2G CurrentDemandRes",""
"2023-03-30T06:30:08.539Z","EVSE","DC power supply set: 389.5V/25A, requested was 389.5V/25A.",""
"2023-03-30T06:30:08.647Z","CAR","V2G CurrentDemandReq",""
"2023-03-30T06:30:08.650Z","EVSE","V2G CurrentDemandRes",""
"2023-03-30T06:30:08.832Z","CAR","V2G CurrentDemandReq",""
"2023-03-30T06:30:08.904Z","EVSE","V2G CurrentDemandRes",""
"2023-03-30T06:30:09.059Z","CAR","V2G CurrentDemandReq",""
"2023-03-30T06:30:09.153Z","EVSE","V2G CurrentDemandRes",""
"2023-03-30T06:30:09.319Z","CAR","V2G CurrentDemandReq",""
"2023-03-30T06:30:09.416Z","EVSE","V2G CurrentDemandRes",""
"2023-03-30T06:30:09.583Z","EVSE","DC power supply set: 389.29998779296875V/25A, requested was 389.29998779296875V/25A.",""
"2023-03-30T06:30:09.672Z","CAR","V2G CurrentDemandReq",""
"2023-03-30T06:30:09.691Z","EVSE","V2G CurrentDemandRes",""
"2023-03-30T06:30:09.835Z","EVSE","DC power supply set: 389.5V/25A, requested was 389.5V/25A.",""
"2023-03-30T06:30:09.922Z","CAR","V2G CurrentDemandReq",""
"2023-03-30T06:30:09.942Z","EVSE","V2G CurrentDemandRes",""
"2023-03-30T06:30:10.138Z","CAR","V2G CurrentDemandReq",""
"2023-03-30T06:30:10.213Z","EVSE","V2G CurrentDemandRes",""
"2023-03-30T06:30:10.356Z","CAR","V2G CurrentDemandReq",""
"2023-03-30T06:30:10.449Z","EVSE","V2G CurrentDemandRes",""
"2023-03-30T06:30:10.615Z","CAR","V2G CurrentDemandReq",""
"2023-03-30T06:30:10.739Z","EVSE","V2G CurrentDemandRes",""
"2023-03-30T06:30:10.874Z","EVSE","DC power supply set: 389.29998779296875V/25A, requested was 389.29998779296875V/25A.",""
"2023-03-30T06:30:11.025Z","CAR","V2G CurrentDemandReq",""
"2023-03-30T06:30:11.027Z","EVSE","V2G CurrentDemandRes",""
"2023-03-30T06:30:11.136Z","EVSE","DC power supply set: 389.5V/25A, requested was 389.5V/25A.",""
"2023-03-30T06:30:11.237Z","CAR","V2G CurrentDemandReq",""
"2023-03-30T06:30:11.245Z","EVSE","V2G CurrentDemandRes",""
"2023-03-30T06:30:11.436Z","CAR","V2G CurrentDemandReq",""
"2023-03-30T06:30:11.498Z","EVSE","V2G CurrentDemandRes",""
"2023-03-30T06:30:11.653Z","CAR","V2G CurrentDemandReq",""
"2023-03-30T06:30:11.757Z","EVSE","V2G CurrentDemandRes",""
"2023-03-30T06:30:11.925Z","EVSE","DC power supply set: 389.29998779296875V/25A, requested was 389.29998779296875V/25A.",""
"2023-03-30T06:30:12.067Z","CAR","V2G CurrentDemandReq",""
"2023-03-30T06:30:12.070Z","EVSE","V2G CurrentDemandRes",""
"2023-03-30T06:30:12.179Z","EVSE","DC power supply set: 389.5V/25A, requested was 389.5V/25A.",""
"2023-03-30T06:30:12.235Z","CAR","V2G CurrentDemandReq",""
"2023-03-30T06:30:12.306Z","EVSE","V2G CurrentDemandRes",""
"2023-03-30T06:30:12.429Z","CAR","V2G CurrentDemandReq",""
"2023-03-30T06:30:12.533Z","EVSE","V2G CurrentDemandRes",""
"2023-03-30T06:30:12.722Z","CAR","V2G CurrentDemandReq",""
"2023-03-30T06:30:12.795Z","EVSE","V2G CurrentDemandRes",""
"2023-03-30T06:30:12.950Z","CAR","V2G CurrentDemandReq",""
"2023-03-30T06:30:13.065Z","EVSE","V2G CurrentDemandRes",""
"2023-03-30T06:30:13.226Z","CAR","V2G CurrentDemandReq",""
"2023-03-30T06:30:13.320Z","EVSE","V2G CurrentDemandRes",""
"2023-03-30T06:30:13.484Z","CAR","V2G CurrentDemandReq",""
"2023-03-30T06:30:13.577Z","EVSE","V2G CurrentDemandRes",""
"2023-03-30T06:30:13.766Z","CAR","V2G CurrentDemandReq",""
"2023-03-30T06:30:13.869Z","EVSE","V2G CurrentDemandRes",""
"2023-03-30T06:30:14.015Z","CAR","V2G CurrentDemandReq",""
"2023-03-30T06:30:14.098Z","EVSE","V2G CurrentDemandRes",""
"2023-03-30T06:30:14.254Z","CAR","V2G CurrentDemandReq",""
"2023-03-30T06:30:14.389Z","EVSE","V2G CurrentDemandRes",""
"2023-03-30T06:30:14.513Z","CAR","V2G CurrentDemandReq",""
"2023-03-30T06:30:14.617Z","EVSE","V2G CurrentDemandRes",""
"2023-03-30T06:30:14.782Z","CAR","V2G CurrentDemandReq",""
"2023-03-30T06:30:14.884Z","EVSE","V2G CurrentDemandRes",""
"2023-03-30T06:30:15.029Z","CAR","V2G CurrentDemandReq",""
"2023-03-30T06:30:15.132Z","EVSE","V2G CurrentDemandRes",""
"2023-03-30T06:30:15.309Z","CAR","V2G CurrentDemandReq",""
"2023-03-30T06:30:15.413Z","EVSE","V2G CurrentDemandRes",""
"2023-03-30T06:30:15.601Z","CAR","V2G CurrentDemandReq",""
"2023-03-30T06:30:15.675Z","EVSE","V2G CurrentDemandRes",""
"2023-03-30T06:30:15.819Z","CAR","V2G CurrentDemandReq",""
"2023-03-30T06:30:15.912Z","EVSE","V2G CurrentDemandRes",""
"2023-03-30T06:30:16.078Z","CAR","V2G CurrentDemandReq",""
"2023-03-30T06:30:16.174Z","EVSE","V2G CurrentDemandRes",""
"2023-03-30T06:30:16.339Z","CAR","V2G CurrentDemandReq",""
"2023-03-30T06:30:16.468Z","EVSE","V2G CurrentDemandRes",""
"2023-03-30T06:30:16.594Z","EVSE","DC power supply set: 389.29998779296875V/25A, requested was 389.29998779296875V/25A.",""
"2023-03-30T06:30:16.684Z","CAR","V2G CurrentDemandReq",""
"2023-03-30T06:30:16.723Z","EVSE","Change HLC Limits: 10000W/25A, target_voltage 389.3, hack_bpt false",""
"2023-03-30T06:30:16.745Z","EVSE","V2G CurrentDemandRes",""
"2023-03-30T06:30:16.881Z","EVSE","DC power supply set: 389.5V/25A, requested was 389.5V/25A.",""
"2023-03-30T06:30:17.022Z","CAR","V2G CurrentDemandReq",""
"2023-03-30T06:30:17.026Z","EVSE","V2G CurrentDemandRes",""
"2023-03-30T06:30:17.123Z","CAR","V2G CurrentDemandReq",""
"2023-03-30T06:30:17.257Z","EVSE","V2G CurrentDemandRes",""
"2023-03-30T06:30:17.371Z","CAR","V2G CurrentDemandReq",""
"2023-03-30T06:30:17.475Z","EVSE","V2G CurrentDemandRes",""
"2023-03-30T06:30:17.639Z","EVSE","DC power supply set: 389.29998779296875V/25A, requested was 389.29998779296875V/25A.",""
"2023-03-30T06:30:17.737Z","CAR","V2G CurrentDemandReq",""
"2023-03-30T06:30:17.745Z","EVSE","V2G CurrentDemandRes",""
"2023-03-30T06:30:17.900Z","EVSE","DC power supply set: 389.5V/25A, requested was 389.5V/25A.",""
"2023-03-30T06:30:17.998Z","CAR","V2G CurrentDemandReq",""
"2023-03-30T06:30:18.007Z","EVSE","V2G CurrentDemandRes",""
"2023-03-30T06:30:18.163Z","EVSE","Change HLC Limits: 10000W/25A, target_voltage 389.5, hack_bpt false",""
"2023-03-30T06:30:18.163Z","CAR","V2G CurrentDemandReq",""
"2023-03-30T06:30:18.299Z","EVSE","V2G CurrentDemandRes",""
"2023-03-30T06:30:18.414Z","CAR","V2G CurrentDemandReq",""
"2023-03-30T06:30:18.517Z","EVSE","V2G CurrentDemandRes",""
"2023-03-30T06:30:18.682Z","EVSE","DC power supply set: 389.29998779296875V/25A, requested was 389.29998779296875V/25A.",""
"2023-03-30T06:30:18.800Z","CAR","V2G CurrentDemandReq",""
"2023-03-30T06:30:18.803Z","EVSE","V2G CurrentDemandRes",""
"2023-03-30T06:30:18.933Z","EVSE","DC power supply set: 389.5V/25A, requested was 389.5V/25A.",""
"2023-03-30T06:30:19.084Z","CAR","V2G CurrentDemandReq",""
"2023-03-30T06:30:19.085Z","EVSE","V2G CurrentDemandRes",""
"2023-03-30T06:30:19.196Z","CAR","V2G CurrentDemandReq",""
"2023-03-30T06:30:19.344Z","EVSE","V2G CurrentDemandRes",""
"2023-03-30T06:30:19.470Z","CAR","V2G CurrentDemandReq",""
"2023-03-30T06:30:19.586Z","EVSE","V2G CurrentDemandRes",""
"2023-03-30T06:30:19.722Z","CAR","V2G CurrentDemandReq",""
"2023-03-30T06:30:19.816Z","EVSE","V2G CurrentDemandRes",""
"2023-03-30T06:30:19.971Z","EVSE","DC power supply set: 389.29998779296875V/25A, requested was 389.29998779296875V/25A.",""
"2023-03-30T06:30:20.069Z","CAR","V2G CurrentDemandReq",""
"2023-03-30T06:30:20.087Z","EVSE","V2G CurrentDemandRes",""
"2023-03-30T06:30:20.254Z","EVSE","DC power supply set: 389.5V/25A, requested was 389.5V/25A.",""
"2023-03-30T06:30:20.341Z","CAR","V2G CurrentDemandReq",""
"2023-03-30T06:30:20.343Z","EVSE","V2G CurrentDemandRes",""
"2023-03-30T06:30:20.548Z","CAR","V2G CurrentDemandReq",""
"2023-03-30T06:30:20.602Z","EVSE","V2G CurrentDemandRes",""
"2023-03-30T06:30:20.758Z","EVSE","DC power supply set: 389.29998779296875V/25A, requested was 389.29998779296875V/25A.",""
"2023-03-30T06:30:20.880Z","CAR","V2G CurrentDemandReq",""
"2023-03-30T06:30:20.889Z","EVSE","Change HLC Limits: 10000W/25A, target_voltage 389.3, hack_bpt false",""
"2023-03-30T06:30:20.902Z","EVSE","V2G CurrentDemandRes",""
"2023-03-30T06:30:21.040Z","EVSE","DC power supply set: 389.5V/25A, requested was 389.5V/25A.",""
"2023-03-30T06:30:21.129Z","CAR","V2G CurrentDemandReq",""
"2023-03-30T06:30:21.131Z","EVSE","V2G CurrentDemandRes",""
"2023-03-30T06:30:21.285Z","CAR","V2G CurrentDemandReq",""
"2023-03-30T06:30:21.378Z","EVSE","V2G CurrentDemandRes",""
"2023-03-30T06:30:21.545Z","CAR","V2G CurrentDemandReq",""
"2023-03-30T06:30:21.639Z","EVSE","V2G CurrentDemandRes",""
"2023-03-30T06:30:21.840Z","EVSE","DC power supply set: 389.29998779296875V/25A, requested was 389.29998779296875V/25A.",""
"2023-03-30T06:30:21.928Z","CAR","V2G CurrentDemandReq",""
"2023-03-30T06:30:21.931Z","EVSE","V2G CurrentDemandRes",""
"2023-03-30T06:30:22.061Z","CAR","V2G CurrentDemandReq",""
"2023-03-30T06:30:22.156Z","EVSE","V2G CurrentDemandRes",""
"2023-03-30T06:30:22.359Z","EVSE","DC power supply set: 389.5V/25A, requested was 389.5V/25A.",""
"2023-03-30T06:30:22.361Z","EVSE","Change HLC Limits: 10000W/25A, target_voltage 389.5, hack_bpt false",""
"2023-03-30T06:30:22.514Z","CAR","V2G CurrentDemandReq",""
"2023-03-30T06:30:22.517Z","EVSE","V2G CurrentDemandRes",""
"2023-03-30T06:30:22.596Z","CAR","V2G CurrentDemandReq",""
"2023-03-30T06:30:22.668Z","EVSE","V2G CurrentDemandRes",""
"2023-03-30T06:30:22.834Z","CAR","V2G CurrentDemandReq",""
"2023-03-30T06:30:22.940Z","EVSE","V2G CurrentDemandRes",""
"2023-03-30T06:30:23.160Z","CAR","V2G CurrentDemandReq",""
"2023-03-30T06:30:23.192Z","EVSE","V2G CurrentDemandRes",""
"2023-03-30T06:30:23.357Z","CAR","V2G CurrentDemandReq",""
"2023-03-30T06:30:23.451Z","EVSE","V2G CurrentDemandRes",""
"2023-03-30T06:30:23.615Z","EVSE","DC power supply set: 389.29998779296875V/25A, requested was 389.29998779296875V/25A.",""
"2023-03-30T06:30:23.713Z","CAR","V2G CurrentDemandReq",""
"2023-03-30T06:30:23.731Z","EVSE","V2G CurrentDemandRes",""
"2023-03-30T06:30:23.921Z","EVSE","DC power supply set: 389.5V/25A, requested was 389.5V/25A.",""
"2023-03-30T06:30:24.036Z","CAR","V2G CurrentDemandReq",""
"2023-03-30T06:30:24.038Z","EVSE","V2G CurrentDemandRes",""
"2023-03-30T06:30:24.139Z","CAR","V2G CurrentDemandReq",""
"2023-03-30T06:30:24.255Z","EVSE","V2G CurrentDemandRes",""
"2023-03-30T06:30:24.458Z","CAR","V2G CurrentDemandReq",""
"2023-03-30T06:30:24.501Z","EVSE","V2G CurrentDemandRes",""
"2023-03-30T06:30:24.658Z","CAR","V2G CurrentDemandReq",""
"2023-03-30T06:30:24.761Z","EVSE","V2G CurrentDemandRes",""
"2023-03-30T06:30:24.926Z","CAR","V2G CurrentDemandReq",""
"2023-03-30T06:30:25.011Z","EVSE","V2G CurrentDemandRes",""
"2023-03-30T06:30:25.176Z","CAR","V2G CurrentDemandReq",""
"2023-03-30T06:30:25.313Z","EVSE","V2G CurrentDemandRes",""
"2023-03-30T06:30:25.437Z","CAR","V2G CurrentDemandReq",""
"2023-03-30T06:30:25.542Z","EVSE","V2G CurrentDemandRes",""
"2023-03-30T06:30:25.742Z","CAR","V2G CurrentDemandReq",""
"2023-03-30T06:30:25.794Z","EVSE","V2G CurrentDemandRes",""
"2023-03-30T06:30:25.959Z","CAR","V2G CurrentDemandReq",""
"2023-03-30T06:30:26.052Z","EVSE","V2G CurrentDemandRes",""
"2023-03-30T06:30:26.218Z","CAR","V2G CurrentDemandReq",""
"2023-03-30T06:30:26.364Z","EVSE","V2G CurrentDemandRes",""
"2023-03-30T06:30:26.480Z","CAR","V2G CurrentDemandReq",""
"2023-03-30T06:30:26.616Z","EVSE","V2G CurrentDemandRes",""
"2023-03-30T06:30:26.741Z","CAR","V2G CurrentDemandReq",""
"2023-03-30T06:30:26.836Z","EVSE","V2G CurrentDemandRes",""
"2023-03-30T06:30:27.016Z","CAR","V2G CurrentDemandReq",""
"2023-03-30T06:30:27.120Z","EVSE","V2G CurrentDemandRes",""
"2023-03-30T06:30:27.277Z","CAR","V2G CurrentDemandReq",""
"2023-03-30T06:30:27.392Z","EVSE","V2G CurrentDemandRes",""
"2023-03-30T06:30:27.516Z","EVSE","DC power supply set: 389.29998779296875V/25A, requested was 389.29998779296875V/25A.",""
"2023-03-30T06:30:27.616Z","CAR","V2G CurrentDemandReq",""
"2023-03-30T06:30:27.624Z","EVSE","V2G CurrentDemandRes",""
"2023-03-30T06:30:27.780Z","EVSE","DC power supply set: 389.5V/25A, requested was 389.5V/25A.",""
"2023-03-30T06:30:27.869Z","CAR","V2G CurrentDemandReq",""
"2023-03-30T06:30:27.910Z","EVSE","V2G CurrentDemandRes",""
"2023-03-30T06:30:28.036Z","EVSE","DC power supply set: 389.29998779296875V/25A, requested was 389.29998779296875V/25A.",""
"2023-03-30T06:30:28.136Z","CAR","V2G CurrentDemandReq",""
"2023-03-30T06:30:28.218Z","EVSE","V2G CurrentDemandRes",""
"2023-03-30T06:30:28.301Z","EVSE","DC power supply set: 389.5V/25A, requested was 389.5V/25A.",""
"2023-03-30T06:30:28.423Z","CAR","V2G CurrentDemandReq",""
"2023-03-30T06:30:28.426Z","EVSE","V2G CurrentDemandRes",""
"2023-03-30T06:30:28.556Z","CAR","V2G CurrentDemandReq",""
"2023-03-30T06:30:28.661Z","EVSE","V2G CurrentDemandRes",""
"2023-03-30T06:30:28.817Z","CAR","V2G CurrentDemandReq",""
"2023-03-30T06:30:28.910Z","EVSE","V2G CurrentDemandRes",""
"2023-03-30T06:30:29.079Z","CAR","V2G CurrentDemandReq",""
"2023-03-30T06:30:29.215Z","EVSE","V2G CurrentDemandRes",""
"2023-03-30T06:30:29.341Z","CAR","V2G CurrentDemandReq",""
"2023-03-30T06:30:29.469Z","EVSE","V2G CurrentDemandRes",""
"2023-03-30T06:30:29.604Z","CAR","V2G CurrentDemandReq",""
"2023-03-30T06:30:29.698Z","EVSE","V2G CurrentDemandRes",""
"2023-03-30T06:30:29.853Z","CAR","V2G CurrentDemandReq",""
"2023-03-30T06:30:29.968Z","EVSE","V2G CurrentDemandRes",""
"2023-03-30T06:30:30.126Z","CAR","V2G CurrentDemandReq",""
"2023-03-30T06:30:30.219Z","EVSE","V2G CurrentDemandRes",""
"2023-03-30T06:30:30.385Z","CAR","V2G CurrentDemandReq",""
"2023-03-30T06:30:30.521Z","EVSE","V2G CurrentDemandRes",""
"2023-03-30T06:30:30.691Z","CAR","V2G CurrentDemandReq",""
"2023-03-30T06:30:30.734Z","EVSE","V2G CurrentDemandRes",""
"2023-03-30T06:30:30.900Z","CAR","V2G CurrentDemandReq",""
"2023-03-30T06:30:30.993Z","EVSE","V2G CurrentDemandRes",""
"2023-03-30T06:30:31.160Z","CAR","V2G CurrentDemandReq",""
"2023-03-30T06:30:31.264Z","EVSE","V2G CurrentDemandRes",""
"2023-03-30T06:30:31.410Z","CAR","V2G CurrentDemandReq",""
"2023-03-30T06:30:31.514Z","EVSE","V2G CurrentDemandRes",""
"2023-03-30T06:30:31.679Z","CAR","V2G CurrentDemandReq",""
"2023-03-30T06:30:31.805Z","EVSE","V2G CurrentDemandRes",""
"2023-03-30T06:30:31.962Z","CAR","V2G CurrentDemandReq",""
"2023-03-30T06:30:32.048Z","EVSE","V2G CurrentDemandRes",""
"2023-03-30T06:30:32.194Z","CAR","V2G CurrentDemandReq",""
"2023-03-30T06:30:32.298Z","EVSE","V2G CurrentDemandRes",""
"2023-03-30T06:30:32.455Z","CAR","V2G CurrentDemandReq",""
"2023-03-30T06:30:32.558Z","EVSE","V2G CurrentDemandRes",""
"2023-03-30T06:30:32.736Z","CAR","V2G CurrentDemandReq",""
"2023-03-30T06:30:32.810Z","EVSE","V2G CurrentDemandRes",""
"2023-03-30T06:30:32.987Z","CAR","V2G CurrentDemandReq",""
"2023-03-30T06:30:33.096Z","EVSE","V2G CurrentDemandRes",""
"2023-03-30T06:30:33.271Z","CAR","V2G CurrentDemandReq",""
"2023-03-30T06:30:33.355Z","EVSE","V2G CurrentDemandRes",""
"2023-03-30T06:30:33.500Z","EVSE","DC power supply set: 389.29998779296875V/25A, requested was 389.29998779296875V/25A.",""
"2023-03-30T06:30:33.608Z","CAR","V2G CurrentDemandReq",""
"2023-03-30T06:30:33.611Z","EVSE","V2G CurrentDemandRes",""
"2023-03-30T06:30:33.762Z","EVSE","DC power supply set: 389.5V/25A, requested was 389.5V/25A.",""
"2023-03-30T06:30:33.850Z","CAR","V2G CurrentDemandReq",""
"2023-03-30T06:30:33.869Z","EVSE","V2G CurrentDemandRes",""
"2023-03-30T06:30:34.024Z","CAR","V2G CurrentDemandReq",""
"2023-03-30T06:30:34.118Z","EVSE","V2G CurrentDemandRes",""
"2023-03-30T06:30:34.297Z","CAR","V2G CurrentDemandReq",""
"2023-03-30T06:30:34.407Z","EVSE","V2G CurrentDemandRes",""
"2023-03-30T06:30:34.554Z","EVSE","DC power supply set: 389.29998779296875V/25A, requested was 389.29998779296875V/25A.",""
"2023-03-30T06:30:34.600Z","EVSE","Change HLC Limits: 10000W/25A, target_voltage 389.3, hack_bpt false",""
"2023-03-30T06:30:34.667Z","CAR","V2G CurrentDemandReq",""
"2023-03-30T06:30:34.669Z","EVSE","V2G CurrentDemandRes",""
"2023-03-30T06:30:34.843Z","EVSE","DC power supply set: 389.5V/25A, requested was 389.5V/25A.",""
"2023-03-30T06:30:35.025Z","CAR","V2G CurrentDemandReq",""
"2023-03-30T06:30:35.027Z","EVSE","V2G CurrentDemandRes",""
"2023-03-30T06:30:35.065Z","CAR","V2G CurrentDemandReq",""
"2023-03-30T06:30:35.149Z","EVSE","V2G CurrentDemandRes",""
"2023-03-30T06:30:35.351Z","EVSE","DC power supply set: 389.29998779296875V/25A, requested was 389.29998779296875V/25A.",""
"2023-03-30T06:30:35.450Z","CAR","V2G CurrentDemandReq",""
"2023-03-30T06:30:35.453Z","EVSE","V2G CurrentDemandRes",""
"2023-03-30T06:30:35.576Z","EVSE","DC power supply set: 389.5V/25A, requested was 389.5V/25A.",""
"2023-03-30T06:30:35.674Z","CAR","V2G CurrentDemandReq",""
"2023-03-30T06:30:35.693Z","EVSE","V2G CurrentDemandRes",""
"2023-03-30T06:30:35.849Z","CAR","V2G CurrentDemandReq",""
"2023-03-30T06:30:35.934Z","EVSE","V2G CurrentDemandRes",""
"2023-03-30T06:30:36.051Z","EVSE","Change HLC Limits: 10000W/25A, target_voltage 389.5, hack_bpt false",""
"2023-03-30T06:30:36.134Z","CAR","V2G CurrentDemandReq",""
"2023-03-30T06:30:36.271Z","EVSE","V2G CurrentDemandRes",""
"2023-03-30T06:30:36.365Z","CAR","V2G CurrentDemandReq",""
"2023-03-30T06:30:36.448Z","EVSE","V2G CurrentDemandRes",""
"2023-03-30T06:30:36.614Z","CAR","V2G CurrentDemandReq",""
"2023-03-30T06:30:36.763Z","EVSE","V2G CurrentDemandRes",""
"2023-03-30T06:30:36.890Z","CAR","V2G CurrentDemandReq",""
"2023-03-30T06:30:36.974Z","EVSE","V2G CurrentDemandRes",""
"2023-03-30T06:30:37.140Z","EVSE","DC power supply set: 389.29998779296875V/25A, requested was 389.29998779296875V/25A.",""
"2023-03-30T06:30:37.231Z","CAR","V2G CurrentDemandReq",""
"2023-03-30T06:30:37.250Z","EVSE","V2G CurrentDemandRes",""
"2023-03-30T06:30:37.396Z","EVSE","DC power supply set: 389.5V/25A, requested was 389.5V/25A.",""
"2023-03-30T06:30:37.495Z","CAR","V2G CurrentDemandReq",""
"2023-03-30T06:30:37.538Z","EVSE","V2G CurrentDemandRes",""
"2023-03-30T06:30:37.662Z","CAR","V2G CurrentDemandReq",""
"2023-03-30T06:30:37.766Z","EVSE","V2G CurrentDemandRes",""
"2023-03-30T06:30:37.923Z","CAR","V2G CurrentDemandReq",""
"2023-03-30T06:30:38.071Z","EVSE","V2G CurrentDemandRes",""
"2023-03-30T06:30:38.239Z","CAR","V2G CurrentDemandReq",""
"2023-03-30T06:30:38.280Z","EVSE","V2G CurrentDemandRes",""
"2023-03-30T06:30:38.457Z","CAR","V2G CurrentDemandReq",""
"2023-03-30T06:30:38.551Z","EVSE","V2G CurrentDemandRes",""
"2023-03-30T06:30:38.717Z","CAR","V2G CurrentDemandReq",""
"2023-03-30T06:30:38.811Z","EVSE","V2G CurrentDemandRes",""
"2023-03-30T06:30:39.012Z","EVSE","DC power supply set: 389.29998779296875V/25A, requested was 389.29998779296875V/25A.",""
"2023-03-30T06:30:39.141Z","CAR","V2G CurrentDemandReq",""
"2023-03-30T06:30:39.145Z","EVSE","V2G CurrentDemandRes",""
"2023-03-30T06:30:39.245Z","EVSE","DC power supply set: 389.5V/25A, requested was 389.5V/25A.",""
"2023-03-30T06:30:39.398Z","CAR","V2G CurrentDemandReq",""
"2023-03-30T06:30:39.402Z","EVSE","V2G CurrentDemandRes",""
"2023-03-30T06:30:39.511Z","CAR","V2G CurrentDemandReq",""
"2023-03-30T06:30:39.595Z","EVSE","V2G CurrentDemandRes",""
"2023-03-30T06:30:39.761Z","EVSE","DC power supply set: 389.29998779296875V/25A, requested was 389.29998779296875V/25A.",""
"2023-03-30T06:30:39.818Z","CAR","V2G CurrentDemandReq",""
"2023-03-30T06:30:39.889Z","EVSE","V2G CurrentDemandRes",""
"2023-03-30T06:30:40.024Z","EVSE","DC power supply set: 389.5V/25A, requested was 389.5V/25A.",""
"2023-03-30T06:30:40.112Z","CAR","V2G CurrentDemandReq",""
"2023-03-30T06:30:40.132Z","EVSE","V2G CurrentDemandRes",""
"2023-03-30T06:30:40.323Z","CAR","V2G CurrentDemandReq",""
"2023-03-30T06:30:40.396Z","EVSE","V2G CurrentDemandRes",""
"2023-03-30T06:30:40.553Z","EVSE","DC power supply set: 389.29998779296875V/25A, requested was 389.29998779296875V/25A.",""
"2023-03-30T06:30:40.670Z","CAR","V2G CurrentDemandReq",""
"2023-03-30T06:30:40.673Z","EVSE","V2G CurrentDemandRes",""
"2023-03-30T06:30:40.807Z","EVSE","DC power supply set: 389.5V/25A, requested was 389.5V/25A.",""
"2023-03-30T06:30:40.917Z","CAR","V2G CurrentDemandReq",""
"2023-03-30T06:30:40.919Z","EVSE","V2G CurrentDemandRes",""
"2023-03-30T06:30:41.060Z","CAR","V2G CurrentDemandReq",""
"2023-03-30T06:30:41.154Z","EVSE","V2G CurrentDemandRes",""
"2023-03-30T06:30:41.322Z","CAR","V2G CurrentDemandReq",""
"2023-03-30T06:30:41.417Z","EVSE","V2G CurrentDemandRes",""
"2023-03-30T06:30:41.629Z","EVSE","Isolation measurement P 910000 N 900000.",""
"2023-03-30T06:30:41.629Z","CAR","V2G CurrentDemandReq",""
"2023-03-30T06:30:41.692Z","EVSE","V2G CurrentDemandRes",""
"2023-03-30T06:30:41.848Z","EVSE","DC power supply set: 389.29998779296875V/25A, requested was 389.29998779296875V/25A.",""
"2023-03-30T06:30:41.949Z","CAR","V2G CurrentDemandReq",""
"2023-03-30T06:30:41.990Z","EVSE","V2G CurrentDemandRes",""
"2023-03-30T06:30:42.106Z","EVSE","DC power supply set: 389.5V/25A, requested was 389.5V/25A.",""
"2023-03-30T06:30:42.194Z","CAR","V2G CurrentDemandReq",""
"2023-03-30T06:30:42.213Z","EVSE","V2G CurrentDemandRes",""
"2023-03-30T06:30:42.359Z","CAR","V2G CurrentDemandReq",""
"2023-03-30T06:30:42.454Z","EVSE","V2G CurrentDemandRes",""
"2023-03-30T06:30:42.589Z","EVSE","Isolation measurement P 910000 N 900000.",""
"2023-03-30T06:30:42.622Z","CAR","V2G CurrentDemandReq",""
"2023-03-30T06:30:42.727Z","EVSE","V2G CurrentDemandRes",""
"2023-03-30T06:30:42.927Z","CAR","V2G CurrentDemandReq",""
"2023-03-30T06:30:42.990Z","EVSE","V2G CurrentDemandRes",""
"2023-03-30T06:30:43.147Z","CAR","V2G CurrentDemandReq",""
"2023-03-30T06:30:43.244Z","EVSE","V2G CurrentDemandRes",""
"2023-03-30T06:30:43.409Z","CAR","V2G CurrentDemandReq",""
"2023-03-30T06:30:43.492Z","EVSE","V2G CurrentDemandRes",""
"2023-03-30T06:30:43.585Z","EVSE","Isolation measurement P 910000 N 900000.",""
"2023-03-30T06:30:43.659Z","EVSE","DC power supply set: 389.29998779296875V/25A, requested was 389.29998779296875V/25A.",""
"2023-03-30T06:30:43.747Z","CAR","V2G CurrentDemandReq",""
"2023-03-30T06:30:43.766Z","EVSE","V2G CurrentDemandRes",""
"2023-03-30T06:30:43.922Z","EVSE","DC power supply set: 389.5V/25A, requested was 389.5V/25A.",""
"2023-03-30T06:30:44.033Z","CAR","V2G CurrentDemandReq",""
"2023-03-30T06:30:44.035Z","EVSE","V2G CurrentDemandRes",""
"2023-03-30T06:30:44.189Z","CAR","V2G CurrentDemandReq",""
"2023-03-30T06:30:44.274Z","EVSE","V2G CurrentDemandRes",""
"2023-03-30T06:30:44.442Z","CAR","V2G CurrentDemandReq",""
"2023-03-30T06:30:44.571Z","EVSE","V2G CurrentDemandRes",""
"2023-03-30T06:30:44.591Z","EVSE","Isolation measurement P 910000 N 900000.",""
"2023-03-30T06:30:44.708Z","CAR","V2G CurrentDemandReq",""
"2023-03-30T06:30:44.802Z","EVSE","V2G CurrentDemandRes",""
"2023-03-30T06:30:44.969Z","CAR","V2G CurrentDemandReq",""
"2023-03-30T06:30:45.053Z","EVSE","V2G CurrentDemandRes",""
"2023-03-30T06:30:45.220Z","EVSE","DC power supply set: 389.29998779296875V/25A, requested was 389.29998779296875V/25A.",""
"2023-03-30T06:30:45.309Z","CAR","V2G CurrentDemandReq",""
"2023-03-30T06:30:45.327Z","EVSE","V2G CurrentDemandRes",""
"2023-03-30T06:30:45.488Z","EVSE","DC power supply set: 389.5V/25A, requested was 389.5V/25A.",""
"2023-03-30T06:30:45.607Z","EVSE","Isolation measurement P 910000 N 900000.",""
"2023-03-30T06:30:45.610Z","CAR","V2G CurrentDemandReq",""
"2023-03-30T06:30:45.612Z","EVSE","V2G CurrentDemandRes",""
"2023-03-30T06:30:45.775Z","CAR","V2G CurrentDemandReq",""
"2023-03-30T06:30:45.852Z","EVSE","V2G CurrentDemandRes",""
"2023-03-30T06:30:46.014Z","CAR","V2G CurrentDemandReq",""
"2023-03-30T06:30:46.140Z","EVSE","V2G CurrentDemandRes",""
"2023-03-30T06:30:46.265Z","CAR","V2G CurrentDemandReq",""
"2023-03-30T06:30:46.359Z","EVSE","V2G CurrentDemandRes",""
"2023-03-30T06:30:46.516Z","EVSE","DC power supply set: 389.29998779296875V/25A, requested was 389.29998779296875V/25A.",""
"2023-03-30T06:30:46.591Z","EVSE","Isolation measurement P 910000 N 900000.",""
"2023-03-30T06:30:46.615Z","CAR","V2G CurrentDemandReq",""
"2023-03-30T06:30:46.634Z","EVSE","V2G CurrentDemandRes",""
"2023-03-30T06:30:46.812Z","EVSE","DC power supply set: 389.5V/25A, requested was 389.5V/25A.",""
"2023-03-30T06:30:46.955Z","CAR","V2G CurrentDemandReq",""
"2023-03-30T06:30:46.957Z","EVSE","V2G CurrentDemandRes",""
"2023-03-30T06:30:47.070Z","EVSE","DC power supply set: 389.29998779296875V/25A, requested was 389.29998779296875V/25A.",""
"2023-03-30T06:30:47.216Z","CAR","V2G CurrentDemandReq",""
"2023-03-30T06:30:47.218Z","EVSE","V2G CurrentDemandRes",""
"2023-03-30T06:30:47.319Z","EVSE","DC power supply set: 389.5V/25A, requested was 389.5V/25A.",""
"2023-03-30T06:30:47.417Z","CAR","V2G CurrentDemandReq",""
"2023-03-30T06:30:47.419Z","EVSE","V2G CurrentDemandRes",""
"2023-03-30T06:30:47.563Z","CAR","V2G CurrentDemandReq",""
"2023-03-30T06:30:47.594Z","EVSE","Isolation measurement P 910000 N 900000.",""
"2023-03-30T06:30:47.658Z","EVSE","V2G CurrentDemandRes",""
"2023-03-30T06:30:47.825Z","CAR","V2G CurrentDemandReq",""
"2023-03-30T06:30:47.920Z","EVSE","V2G CurrentDemandRes",""
"2023-03-30T06:30:48.088Z","CAR","V2G CurrentDemandReq",""
"2023-03-30T06:30:48.181Z","EVSE","V2G CurrentDemandRes",""
"2023-03-30T06:30:48.377Z","CAR","V2G CurrentDemandReq",""
"2023-03-30T06:30:48.452Z","EVSE","V2G CurrentDemandRes",""
"2023-03-30T06:30:48.604Z","EVSE","Isolation measurement P 910000 N 900000.",""
"2023-03-30T06:30:48.638Z","CAR","V2G CurrentDemandReq",""
"2023-03-30T06:30:48.700Z","EVSE","V2G CurrentDemandRes",""
"2023-03-30T06:30:48.856Z","CAR","V2G CurrentDemandReq",""
"2023-03-30T06:30:48.950Z","EVSE","V2G CurrentDemandRes",""
"2023-03-30T06:30:49.117Z","CAR","V2G CurrentDemandReq",""
"2023-03-30T06:30:49.222Z","EVSE","V2G CurrentDemandRes",""
"2023-03-30T06:30:49.399Z","CAR","V2G CurrentDemandReq",""
"2023-03-30T06:30:49.475Z","EVSE","V2G CurrentDemandRes",""
"2023-03-30T06:30:49.611Z","EVSE","Isolation measurement P 910000 N 900000.",""
"2023-03-30T06:30:49.646Z","CAR","V2G CurrentDemandReq",""
"2023-03-30T06:30:49.731Z","EVSE","V2G CurrentDemandRes",""
"2023-03-30T06:30:49.943Z","EVSE","DC power supply set: 389.29998779296875V/25A, requested was 389.29998779296875V/25A.",""
"2023-03-30T06:30:50.031Z","CAR","V2G CurrentDemandReq",""
"2023-03-30T06:30:50.034Z","EVSE","V2G CurrentDemandRes",""
"2023-03-30T06:30:50.192Z","EVSE","DC power supply set: 389.5V/25A, requested was 389.5V/25A.",""
"2023-03-30T06:30:50.287Z","CAR","V2G CurrentDemandReq",""
"2023-03-30T06:30:50.291Z","EVSE","V2G CurrentDemandRes",""
"2023-03-30T06:30:50.436Z","CAR","V2G CurrentDemandReq",""
"2023-03-30T06:30:50.517Z","EVSE","V2G CurrentDemandRes",""
"2023-03-30T06:30:50.597Z","EVSE","Isolation measurement P 910000 N 900000.",""
"2023-03-30T06:30:50.680Z","CAR","V2G CurrentDemandReq",""
"2023-03-30T06:30:50.772Z","EVSE","V2G CurrentDemandRes",""
"2023-03-30T06:30:50.988Z","CAR","V2G CurrentDemandReq",""
"2023-03-30T06:30:51.070Z","EVSE","V2G CurrentDemandRes",""
"2023-03-30T06:30:51.203Z","CAR","V2G CurrentDemandReq",""
"2023-03-30T06:30:51.305Z","EVSE","V2G CurrentDemandRes",""
"2023-03-30T06:30:51.500Z","CAR","V2G CurrentDemandReq",""
"2023-03-30T06:30:51.571Z","EVSE","V2G CurrentDemandRes",""
"2023-03-30T06:30:51.591Z","EVSE","Isolation measurement P 910000 N 900000.",""
"2023-03-30T06:30:51.724Z","CAR","V2G CurrentDemandReq",""
"2023-03-30T06:30:51.825Z","EVSE","V2G CurrentDemandRes",""
"2023-03-30T06:30:51.978Z","CAR","V2G CurrentDemandReq",""
"2023-03-30T06:30:52.080Z","EVSE","V2G CurrentDemandRes",""
"2023-03-30T06:30:52.253Z","CAR","V2G CurrentDemandReq",""
"2023-03-30T06:30:52.366Z","EVSE","V2G CurrentDemandRes",""
"2023-03-30T06:30:52.509Z","CAR","V2G CurrentDemandReq",""
"2023-03-30T06:30:52.601Z","EVSE","V2G CurrentDemandRes",""
"2023-03-30T06:30:52.610Z","EVSE","Isolation measurement P 910000 N 900000.",""
"2023-03-30T06:30:52.763Z","EVSE","DC power supply set: 389.29998779296875V/25A, requested was 389.29998779296875V/25A.",""
"2023-03-30T06:30:52.868Z","CAR","V2G CurrentDemandReq",""
"2023-03-30T06:30:52.871Z","EVSE","V2G CurrentDemandRes",""
"2023-03-30T06:30:53.018Z","EVSE","DC power supply set: 389.5V/25A, requested was 389.5V/25A.",""
"2023-03-30T06:30:53.114Z","CAR","V2G CurrentDemandReq",""
"2023-03-30T06:30:53.121Z","EVSE","V2G CurrentDemandRes",""
"2023-03-30T06:30:53.276Z","CAR","V2G CurrentDemandReq",""
"2023-03-30T06:30:53.380Z","EVSE","V2G CurrentDemandRes",""
"2023-03-30T06:30:53.536Z","CAR","V2G CurrentDemandReq",""
"2023-03-30T06:30:53.648Z","EVSE","Isolation measurement P 910000 N 900000.",""
"2023-03-30T06:30:53.682Z","EVSE","V2G CurrentDemandRes",""
"2023-03-30T06:30:53.805Z","CAR","V2G CurrentDemandReq",""
"2023-03-30T06:30:53.897Z","EVSE","V2G CurrentDemandRes",""
"2023-03-30T06:30:54.091Z","EVSE","DC power supply set: 389.29998779296875V/25A, requested was 389.29998779296875V/25A.",""
"2023-03-30T06:30:54.228Z","CAR","V2G CurrentDemandReq",""
"2023-03-30T06:30:54.231Z","EVSE","V2G CurrentDemandRes",""
"2023-03-30T06:30:54.328Z","EVSE","DC power supply set: 389.5V/25A, requested was 389.5V/25A.",""
"2023-03-30T06:30:54.433Z","CAR","V2G CurrentDemandReq",""
"2023-03-30T06:30:54.435Z","EVSE","V2G CurrentDemandRes",""
"2023-03-30T06:30:54.583Z","CAR","V2G CurrentDemandReq",""
"2023-03-30T06:30:54.603Z","EVSE","Isolation measurement P 910000 N 900000.",""
"2023-03-30T06:30:54.719Z","EVSE","V2G CurrentDemandRes",""
"2023-03-30T06:30:54.893Z","EVSE","DC power supply set: 389.29998779296875V/25A, requested was 389.29998779296875V/25A.",""
"2023-03-30T06:30:54.979Z","CAR","V2G CurrentDemandReq",""
"2023-03-30T06:30:54.981Z","EVSE","V2G CurrentDemandRes",""
"2023-03-30T06:30:54.986Z","EVSE","Change HLC Limits: 10000W/25A, target_voltage 389.3, hack_bpt false",""
"2023-03-30T06:30:55.118Z","EVSE","DC power supply set: 389.5V/25A, requested was 389.5V/25A.",""
"2023-03-30T06:30:55.203Z","CAR","V2G CurrentDemandReq",""
"2023-03-30T06:30:55.206Z","EVSE","V2G CurrentDemandRes",""
"2023-03-30T06:30:55.363Z","CAR","V2G CurrentDemandReq",""
"2023-03-30T06:30:55.475Z","EVSE","V2G CurrentDemandRes",""
"2023-03-30T06:30:55.606Z","EVSE","Isolation measurement P 910000 N 900000.",""
"2023-03-30T06:30:55.628Z","CAR","V2G CurrentDemandReq",""
"2023-03-30T06:30:55.719Z","EVSE","V2G CurrentDemandRes",""
"2023-03-30T06:30:55.924Z","CAR","V2G CurrentDemandReq",""
"2023-03-30T06:30:56.006Z","EVSE","V2G CurrentDemandRes",""
"2023-03-30T06:30:56.148Z","CAR","V2G CurrentDemandReq",""
"2023-03-30T06:30:56.251Z","EVSE","V2G CurrentDemandRes",""
"2023-03-30T06:30:56.353Z","EVSE","Change HLC Limits: 10000W/25A, target_voltage 389.5, hack_bpt false",""
"2023-03-30T06:30:56.435Z","CAR","V2G CurrentDemandReq",""
"2023-03-30T06:30:56.548Z","EVSE","V2G CurrentDemandRes",""
"2023-03-30T06:30:56.610Z","EVSE","Isolation measurement P 910000 N 900000.",""
"2023-03-30T06:30:56.691Z","CAR","V2G CurrentDemandReq",""
"2023-03-30T06:30:56.813Z","EVSE","V2G CurrentDemandRes",""
"2023-03-30T06:30:56.925Z","CAR","V2G CurrentDemandReq",""
"2023-03-30T06:30:57.017Z","EVSE","V2G CurrentDemandRes",""
"2023-03-30T06:30:57.220Z","CAR","V2G CurrentDemandReq",""
"2023-03-30T06:30:57.281Z","EVSE","V2G CurrentDemandRes",""
"2023-03-30T06:30:57.464Z","CAR","V2G CurrentDemandReq",""
"2023-03-30T06:30:57.535Z","EVSE","V2G CurrentDemandRes",""
"2023-03-30T06:30:57.605Z","EVSE","Isolation measurement P 910000 N 900000.",""
"2023-03-30T06:30:57.738Z","CAR","V2G CurrentDemandReq",""
"2023-03-30T06:30:57.841Z","EVSE","V2G CurrentDemandRes",""
"2023-03-30T06:30:57.963Z","CAR","V2G CurrentDemandReq",""
"2023-03-30T06:30:58.055Z","EVSE","V2G CurrentDemandRes",""
"2023-03-30T06:30:58.227Z","CAR","V2G CurrentDemandReq",""
"2023-03-30T06:30:58.370Z","EVSE","V2G CurrentDemandRes",""
"2023-03-30T06:30:58.492Z","CAR","V2G CurrentDemandReq",""
"2023-03-30T06:30:58.584Z","EVSE","V2G CurrentDemandRes",""
"2023-03-30T06:30:58.604Z","EVSE","Isolation measurement P 910000 N 900000.",""
"2023-03-30T06:30:58.746Z","CAR","V2G CurrentDemandReq",""
"2023-03-30T06:30:58.838Z","EVSE","V2G CurrentDemandRes",""
"2023-03-30T06:30:59.011Z","CAR","V2G CurrentDemandReq",""
"2023-03-30T06:30:59.144Z","EVSE","V2G CurrentDemandRes",""
"2023-03-30T06:30:59.266Z","CAR","V2G CurrentDemandReq",""
"2023-03-30T06:30:59.368Z","EVSE","V2G CurrentDemandRes",""
"2023-03-30T06:30:59.533Z","CAR","V2G CurrentDemandReq",""
"2023-03-30T06:30:59.614Z","EVSE","Isolation measurement P 910000 N 900000.",""
"2023-03-30T06:30:59.656Z","EVSE","V2G CurrentDemandRes",""
"2023-03-30T06:30:59.779Z","CAR","V2G CurrentDemandReq",""
"2023-03-30T06:30:59.881Z","EVSE","V2G CurrentDemandRes",""
"2023-03-30T06:31:00.043Z","CAR","V2G CurrentDemandReq",""
"2023-03-30T06:31:00.145Z","EVSE","V2G CurrentDemandRes",""
"2023-03-30T06:31:00.299Z","CAR","V2G CurrentDemandReq",""
"2023-03-30T06:31:00.433Z","EVSE","V2G CurrentDemandRes",""
"2023-03-30T06:31:00.556Z","CAR","V2G CurrentDemandReq",""
"2023-03-30T06:31:00.607Z","EVSE","Isolation measurement P 910000 N 900000.",""
"2023-03-30T06:31:00.669Z","EVSE","V2G CurrentDemandRes",""
"2023-03-30T06:31:00.836Z","CAR","V2G CurrentDemandReq",""
"2023-03-30T06:31:00.948Z","EVSE","V2G CurrentDemandRes",""
"2023-03-30T06:31:01.080Z","CAR","V2G CurrentDemandReq",""
"2023-03-30T06:31:01.181Z","EVSE","V2G CurrentDemandRes",""
"2023-03-30T06:31:01.344Z","CAR","V2G CurrentDemandReq",""
"2023-03-30T06:31:01.445Z","EVSE","V2G CurrentDemandRes",""
"2023-03-30T06:31:01.608Z","CAR","V2G CurrentDemandReq",""
"2023-03-30T06:31:01.627Z","EVSE","Isolation measurement P 910000 N 900000.",""
"2023-03-30T06:31:01.701Z","EVSE","V2G CurrentDemandRes",""
"2023-03-30T06:31:01.885Z","EVSE","DC power supply set: 389.29998779296875V/25A, requested was 389.29998779296875V/25A.",""
"2023-03-30T06:31:01.969Z","CAR","V2G CurrentDemandReq",""
"2023-03-30T06:31:01.972Z","EVSE","V2G CurrentDemandRes",""
"2023-03-30T06:31:02.172Z","EVSE","DC power supply set: 389.5V/25A, requested was 389.5V/25A.",""
"2023-03-30T06:31:02.278Z","CAR","V2G CurrentDemandReq",""
"2023-03-30T06:31:02.280Z","EVSE","V2G CurrentDemandRes",""
"2023-03-30T06:31:02.376Z","EVSE","DC power supply set: 389.29998779296875V/25A, requested was 389.29998779296875V/25A.",""
"2023-03-30T06:31:02.463Z","CAR","V2G CurrentDemandReq",""
"2023-03-30T06:31:02.530Z","EVSE","V2G CurrentDemandRes",""
"2023-03-30T06:31:02.611Z","EVSE","Isolation measurement P 910000 N 900000.",""
"2023-03-30T06:31:02.642Z","EVSE","DC power supply set: 389.5V/25A, requested was 389.5V/25A.",""
"2023-03-30T06:31:02.727Z","CAR","V2G CurrentDemandReq",""
"2023-03-30T06:31:02.756Z","EVSE","V2G CurrentDemandRes",""
"2023-03-30T06:31:02.898Z","CAR","V2G CurrentDemandReq",""
"2023-03-30T06:31:03.001Z","EVSE","V2G CurrentDemandRes",""
"2023-03-30T06:31:03.206Z","CAR","V2G CurrentDemandReq",""
"2023-03-30T06:31:03.267Z","EVSE","V2G CurrentDemandRes",""
"2023-03-30T06:31:03.451Z","CAR","V2G CurrentDemandReq",""
"2023-03-30T06:31:03.523Z","EVSE","V2G CurrentDemandRes",""
"2023-03-30T06:31:03.613Z","EVSE","Isolation measurement P 910000 N 900000.",""
"2023-03-30T06:31:03.685Z","CAR","V2G CurrentDemandReq",""
"2023-03-30T06:31:03.777Z","EVSE","V2G CurrentDemandRes",""
"2023-03-30T06:31:03.940Z","CAR","V2G CurrentDemandReq",""
"2023-03-30T06:31:04.042Z","EVSE","V2G CurrentDemandRes",""
"2023-03-30T06:31:04.205Z","EVSE","DC power supply set: 389.29998779296875V/25A, requested was 389.29998779296875V/25A.",""
"2023-03-30T06:31:04.303Z","CAR","V2G CurrentDemandReq",""
"2023-03-30T06:31:04.311Z","EVSE","V2G CurrentDemandRes",""
"2023-03-30T06:31:04.414Z","EVSE","Change HLC Limits: 10000W/25A, target_voltage 389.3, hack_bpt false",""
"2023-03-30T06:31:04.516Z","EVSE","DC power supply set: 389.5V/25A, requested was 389.5V/25A.",""
"2023-03-30T06:31:04.641Z","EVSE","Isolation measurement P 910000 N 900000.",""
"2023-03-30T06:31:04.674Z","CAR","V2G CurrentDemandReq",""
"2023-03-30T06:31:04.677Z","EVSE","V2G CurrentDemandRes",""
"2023-03-30T06:31:04.765Z","CAR","V2G CurrentDemandReq",""
"2023-03-30T06:31:04.816Z","EVSE","V2G CurrentDemandRes",""
"2023-03-30T06:31:04.978Z","CAR","V2G CurrentDemandReq",""
"2023-03-30T06:31:05.090Z","EVSE","V2G CurrentDemandRes",""
"2023-03-30T06:31:05.243Z","CAR","V2G CurrentDemandReq",""
"2023-03-30T06:31:05.345Z","EVSE","V2G CurrentDemandRes",""
"2023-03-30T06:31:05.498Z","CAR","V2G CurrentDemandReq",""
"2023-03-30T06:31:05.599Z","EVSE","V2G CurrentDemandRes",""
"2023-03-30T06:31:05.619Z","EVSE","Isolation measurement P 910000 N 900000.",""
"2023-03-30T06:31:05.763Z","CAR","V2G CurrentDemandReq",""
"2023-03-30T06:31:05.866Z","EVSE","Change HLC Limits: 10000W/25A, target_voltage 389.5, hack_bpt false",""
"2023-03-30T06:31:05.886Z","EVSE","V2G CurrentDemandRes",""
"2023-03-30T06:31:06.050Z","CAR","V2G CurrentDemandReq",""
"2023-03-30T06:31:06.162Z","EVSE","V2G CurrentDemandRes",""
"2023-03-30T06:31:06.284Z","CAR","V2G CurrentDemandReq",""
"2023-03-30T06:31:06.377Z","EVSE","V2G CurrentDemandRes",""
"2023-03-30T06:31:06.541Z","CAR","V2G CurrentDemandReq",""
"2023-03-30T06:31:06.613Z","EVSE","Isolation measurement P 910000 N 900000.",""
"2023-03-30T06:31:06.636Z","EVSE","V2G CurrentDemandRes",""
"2023-03-30T06:31:06.800Z","CAR","V2G CurrentDemandReq",""
"2023-03-30T06:31:06.902Z","EVSE","V2G CurrentDemandRes",""
"2023-03-30T06:31:07.066Z","CAR","V2G CurrentDemandReq",""
"2023-03-30T06:31:07.202Z","EVSE","V2G CurrentDemandRes",""
"2023-03-30T06:31:07.343Z","CAR","V2G CurrentDemandReq",""
"2023-03-30T06:31:07.448Z","EVSE","V2G CurrentDemandRes",""
"2023-03-30T06:31:07.591Z","CAR","V2G CurrentDemandReq",""
"2023-03-30T06:31:07.621Z","EVSE","Isolation measurement P 910000 N 900000.",""
"2023-03-30T06:31:07.684Z","EVSE","V2G CurrentDemandRes",""
"2023-03-30T06:31:07.846Z","CAR","V2G CurrentDemandReq",""
"2023-03-30T06:31:07.939Z","EVSE","V2G CurrentDemandRes",""
"2023-03-30T06:31:08.102Z","CAR","V2G CurrentDemandReq",""
"2023-03-30T06:31:08.204Z","EVSE","V2G CurrentDemandRes",""
"2023-03-30T06:31:08.356Z","CAR","V2G CurrentDemandReq",""
"2023-03-30T06:31:08.469Z","EVSE","V2G CurrentDemandRes",""
"2023-03-30T06:31:08.622Z","EVSE","Isolation measurement P 910000 N 900000.",""
"2023-03-30T06:31:08.634Z","CAR","V2G CurrentDemandReq",""
"2023-03-30T06:31:08.725Z","EVSE","V2G CurrentDemandRes",""
"2023-03-30T06:31:08.879Z","CAR","V2G CurrentDemandReq",""
"2023-03-30T06:31:08.991Z","EVSE","V2G CurrentDemandRes",""
"2023-03-30T06:31:09.143Z","CAR","V2G CurrentDemandReq",""
"2023-03-30T06:31:09.245Z","EVSE","V2G CurrentDemandRes",""
"2023-03-30T06:31:09.399Z","CAR","V2G CurrentDemandReq",""
"2023-03-30T06:31:09.510Z","EVSE","V2G CurrentDemandRes",""
"2023-03-30T06:31:09.621Z","EVSE","Isolation measurement P 910000 N 900000.",""
"2023-03-30T06:31:09.663Z","CAR","V2G CurrentDemandReq",""
"2023-03-30T06:31:09.789Z","EVSE","V2G CurrentDemandRes",""
"2023-03-30T06:31:09.962Z","CAR","V2G CurrentDemandReq",""
"2023-03-30T06:31:10.023Z","EVSE","V2G CurrentDemandRes",""
"2023-03-30T06:31:10.177Z","EVSE","DC power supply set: 389.29998779296875V/25A, requested was 389.29998779296875V/25A.",""
"2023-03-30T06:31:10.264Z","CAR","V2G CurrentDemandReq",""
"2023-03-30T06:31:10.283Z","EVSE","V2G CurrentDemandRes",""
"2023-03-30T06:31:10.446Z","EVSE","DC power supply set: 389.5V/25A, requested was 389.5V/25A.",""
"2023-03-30T06:31:10.544Z","CAR","V2G CurrentDemandReq",""
"2023-03-30T06:31:10.551Z","EVSE","V2G CurrentDemandRes",""
"2023-03-30T06:31:10.613Z","EVSE","Isolation measurement P 910000 N 900000.",""
"2023-03-30T06:31:10.706Z","CAR","V2G CurrentDemandReq",""
"2023-03-30T06:31:10.798Z","EVSE","V2G CurrentDemandRes",""
"2023-03-30T06:31:10.971Z","EVSE","DC power supply set: 389.29998779296875V/25A, requested was 389.29998779296875V/25A.",""
"2023-03-30T06:31:11.079Z","CAR","V2G CurrentDemandReq",""
"2023-03-30T06:31:11.081Z","EVSE","V2G CurrentDemandRes",""
"2023-03-30T06:31:11.264Z","EVSE","DC power supply set: 389.5V/25A, requested was 389.5V/25A.",""
"2023-03-30T06:31:11.393Z","CAR","V2G CurrentDemandReq",""
"2023-03-30T06:31:11.395Z","EVSE","V2G CurrentDemandRes",""
"2023-03-30T06:31:11.504Z","CAR","V2G CurrentDemandReq",""
"2023-03-30T06:31:11.575Z","EVSE","V2G CurrentDemandRes",""
"2023-03-30T06:31:11.616Z","EVSE","Isolation measurement P 910000 N 900000.",""
"2023-03-30T06:31:11.739Z","EVSE","DC power supply set: 389.29998779296875V/25A, requested was 389.29998779296875V/25A.",""
"2023-03-30T06:31:11.836Z","CAR","V2G CurrentDemandReq",""
"2023-03-30T06:31:11.855Z","EVSE","V2G CurrentDemandRes",""
"2023-03-30T06:31:11.998Z","EVSE","DC power supply set: 389.5V/25A, requested was 389.5V/25A.",""
"2023-03-30T06:31:12.084Z","CAR","V2G CurrentDemandReq",""
"2023-03-30T06:31:12.103Z","EVSE","V2G CurrentDemandRes",""
"2023-03-30T06:31:12.257Z","CAR","V2G CurrentDemandReq",""
"2023-03-30T06:31:12.360Z","EVSE","V2G CurrentDemandRes",""
"2023-03-30T06:31:12.539Z","CAR","V2G CurrentDemandReq",""
"2023-03-30T06:31:12.632Z","EVSE","V2G CurrentDemandRes",""
"2023-03-30T06:31:12.633Z","EVSE","Isolation measurement P 910000 N 900000.",""
"2023-03-30T06:31:12.784Z","CAR","V2G CurrentDemandReq",""
"2023-03-30T06:31:12.876Z","EVSE","V2G CurrentDemandRes",""
"2023-03-30T06:31:13.039Z","CAR","V2G CurrentDemandReq",""
"2023-03-30T06:31:13.141Z","EVSE","V2G CurrentDemandRes",""
"2023-03-30T06:31:13.304Z","CAR","V2G CurrentDemandReq",""
"2023-03-30T06:31:13.406Z","EVSE","V2G CurrentDemandRes",""
"2023-03-30T06:31:13.570Z","CAR","V2G CurrentDemandReq",""
"2023-03-30T06:31:13.620Z","EVSE","Isolation measurement P 910000 N 900000.",""
"2023-03-30T06:31:13.662Z","EVSE","V2G CurrentDemandRes",""
"2023-03-30T06:31:13.826Z","CAR","V2G CurrentDemandReq",""
"2023-03-30T06:31:13.960Z","EVSE","V2G CurrentDemandRes",""
"2023-03-30T06:31:14.083Z","EVSE","DC power supply set: 389.29998779296875V/25A, requested was 389.29998779296875V/25A.",""
"2023-03-30T06:31:14.169Z","CAR","V2G CurrentDemandReq",""
"2023-03-30T06:31:14.198Z","EVSE","V2G CurrentDemandRes",""
"2023-03-30T06:31:14.340Z","CAR","V2G CurrentDemandReq",""
"2023-03-30T06:31:14.443Z","EVSE","V2G CurrentDemandRes",""
"2023-03-30T06:31:14.606Z","EVSE","DC power supply set: 389.5V/25A, requested was 389.5V/25A.",""
"2023-03-30T06:31:14.626Z","EVSE","Isolation measurement P 910000 N 900000.",""
"2023-03-30T06:31:14.711Z","CAR","V2G CurrentDemandReq",""
"2023-03-30T06:31:14.714Z","EVSE","V2G CurrentDemandRes",""
"2023-03-30T06:31:14.864Z","CAR","V2G CurrentDemandReq",""
"2023-03-30T06:31:14.989Z","EVSE","V2G CurrentDemandRes",""
"2023-03-30T06:31:15.189Z","CAR","V2G CurrentDemandReq",""
"2023-03-30T06:31:15.230Z","EVSE","V2G CurrentDemandRes",""
"2023-03-30T06:31:15.426Z","CAR","V2G CurrentDemandReq",""
"2023-03-30T06:31:15.499Z","EVSE","V2G CurrentDemandRes",""
"2023-03-30T06:31:15.621Z","EVSE","Isolation measurement P 910000 N 900000.",""
"2023-03-30T06:31:15.644Z","CAR","V2G CurrentDemandReq",""
"2023-03-30T06:31:15.744Z","EVSE","V2G CurrentDemandRes",""
"2023-03-30T06:31:15.908Z","CAR","V2G CurrentDemandReq",""
"2023-03-30T06:31:15.999Z","EVSE","V2G CurrentDemandRes",""
"2023-03-30T06:31:16.162Z","CAR","V2G CurrentDemandReq",""
"2023-03-30T06:31:16.265Z","EVSE","V2G CurrentDemandRes",""
"2023-03-30T06:31:16.461Z","CAR","V2G CurrentDemandReq",""
"2023-03-30T06:31:16.523Z","EVSE","V2G CurrentDemandRes",""
"2023-03-30T06:31:16.625Z","EVSE","Isolation measurement P 910000 N 900000.",""
"2023-03-30T06:31:16.729Z","CAR","V2G CurrentDemandReq",""
"2023-03-30T06:31:16.790Z","EVSE","V2G CurrentDemandRes",""
"2023-03-30T06:31:16.943Z","EVSE","DC power supply set: 389.29998779296875V/25A, requested was 389.29998779296875V/25A.",""
"2023-03-30T06:31:17.029Z","CAR","V2G CurrentDemandReq",""
"2023-03-30T06:31:17.050Z","EVSE","V2G CurrentDemandRes",""
"2023-03-30T06:31:17.200Z","EVSE","DC power supply set: 389.5V/25A, requested was 389.5V/25A.",""
"2023-03-30T06:31:17.295Z","CAR","V2G CurrentDemandReq",""
"2023-03-30T06:31:17.314Z","EVSE","V2G CurrentDemandRes",""
"2023-03-30T06:31:17.457Z","CAR","V2G CurrentDemandReq",""
"2023-03-30T06:31:17.569Z","EVSE","V2G CurrentDemandRes",""
"2023-03-30T06:31:17.630Z","EVSE","Isolation measurement P 910000 N 900000.",""
"2023-03-30T06:31:17.734Z","CAR","V2G CurrentDemandReq",""
"2023-03-30T06:31:17.910Z","EVSE","V2G CurrentDemandRes",""
"2023-03-30T06:31:17.992Z","CAR","V2G CurrentDemandReq",""
"2023-03-30T06:31:18.084Z","EVSE","V2G CurrentDemandRes",""
"2023-03-30T06:31:18.237Z","CAR","V2G CurrentDemandReq",""
"2023-03-30T06:31:18.339Z","EVSE","V2G CurrentDemandRes",""
"2023-03-30T06:31:18.544Z","CAR","V2G CurrentDemandReq",""
"2023-03-30T06:31:18.605Z","EVSE","V2G CurrentDemandRes",""
"2023-03-30T06:31:18.625Z","EVSE","Isolation measurement P 910000 N 900000.",""
"2023-03-30T06:31:18.769Z","CAR","V2G CurrentDemandReq",""
"2023-03-30T06:31:18.861Z","EVSE","V2G CurrentDemandRes",""
"2023-03-30T06:31:19.066Z","CAR","V2G CurrentDemandReq",""
"2023-03-30T06:31:19.128Z","EVSE","V2G CurrentDemandRes",""
"2023-03-30T06:31:19.323Z","EVSE","DC power supply set: 389.29998779296875V/25A, requested was 389.29998779296875V/25A.",""
"2023-03-30T06:31:19.451Z","CAR","V2G CurrentDemandReq",""
"2023-03-30T06:31:19.453Z","EVSE","V2G CurrentDemandRes",""
"2023-03-30T06:31:19.549Z","EVSE","DC power supply set: 389.5V/25A, requested was 389.5V/25A.",""
"2023-03-30T06:31:19.622Z","EVSE","Isolation measurement P 910000 N 900000.",""
"2023-03-30T06:31:19.645Z","CAR","V2G CurrentDemandReq",""
"2023-03-30T06:31:19.653Z","EVSE","V2G CurrentDemandRes",""
"2023-03-30T06:31:19.807Z","EVSE","DC power supply set: 389.29998779296875V/25A, requested was 389.29998779296875V/25A.",""
"2023-03-30T06:31:19.913Z","CAR","V2G CurrentDemandReq",""
"2023-03-30T06:31:19.916Z","EVSE","V2G CurrentDemandRes",""
"2023-03-30T06:31:20.064Z","EVSE","DC power supply set: 389.5V/25A, requested was 389.5V/25A.",""
"2023-03-30T06:31:20.159Z","CAR","V2G CurrentDemandReq",""
"2023-03-30T06:31:20.168Z","EVSE","V2G CurrentDemandRes",""
"2023-03-30T06:31:20.355Z","CAR","V2G CurrentDemandReq",""
"2023-03-30T06:31:20.427Z","EVSE","V2G CurrentDemandRes",""
"2023-03-30T06:31:20.594Z","CAR","V2G CurrentDemandReq",""
"2023-03-30T06:31:20.625Z","EVSE","Isolation measurement P 910000 N 900000.",""
"2023-03-30T06:31:20.687Z","EVSE","V2G CurrentDemandRes",""
"2023-03-30T06:31:20.841Z","EVSE","DC power supply set: 389.29998779296875V/25A, requested was 389.29998779296875V/25A.",""
"2023-03-30T06:31:20.928Z","CAR","V2G CurrentDemandReq",""
"2023-03-30T06:31:20.946Z","EVSE","V2G CurrentDemandRes",""
"2023-03-30T06:31:21.099Z","EVSE","DC power supply set: 389.5V/25A, requested was 389.5V/25A.",""
"2023-03-30T06:31:21.196Z","CAR","V2G CurrentDemandReq",""
"2023-03-30T06:31:21.203Z","EVSE","V2G CurrentDemandRes",""
"2023-03-30T06:31:21.357Z","EVSE","DC power supply set: 389.29998779296875V/25A, requested was 389.29998779296875V/25A.",""
"2023-03-30T06:31:21.456Z","CAR","V2G CurrentDemandReq",""
"2023-03-30T06:31:21.475Z","EVSE","V2G CurrentDemandRes",""
"2023-03-30T06:31:21.620Z","EVSE","DC power supply set: 389.5V/25A, requested was 389.5V/25A.",""
"2023-03-30T06:31:21.640Z","EVSE","Isolation measurement P 910000 N 900000.",""
"2023-03-30T06:31:21.707Z","CAR","V2G CurrentDemandReq",""
"2023-03-30T06:31:21.727Z","EVSE","V2G CurrentDemandRes",""
"2023-03-30T06:31:21.915Z","CAR","V2G CurrentDemandReq",""
"2023-03-30T06:31:21.987Z","EVSE","V2G CurrentDemandRes",""
"2023-03-30T06:31:22.140Z","CAR","V2G CurrentDemandReq",""
"2023-03-30T06:31:22.242Z","EVSE","V2G CurrentDemandRes",""
"2023-03-30T06:31:22.396Z","CAR","V2G CurrentDemandReq",""
"2023-03-30T06:31:22.509Z","EVSE","V2G CurrentDemandRes",""
"2023-03-30T06:31:22.642Z","EVSE","Isolation measurement P 910000 N 900000.",""
"2023-03-30T06:31:22.674Z","CAR","V2G CurrentDemandReq",""
"2023-03-30T06:31:22.807Z","EVSE","V2G CurrentDemandRes",""
"2023-03-30T06:31:22.919Z","EVSE","DC power supply set: 389.29998779296875V/25A, requested was 389.29998779296875V/25A.",""
"2023-03-30T06:31:23.015Z","CAR","V2G CurrentDemandReq",""
"2023-03-30T06:31:23.034Z","EVSE","V2G CurrentDemandRes",""
"2023-03-30T06:31:23.137Z","EVSE","Change HLC Limits: 10000W/25A, target_voltage 389.3, hack_bpt false",""
"2023-03-30T06:31:23.219Z","EVSE","DC power supply set: 389.5V/25A, requested was 389.5V/25A.",""
"2023-03-30T06:31:23.336Z","CAR","V2G CurrentDemandReq",""
"2023-03-30T06:31:23.339Z","EVSE","V2G CurrentDemandRes",""
"2023-03-30T06:31:23.448Z","CAR","V2G CurrentDemandReq",""
"2023-03-30T06:31:23.541Z","EVSE","V2G CurrentDemandRes",""
"2023-03-30T06:31:23.622Z","EVSE","Isolation measurement P 910000 N 900000.",""
"2023-03-30T06:31:23.705Z","CAR","V2G CurrentDemandReq",""
"2023-03-30T06:31:23.808Z","EVSE","V2G CurrentDemandRes",""
"2023-03-30T06:31:24.014Z","CAR","V2G CurrentDemandReq",""
"2023-03-30T06:31:24.065Z","EVSE","V2G CurrentDemandRes",""
"2023-03-30T06:31:24.228Z","CAR","V2G CurrentDemandReq",""
"2023-03-30T06:31:24.321Z","EVSE","V2G CurrentDemandRes",""
"2023-03-30T06:31:24.495Z","EVSE","DC power supply set: 389.29998779296875V/25A, requested was 389.29998779296875V/25A.",""
"2023-03-30T06:31:24.632Z","EVSE","Isolation measurement P 910000 N 900000.",""
"2023-03-30T06:31:24.637Z","CAR","V2G CurrentDemandReq",""
"2023-03-30T06:31:24.639Z","EVSE","V2G CurrentDemandRes",""
"2023-03-30T06:31:24.749Z","EVSE","DC power supply set: 389.5V/25A, requested was 389.5V/25A.",""
"2023-03-30T06:31:24.847Z","CAR","V2G CurrentDemandReq",""
"2023-03-30T06:31:24.855Z","EVSE","V2G CurrentDemandRes",""
"2023-03-30T06:31:25.010Z","CAR","V2G CurrentDemandReq",""
"2023-03-30T06:31:25.113Z","EVSE","V2G CurrentDemandRes",""
"2023-03-30T06:31:25.278Z","EVSE","DC power supply set: 389.29998779296875V/25A, requested was 389.29998779296875V/25A.",""
"2023-03-30T06:31:25.417Z","CAR","V2G CurrentDemandReq",""
"2023-03-30T06:31:25.420Z","EVSE","V2G CurrentDemandRes",""
"2023-03-30T06:31:25.517Z","EVSE","DC power supply set: 389.5V/25A, requested was 389.5V/25A.",""
"2023-03-30T06:31:25.614Z","CAR","V2G CurrentDemandReq",""
"2023-03-30T06:31:25.633Z","EVSE","V2G CurrentDemandRes",""
"2023-03-30T06:31:25.642Z","EVSE","Isolation measurement P 910000 N 900000.",""
"2023-03-30T06:31:25.787Z","CAR","V2G CurrentDemandReq",""
"2023-03-30T06:31:25.902Z","EVSE","Change HLC Limits: 10000W/25A, target_voltage 389.5, hack_bpt false",""
"2023-03-30T06:31:25.912Z","EVSE","V2G CurrentDemandRes",""
"2023-03-30T06:31:26.058Z","CAR","V2G CurrentDemandReq",""
"2023-03-30T06:31:26.141Z","EVSE","V2G CurrentDemandRes",""
"2023-03-30T06:31:26.316Z","CAR","V2G CurrentDemandReq",""
"2023-03-30T06:31:26.461Z","EVSE","V2G CurrentDemandRes",""
"2023-03-30T06:31:26.563Z","EVSE","DC power supply set: 389.29998779296875V/25A, requested was 389.29998779296875V/25A.",""
"2023-03-30T06:31:26.635Z","EVSE","Isolation measurement P 910000 N 900000.",""
"2023-03-30T06:31:26.660Z","CAR","V2G CurrentDemandReq",""
"2023-03-30T06:31:26.678Z","EVSE","V2G CurrentDemandRes",""
"2023-03-30T06:31:26.822Z","EVSE","DC power supply set: 389.5V/25A, requested was 389.5V/25A.",""
"2023-03-30T06:31:26.910Z","CAR","V2G CurrentDemandReq",""
"2023-03-30T06:31:26.929Z","EVSE","V2G CurrentDemandRes",""
"2023-03-30T06:31:27.093Z","CAR","V2G CurrentDemandReq",""
"2023-03-30T06:31:27.185Z","EVSE","V2G CurrentDemandRes",""
"2023-03-30T06:31:27.363Z","CAR","V2G CurrentDemandReq",""
"2023-03-30T06:31:27.498Z","EVSE","V2G CurrentDemandRes",""
"2023-03-30T06:31:27.631Z","EVSE","Isolation measurement P 910000 N 900000.",""
"2023-03-30T06:31:27.631Z","CAR","V2G CurrentDemandReq",""
"2023-03-30T06:31:27.738Z","EVSE","V2G CurrentDemandRes",""
"2023-03-30T06:31:27.862Z","CAR","V2G CurrentDemandReq",""
"2023-03-30T06:31:27.965Z","EVSE","V2G CurrentDemandRes",""
"2023-03-30T06:31:28.119Z","CAR","V2G CurrentDemandReq",""
"2023-03-30T06:31:28.221Z","EVSE","V2G CurrentDemandRes",""
"2023-03-30T06:31:28.386Z","CAR","V2G CurrentDemandReq",""
"2023-03-30T06:31:28.521Z","EVSE","V2G CurrentDemandRes",""
"2023-03-30T06:31:28.638Z","CAR","V2G CurrentDemandReq",""
"2023-03-30T06:31:28.658Z","EVSE","Isolation measurement P 910000 N 900000.",""
"2023-03-30T06:31:28.742Z","EVSE","V2G CurrentDemandRes",""
"2023-03-30T06:31:28.921Z","CAR","V2G CurrentDemandReq",""
"2023-03-30T06:31:29.003Z","EVSE","V2G CurrentDemandRes",""
"2023-03-30T06:31:29.158Z","CAR","V2G CurrentDemandReq",""
"2023-03-30T06:31:29.260Z","EVSE","V2G CurrentDemandRes",""
"2023-03-30T06:31:29.435Z","CAR","V2G CurrentDemandReq",""
"2023-03-30T06:31:29.527Z","EVSE","V2G CurrentDemandRes",""
"2023-03-30T06:31:29.639Z","EVSE","Isolation measurement P 910000 N 900000.",""
"2023-03-30T06:31:29.691Z","EVSE","DC power supply set: 389.29998779296875V/25A, requested was 389.29998779296875V/25A.",""
"2023-03-30T06:31:29.780Z","CAR","V2G CurrentDemandReq",""
"2023-03-30T06:31:29.799Z","EVSE","V2G CurrentDemandRes",""
"2023-03-30T06:31:29.893Z","EVSE","Change HLC Limits: 10000W/25A, target_voltage 389.3, hack_bpt false",""
"2023-03-30T06:31:29.978Z","EVSE","DC power supply set: 389.5V/25A, requested was 389.5V/25A.",""
"2023-03-30T06:31:30.088Z","CAR","V2G CurrentDemandReq",""
"2023-03-30T06:31:30.091Z","EVSE","V2G CurrentDemandRes",""
"2023-03-30T06:31:30.209Z","CAR","V2G CurrentDemandReq",""
"2023-03-30T06:31:30.302Z","EVSE","V2G CurrentDemandRes",""
"2023-03-30T06:31:30.455Z","EVSE","DC power supply set: 389.29998779296875V/25A, requested was 389.29998779296875V/25A.",""
"2023-03-30T06:31:30.551Z","CAR","V2G CurrentDemandReq",""
"2023-03-30T06:31:30.570Z","EVSE","V2G CurrentDemandRes",""
"2023-03-30T06:31:30.631Z","EVSE","Isolation measurement P 910000 N 900000.",""
"2023-03-30T06:31:30.755Z","EVSE","DC power supply set: 389.5V/25A, requested was 389.5V/25A.",""
"2023-03-30T06:31:30.842Z","CAR","V2G CurrentDemandReq",""
"2023-03-30T06:31:30.844Z","EVSE","V2G CurrentDemandRes",""
"2023-03-30T06:31:30.995Z","CAR","V2G CurrentDemandReq",""
"2023-03-30T06:31:31.079Z","EVSE","V2G CurrentDemandRes",""
"2023-03-30T06:31:31.254Z","CAR","V2G CurrentDemandReq",""
"2023-03-30T06:31:31.254Z","EVSE","Change HLC Limits: 10000W/25A, target_voltage 389.5, hack_bpt false",""
"2023-03-30T06:31:31.400Z","EVSE","V2G CurrentDemandRes",""
"2023-03-30T06:31:31.512Z","CAR","V2G CurrentDemandReq",""
"2023-03-30T06:31:31.594Z","EVSE","V2G CurrentDemandRes",""
"2023-03-30T06:31:31.635Z","EVSE","Isolation measurement P 910000 N 900000.",""
"2023-03-30T06:31:31.759Z","EVSE","DC power supply set: 389.29998779296875V/25A, requested was 389.29998779296875V/25A.",""
"2023-03-30T06:31:31.856Z","CAR","V2G CurrentDemandReq",""
"2023-03-30T06:31:31.875Z","EVSE","V2G CurrentDemandRes",""
"2023-03-30T06:31:32.029Z","EVSE","DC power supply set: 389.5V/25A, requested was 389.5V/25A.",""
"2023-03-30T06:31:32.146Z","CAR","V2G CurrentDemandReq",""
"2023-03-30T06:31:32.148Z","EVSE","V2G CurrentDemandRes",""
"2023-03-30T06:31:32.288Z","CAR","V2G CurrentDemandReq",""
"2023-03-30T06:31:32.381Z","EVSE","V2G CurrentDemandRes",""
"2023-03-30T06:31:32.568Z","CAR","V2G CurrentDemandReq",""
"2023-03-30T06:31:32.641Z","EVSE","Isolation measurement P 910000 N 900000.",""
"2023-03-30T06:31:32.685Z","EVSE","V2G CurrentDemandRes",""
"2023-03-30T06:31:32.809Z","EVSE","DC power supply set: 389.29998779296875V/25A, requested was 389.29998779296875V/25A.",""
"2023-03-30T06:31:32.905Z","CAR","V2G CurrentDemandReq",""
"2023-03-30T06:31:32.913Z","EVSE","V2G CurrentDemandRes",""
"2023-03-30T06:31:33.059Z","EVSE","DC power supply set: 389.5V/25A, requested was 389.5V/25A.",""
"2023-03-30T06:31:33.156Z","CAR","V2G CurrentDemandReq",""
"2023-03-30T06:31:33.174Z","EVSE","V2G CurrentDemandRes",""
"2023-03-30T06:31:33.329Z","CAR","V2G CurrentDemandReq",""
"2023-03-30T06:31:33.421Z","EVSE","V2G CurrentDemandRes",""
"2023-03-30T06:31:33.586Z","CAR","V2G CurrentDemandReq",""
"2023-03-30T06:31:33.637Z","EVSE","Isolation measurement P 910000 N 900000.",""
"2023-03-30T06:31:33.680Z","EVSE","V2G CurrentDemandRes",""
"2023-03-30T06:31:33.881Z","CAR","V2G CurrentDemandReq",""
"2023-03-30T06:31:33.995Z","EVSE","V2G CurrentDemandRes",""
"2023-03-30T06:31:34.110Z","CAR","V2G CurrentDemandReq",""
"2023-03-30T06:31:34.202Z","EVSE","V2G CurrentDemandRes",""
"2023-03-30T06:31:34.367Z","CAR","V2G CurrentDemandReq",""
"2023-03-30T06:31:34.459Z","EVSE","V2G CurrentDemandRes",""
"2023-03-30T06:31:34.623Z","EVSE","DC power supply set: 389.29998779296875V/25A, requested was 389.29998779296875V/25A.",""
"2023-03-30T06:31:34.643Z","EVSE","Isolation measurement P 910000 N 900000.",""
"2023-03-30T06:31:34.709Z","CAR","V2G CurrentDemandReq",""
"2023-03-30T06:31:34.739Z","EVSE","V2G CurrentDemandRes",""
"2023-03-30T06:31:34.882Z","EVSE","DC power supply set: 389.5V/25A, requested was 389.5V/25A.",""
"2023-03-30T06:31:34.979Z","CAR","V2G CurrentDemandReq",""
"2023-03-30T06:31:35.000Z","EVSE","V2G CurrentDemandRes",""
"2023-03-30T06:31:35.177Z","CAR","V2G CurrentDemandReq",""
"2023-03-30T06:31:35.289Z","EVSE","V2G CurrentDemandRes",""
"2023-03-30T06:31:35.457Z","CAR","V2G CurrentDemandReq",""
"2023-03-30T06:31:35.508Z","EVSE","V2G CurrentDemandRes",""
"2023-03-30T06:31:35.640Z","EVSE","Isolation measurement P 910000 N 900000.",""
"2023-03-30T06:31:35.672Z","EVSE","DC power supply set: 389.29998779296875V/25A, requested was 389.29998779296875V/25A.",""
"2023-03-30T06:31:35.821Z","CAR","V2G CurrentDemandReq",""
"2023-03-30T06:31:35.823Z","EVSE","V2G CurrentDemandRes",""
"2023-03-30T06:31:35.921Z","EVSE","DC power supply set: 389.5V/25A, requested was 389.5V/25A.",""
"2023-03-30T06:31:36.008Z","CAR","V2G CurrentDemandReq",""
"2023-03-30T06:31:36.028Z","EVSE","V2G CurrentDemandRes",""
"2023-03-30T06:31:36.183Z","CAR","V2G CurrentDemandReq",""
"2023-03-30T06:31:36.319Z","EVSE","V2G CurrentDemandRes",""
"2023-03-30T06:31:36.488Z","CAR","V2G CurrentDemandReq",""
"2023-03-30T06:31:36.552Z","EVSE","V2G CurrentDemandRes",""
"2023-03-30T06:31:36.635Z","EVSE","Isolation measurement P 910000 N 900000.",""
"2023-03-30T06:31:36.741Z","CAR","V2G CurrentDemandReq",""
"2023-03-30T06:31:36.806Z","EVSE","V2G CurrentDemandRes",""
"2023-03-30T06:31:36.962Z","CAR","V2G CurrentDemandReq",""
"2023-03-30T06:31:37.066Z","EVSE","V2G CurrentDemandRes",""
"2023-03-30T06:31:37.230Z","CAR","V2G CurrentDemandReq",""
"2023-03-30T06:31:37.322Z","EVSE","V2G CurrentDemandRes",""
"2023-03-30T06:31:37.486Z","CAR","V2G CurrentDemandReq",""
"2023-03-30T06:31:37.624Z","EVSE","V2G CurrentDemandRes",""
"2023-03-30T06:31:37.634Z","EVSE","Isolation measurement P 910000 N 900000.",""
"2023-03-30T06:31:37.779Z","CAR","V2G CurrentDemandReq",""
"2023-03-30T06:31:37.841Z","EVSE","V2G CurrentDemandRes",""
"2023-03-30T06:31:38.049Z","CAR","V2G CurrentDemandReq",""
"2023-03-30T06:31:38.122Z","EVSE","V2G CurrentDemandRes",""
"2023-03-30T06:31:38.265Z","CAR","V2G CurrentDemandReq",""
"2023-03-30T06:31:38.368Z","EVSE","V2G CurrentDemandRes",""
"2023-03-30T06:31:38.522Z","CAR","V2G CurrentDemandReq",""
"2023-03-30T06:31:38.625Z","EVSE","V2G CurrentDemandRes",""
"2023-03-30T06:31:38.645Z","EVSE","Isolation measurement P 910000 N 900000.",""
"2023-03-30T06:31:38.791Z","CAR","V2G CurrentDemandReq",""
"2023-03-30T06:31:38.885Z","EVSE","V2G CurrentDemandRes",""
"2023-03-30T06:31:39.115Z","CAR","V2G CurrentDemandReq",""
"2023-03-30T06:31:39.146Z","EVSE","V2G CurrentDemandRes",""
"2023-03-30T06:31:39.311Z","CAR","V2G CurrentDemandReq",""
"2023-03-30T06:31:39.446Z","EVSE","V2G CurrentDemandRes",""
"2023-03-30T06:31:39.560Z","CAR","V2G CurrentDemandReq",""
"2023-03-30T06:31:39.642Z","EVSE","Isolation measurement P 910000 N 900000.",""
"2023-03-30T06:31:39.664Z","EVSE","V2G CurrentDemandRes",""
"2023-03-30T06:31:39.830Z","CAR","V2G CurrentDemandReq",""
"2023-03-30T06:31:39.923Z","EVSE","V2G CurrentDemandRes",""
"2023-03-30T06:31:40.088Z","CAR","V2G CurrentDemandReq",""
"2023-03-30T06:31:40.213Z","EVSE","V2G CurrentDemandRes",""
"2023-03-30T06:31:40.378Z","CAR","V2G CurrentDemandReq",""
"2023-03-30T06:31:40.442Z","EVSE","V2G CurrentDemandRes",""
"2023-03-30T06:31:40.607Z","CAR","V2G CurrentDemandReq",""
"2023-03-30T06:31:40.649Z","EVSE","Isolation measurement P 910000 N 900000.",""
"2023-03-30T06:31:40.743Z","EVSE","V2G CurrentDemandRes",""
"2023-03-30T06:31:40.867Z","CAR","V2G CurrentDemandReq",""
"2023-03-30T06:31:40.960Z","EVSE","V2G CurrentDemandRes",""
"2023-03-30T06:31:41.124Z","CAR","V2G CurrentDemandReq",""
"2023-03-30T06:31:41.228Z","EVSE","V2G CurrentDemandRes",""
"2023-03-30T06:31:41.403Z","CAR","V2G CurrentDemandReq",""
"2023-03-30T06:31:41.487Z","EVSE","V2G CurrentDemandRes",""
"2023-03-30T06:31:41.644Z","EVSE","Isolation measurement P 910000 N 900000.",""
"2023-03-30T06:31:41.645Z","CAR","V2G CurrentDemandReq",""
"2023-03-30T06:31:41.760Z","EVSE","V2G CurrentDemandRes",""
"2023-03-30T06:31:41.905Z","CAR","V2G CurrentDemandReq",""
"2023-03-30T06:31:42.040Z","EVSE","V2G CurrentDemandRes",""
"2023-03-30T06:31:42.208Z","CAR","V2G CurrentDemandReq",""
"2023-03-30T06:31:42.270Z","EVSE","V2G CurrentDemandRes",""
"2023-03-30T06:31:42.434Z","CAR","V2G CurrentDemandReq",""
"2023-03-30T06:31:42.517Z","EVSE","V2G CurrentDemandRes",""
"2023-03-30T06:31:42.639Z","EVSE","Isolation measurement P 910000 N 900000.",""
"2023-03-30T06:31:42.683Z","CAR","V2G CurrentDemandReq",""
"2023-03-30T06:31:42.817Z","EVSE","V2G CurrentDemandRes",""
"2023-03-30T06:31:42.950Z","EVSE","DC power supply set: 389.29998779296875V/25A, requested was 389.29998779296875V/25A.",""
"2023-03-30T06:31:43.037Z","CAR","V2G CurrentDemandReq",""
"2023-03-30T06:31:43.056Z","EVSE","V2G CurrentDemandRes",""
"2023-03-30T06:31:43.210Z","EVSE","DC power supply set: 389.5V/25A, requested was 389.5V/25A.",""
"2023-03-30T06:31:43.299Z","CAR","V2G CurrentDemandReq",""
"2023-03-30T06:31:43.317Z","EVSE","V2G CurrentDemandRes",""
"2023-03-30T06:31:43.515Z","CAR","V2G CurrentDemandReq",""
"2023-03-30T06:31:43.567Z","EVSE","V2G CurrentDemandRes",""
"2023-03-30T06:31:43.649Z","EVSE","Isolation measurement P 910000 N 900000.",""
"2023-03-30T06:31:43.735Z","CAR","V2G CurrentDemandReq",""
"2023-03-30T06:31:43.818Z","EVSE","V2G CurrentDemandRes",""
"2023-03-30T06:31:43.984Z","CAR","V2G CurrentDemandReq",""
"2023-03-30T06:31:44.120Z","EVSE","V2G CurrentDemandRes",""
"2023-03-30T06:31:44.279Z","CAR","V2G CurrentDemandReq",""
"2023-03-30T06:31:44.340Z","EVSE","V2G CurrentDemandRes",""
"2023-03-30T06:31:44.505Z","CAR","V2G CurrentDemandReq",""
"2023-03-30T06:31:44.608Z","EVSE","V2G CurrentDemandRes",""
"2023-03-30T06:31:44.660Z","EVSE","Isolation measurement P 910000 N 900000.",""
"2023-03-30T06:31:44.818Z","CAR","V2G CurrentDemandReq",""
"2023-03-30T06:31:44.869Z","EVSE","V2G CurrentDemandRes",""
"2023-03-30T06:31:45.023Z","EVSE","DC power supply set: 389.29998779296875V/25A, requested was 389.29998779296875V/25A.",""
"2023-03-30T06:31:45.121Z","CAR","V2G CurrentDemandReq",""
"2023-03-30T06:31:45.129Z","EVSE","V2G CurrentDemandRes",""
"2023-03-30T06:31:45.285Z","EVSE","DC power supply set: 389.5V/25A, requested was 389.5V/25A.",""
"2023-03-30T06:31:45.386Z","CAR","V2G CurrentDemandReq",""
"2023-03-30T06:31:45.394Z","EVSE","V2G CurrentDemandRes",""
"2023-03-30T06:31:45.602Z","EVSE","DC power supply set: 389.29998779296875V/25A, requested was 389.29998779296875V/25A.",""
"2023-03-30T06:31:45.645Z","EVSE","Isolation measurement P 910000 N 900000.",""
"2023-03-30T06:31:45.711Z","CAR","V2G CurrentDemandReq",""
"2023-03-30T06:31:45.713Z","EVSE","V2G CurrentDemandRes",""
"2023-03-30T06:31:45.814Z","EVSE","DC power supply set: 389.5V/25A, requested was 389.5V/25A.",""
"2023-03-30T06:31:45.921Z","CAR","V2G CurrentDemandReq",""
"2023-03-30T06:31:45.925Z","EVSE","V2G CurrentDemandRes",""
"2023-03-30T06:31:46.086Z","CAR","V2G CurrentDemandReq",""
"2023-03-30T06:31:46.160Z","EVSE","V2G CurrentDemandRes",""
"2023-03-30T06:31:46.325Z","EVSE","DC power supply set: 389.29998779296875V/25A, requested was 389.29998779296875V/25A.",""
"2023-03-30T06:31:46.412Z","CAR","V2G CurrentDemandReq",""
"2023-03-30T06:31:46.442Z","EVSE","V2G CurrentDemandRes",""
"2023-03-30T06:31:46.586Z","EVSE","DC power supply set: 389.5V/25A, requested was 389.5V/25A.",""
"2023-03-30T06:31:46.639Z","EVSE","Isolation measurement P 910000 N 900000.",""
"2023-03-30T06:31:46.685Z","CAR","V2G CurrentDemandReq",""
"2023-03-30T06:31:46.693Z","EVSE","V2G CurrentDemandRes",""
"2023-03-30T06:31:46.934Z","CAR","V2G CurrentDemandReq",""
"2023-03-30T06:31:46.955Z","EVSE","V2G CurrentDemandRes",""
"2023-03-30T06:31:47.109Z","CAR","V2G CurrentDemandReq",""
"2023-03-30T06:31:47.203Z","EVSE","V2G CurrentDemandRes",""
"2023-03-30T06:31:47.391Z","CAR","V2G CurrentDemandReq",""
"2023-03-30T06:31:47.486Z","EVSE","V2G CurrentDemandRes",""
"2023-03-30T06:31:47.622Z","EVSE","DC power supply set: 389.5V/0A, requested was 389.5V/0A.",""
"2023-03-30T06:31:47.654Z","EVSE","Isolation measurement P 910000 N 900000.",""
"2023-03-30T06:31:47.710Z","CAR","V2G CurrentDemandReq",""
"2023-03-30T06:31:47.728Z","EVSE","V2G CurrentDemandRes",""
"2023-03-30T06:31:47.884Z","CAR","V2G CurrentDemandReq",""
"2023-03-30T06:31:47.999Z","EVSE","V2G CurrentDemandRes",""
"2023-03-30T06:31:48.165Z","CAR","V2G CurrentDemandReq",""
"2023-03-30T06:31:48.248Z","EVSE","V2G CurrentDemandRes",""
"2023-03-30T06:31:48.403Z","CAR","V2G CurrentDemandReq",""
"2023-03-30T06:31:48.506Z","EVSE","V2G CurrentDemandRes",""
"2023-03-30T06:31:48.661Z","EVSE","Isolation measurement P 910000 N 900000.",""
"2023-03-30T06:31:48.686Z","CAR","V2G CurrentDemandReq",""
"2023-03-30T06:31:48.802Z","EVSE","V2G CurrentDemandRes",""
"2023-03-30T06:31:48.928Z","CAR","V2G CurrentDemandReq",""
"2023-03-30T06:31:49.033Z","EVSE","V2G CurrentDemandRes",""
"2023-03-30T06:31:49.196Z","CAR","V2G CurrentDemandReq",""
"2023-03-30T06:31:49.301Z","EVSE","V2G CurrentDemandRes",""
"2023-03-30T06:31:49.458Z","CAR","V2G CurrentDemandReq",""
"2023-03-30T06:31:49.574Z","EVSE","V2G CurrentDemandRes",""
"2023-03-30T06:31:49.656Z","EVSE","Isolation measurement P 910000 N 900000.",""
"2023-03-30T06:31:49.699Z","CAR","V2G CurrentDemandReq",""
"2023-03-30T06:31:49.813Z","EVSE","V2G CurrentDemandRes",""
"2023-03-30T06:31:49.968Z","CAR","V2G CurrentDemandReq",""
"2023-03-30T06:31:50.072Z","EVSE","V2G CurrentDemandRes",""
"2023-03-30T06:31:50.209Z","EVSE","DC power supply OFF",""
"2023-03-30T06:31:50.357Z","EVSE","DC power supply OFF",""
"2023-03-30T06:31:50.672Z","EVSE","Isolation measurement P 910000 N 900000.",""
"2023-03-30T06:31:50.746Z","CAR","Event CarRequestedStopPower",""
"2023-03-30T06:31:50.759Z","CAR","V2G PowerDeliveryReq",""
"2023-03-30T06:31:50.761Z","EVSE","V2G PowerDeliveryRes",""
"2023-03-30T06:31:50.765Z","CAR","V2G WeldingDetectionReq",""
"2023-03-30T06:31:50.767Z","EVSE","Event PowerOff",""
"2023-03-30T06:31:50.767Z","EVSE","V2G WeldingDetectionRes",""
"2023-03-30T06:31:50.778Z","EVSE","Charger state: Charging->Car Paused",""
"2023-03-30T06:31:50.802Z","CAR","V2G WeldingDetectionReq",""
"2023-03-30T06:31:50.918Z","EVSE","V2G WeldingDetectionRes",""
"2023-03-30T06:31:51.010Z","EVSE","Charger state: Car Paused->StoppingCharging",""
"2023-03-30T06:31:51.011Z","EVSE","Set PWM Off",""
"2023-03-30T06:31:51.128Z","EVSE","Transaction Finished: EVDisconnected (305.922 kWh)",""
"2023-03-30T06:31:51.130Z","EVSE","DC power supply OFF",""
"2023-03-30T06:31:51.170Z","CAR","V2G WeldingDetectionReq",""
"2023-03-30T06:31:51.253Z","EVSE","V2G WeldingDetectionRes",""
"2023-03-30T06:31:51.512Z","CAR","V2G WeldingDetectionReq",""
"2023-03-30T06:31:51.616Z","EVSE","Change HLC Limits: 0W/0A, target_voltage 389.5, hack_bpt false",""
"2023-03-30T06:31:51.647Z","EVSE","V2G WeldingDetectionRes",""
"2023-03-30T06:31:51.879Z","CAR","V2G WeldingDetectionReq",""
"2023-03-30T06:31:52.006Z","EVSE","V2G WeldingDetectionRes",""
"2023-03-30T06:31:52.245Z","CAR","V2G WeldingDetectionReq",""
"2023-03-30T06:31:52.328Z","EVSE","V2G WeldingDetectionRes",""
"2023-03-30T06:31:52.411Z","CAR","V2G SessionStopReq",""
"2023-03-30T06:31:52.494Z","EVSE","V2G SessionStopRes",""
"2023-03-30T06:31:56.298Z","CAR","Event CarRequestedStopPower",""
"2023-03-30T06:31:56.299Z","EVSE","Event PowerOff",""
"2023-03-30T06:31:56.533Z","EVSE","SLAC UNMATCHED",""
"2023-03-30T06:31:56.693Z","CAR","Event CarUnplugged",""
"2023-03-30T06:31:56.703Z","EVSE","SLAC UNMATCHED",""
"2023-03-30T06:31:56.741Z","EVSE","Charger state: StoppingCharging->Finished",""
"2023-03-30T06:31:56.742Z","EVSE","Session Finished",""
"2023-03-30T06:31:56.743Z","SYS","Session logging stopped.",""
