"2024-01-10T13:30:14.882Z","SYS","Session logging started.",""
"2024-01-10T13:30:14.884Z","EVSE","Session Started: EVConnected",""
"2024-01-10T13:30:15.966Z","EVSE","Set PWM On (5.000000074505806%) took 78 ms",""
"2024-01-10T13:30:15.968Z","EVSE","Change HLC Limits: 4140W/25A, target_voltage 0, actual_voltage 1.2207031, hack_bpt false",""
"2024-01-10T13:30:16.068Z","EVSE","EIM Authorization received",""
"2024-01-10T13:30:16.068Z","EVSE","Transaction Started (0 kWh)",""
"2024-01-10T13:30:16.070Z","EVSE","DC mode. We are in 5percent mode so we can continue without further action.",""
"2024-01-10T13:30:16.070Z","EVSE","Charger state: Wait for Auth->PrepareCharging",""
"2024-01-10T13:30:17.420Z","EVSE","Change HLC Limits: 4140W/25A, target_voltage 0, actual_voltage 0, hack_bpt false",""
"2024-01-10T13:30:18.549Z","EVSE","SLAC MATCHED",""
"2024-01-10T13:30:18.560Z","EVSE","D-LINK_READY (true)",""
"2024-01-10T13:30:18.940Z","EVSE","Change HLC Limits: 4140W/25A, target_voltage 0, actual_voltage 1.2207031, hack_bpt false",""
"2024-01-10T13:30:20.370Z","EVSE","Change HLC Limits: 4140W/25A, target_voltage 0, actual_voltage 0, hack_bpt false",""
"2024-01-10T13:30:30.728Z","CAR","V2G SupportedAppProtocolReq",""
"2024-01-10T13:30:30.752Z","EVSE","V2G SupportedAppProtocolRes",""
"2024-01-10T13:30:31.027Z","CAR","V2G SessionSetupReq",""
"2024-01-10T13:30:31.138Z","EVSE","V2G SessionSetupRes",""
"2024-01-10T13:30:31.382Z","CAR","V2G ServiceDiscoveryReq",""
"2024-01-10T13:30:31.477Z","EVSE","V2G ServiceDiscoveryRes",""
"2024-01-10T13:30:31.788Z","CAR","V2G PaymentServiceSelectionReq",""
"2024-01-10T13:30:31.873Z","EVSE","V2G PaymentServiceSelectionRes",""
"2024-01-10T13:30:32.329Z","CAR","V2G AuthorizationReq",""
"2024-01-10T13:30:32.331Z","EVSE","V2G AuthorizationRes",""
"2024-01-10T13:30:32.507Z","CAR","V2G AuthorizationReq",""
"2024-01-10T13:30:32.631Z","EVSE","V2G AuthorizationRes",""
"2024-01-10T13:30:32.907Z","CAR","V2G ChargeParameterDiscoveryReq",""
"2024-01-10T13:30:33.040Z","EVSE","V2G ChargeParameterDiscoveryRes",""
"2024-01-10T13:30:33.377Z","CAR","Event CarRequestedPower",""
"2024-01-10T13:30:33.438Z","EVSE","Start cable check...",""
"2024-01-10T13:30:33.439Z","CAR","DC HLC Close contactor (in CableCheck)",""
"2024-01-10T13:30:33.459Z","CAR","V2G CableCheckReq",""
"2024-01-10T13:30:33.545Z","EVSE","V2G CableCheckRes",""
"2024-01-10T13:30:33.732Z","EVSE","Event PowerOn",""
"2024-01-10T13:30:33.828Z","CAR","V2G CableCheckReq",""
"2024-01-10T13:30:33.944Z","EVSE","V2G CableCheckRes",""
"2024-01-10T13:30:34.211Z","CAR","V2G CableCheckReq",""
"2024-01-10T13:30:34.242Z","EVSE","DC power supply set: 500V/2A, requested was 500V/2A.",""
"2024-01-10T13:30:34.303Z","EVSE","V2G CableCheckRes",""
"2024-01-10T13:30:34.396Z","EVSE","DC power supply: switch ON called",""
"2024-01-10T13:30:34.581Z","CAR","V2G CableCheckReq",""
"2024-01-10T13:30:34.714Z","EVSE","V2G CableCheckRes",""
"2024-01-10T13:30:34.971Z","CAR","V2G CableCheckReq",""
"2024-01-10T13:30:35.116Z","EVSE","V2G CableCheckRes",""
"2024-01-10T13:30:35.353Z","CAR","V2G CableCheckReq",""
"2024-01-10T13:30:35.479Z","EVSE","V2G CableCheckRes",""
"2024-01-10T13:30:35.548Z","EVSE","Isolation measurement R_F 900000.",""
"2024-01-10T13:30:35.549Z","EVSE","DC power supply set: 500V/2A, requested was 500V/2A.",""
"2024-01-10T13:30:35.580Z","EVSE","Change HLC Limits: 4140W/25A, target_voltage 0, actual_voltage 501.70898, hack_bpt false",""
"2024-01-10T13:30:35.685Z","EVSE","Isolation measurement Ok R_F 900000.",""
"2024-01-10T13:30:35.737Z","CAR","V2G CableCheckReq",""
"2024-01-10T13:30:35.854Z","EVSE","V2G CableCheckRes",""
"2024-01-10T13:30:36.130Z","CAR","V2G CableCheckReq",""
"2024-01-10T13:30:36.223Z","EVSE","V2G CableCheckRes",""
"2024-01-10T13:30:36.548Z","EVSE","Isolation measurement R_F 900000.",""
"2024-01-10T13:30:37.156Z","EVSE","Change HLC Limits: 4140W/25A, target_voltage 0, actual_voltage 499.26758, hack_bpt false",""
"2024-01-10T13:30:37.424Z","EVSE","DC power supply set: 382V/0A, requested was 382V/0A.",""
"2024-01-10T13:30:37.545Z","CAR","V2G PreChargeReq",""
"2024-01-10T13:30:37.548Z","EVSE","V2G PreChargeRes",""
"2024-01-10T13:30:37.549Z","EVSE","Isolation measurement R_F 900000.",""
"2024-01-10T13:30:37.798Z","CAR","V2G PreChargeReq",""
"2024-01-10T13:30:37.933Z","EVSE","V2G PreChargeRes",""
"2024-01-10T13:30:38.192Z","CAR","V2G PreChargeReq",""
"2024-01-10T13:30:38.325Z","EVSE","V2G PreChargeRes",""
"2024-01-10T13:30:38.553Z","EVSE","Isolation measurement R_F 900000.",""
"2024-01-10T13:30:38.840Z","EVSE","Change HLC Limits: 4140W/10.905107A, target_voltage 382, actual_voltage 379.63867, hack_bpt false",""
"2024-01-10T13:30:39.028Z","EVSE","DC power supply set: 382V/0A, requested was 382V/0A.",""
"2024-01-10T13:30:39.547Z","EVSE","Isolation measurement R_F 900000.",""
"2024-01-10T13:30:39.883Z","CAR","V2G PowerDeliveryReq",""
"2024-01-10T13:30:39.944Z","EVSE","V2G PowerDeliveryRes",""
"2024-01-10T13:30:40.271Z","EVSE","DC power supply set: 403V/10A, requested was 403V/10A.",""
"2024-01-10T13:30:40.367Z","EVSE","Charger state: PrepareCharging->Charging",""
"2024-01-10T13:30:40.398Z","CAR","V2G CurrentDemandReq",""
"2024-01-10T13:30:40.400Z","EVSE","V2G CurrentDemandRes",""
"2024-01-10T13:30:40.458Z","EVSE","Change HLC Limits: 4140W/10.870153A, target_voltage 403, actual_voltage 380.85938, hack_bpt false",""
"2024-01-10T13:30:40.579Z","EVSE","Isolation measurement R_F 900000.",""
"2024-01-10T13:30:40.591Z","EVSE","DC power supply set: 403V/10A, requested was 403V/10A.",""
"2024-01-10T13:30:40.631Z","EVSE","DC power supply set: 403V/20A, requested was 403V/20A.",""
"2024-01-10T13:30:40.697Z","CAR","V2G CurrentDemandReq",""
"2024-01-10T13:30:40.730Z","EVSE","V2G CurrentDemandRes",""
"2024-01-10T13:30:40.995Z","CAR","V2G CurrentDemandReq",""
"2024-01-10T13:30:41.108Z","EVSE","V2G CurrentDemandRes",""
"2024-01-10T13:30:41.373Z","CAR","V2G CurrentDemandReq",""
"2024-01-10T13:30:41.475Z","EVSE","V2G CurrentDemandRes",""
"2024-01-10T13:30:41.557Z","EVSE","Isolation measurement R_F 900000.",""
"2024-01-10T13:30:41.767Z","CAR","V2G CurrentDemandReq",""
"2024-01-10T13:30:41.866Z","EVSE","V2G CurrentDemandRes",""
"2024-01-10T13:30:41.971Z","EVSE","Change HLC Limits: 4140W/10.766628A, target_voltage 403, actual_voltage 384.52148, hack_bpt false",""
"2024-01-10T13:30:42.116Z","EVSE","DC power supply set: 403V/20A, requested was 403V/20A.",""
"2024-01-10T13:30:42.157Z","CAR","V2G CurrentDemandReq",""
"2024-01-10T13:30:42.241Z","EVSE","V2G CurrentDemandRes",""
"2024-01-10T13:30:42.518Z","CAR","V2G CurrentDemandReq",""
"2024-01-10T13:30:42.548Z","EVSE","Isolation measurement R_F 900000.",""
"2024-01-10T13:30:42.623Z","EVSE","V2G CurrentDemandRes",""
"2024-01-10T13:30:42.890Z","CAR","V2G CurrentDemandReq",""
"2024-01-10T13:30:42.994Z","EVSE","V2G CurrentDemandRes",""
"2024-01-10T13:30:43.264Z","CAR","V2G CurrentDemandReq",""
"2024-01-10T13:30:43.377Z","EVSE","V2G CurrentDemandRes",""
"2024-01-10T13:30:43.561Z","EVSE","Isolation measurement R_F 900000.",""
"2024-01-10T13:30:43.573Z","EVSE","Change HLC Limits: 4140W/10.818144A, target_voltage 403, actual_voltage 382.69043, hack_bpt false",""
"2024-01-10T13:30:43.666Z","CAR","V2G CurrentDemandReq",""
"2024-01-10T13:30:43.754Z","EVSE","V2G CurrentDemandRes",""
"2024-01-10T13:30:43.763Z","EVSE","DC power supply set: 403V/20A, requested was 403V/20A.",""
"2024-01-10T13:30:44.052Z","EVSE","DC power supply set: 403V/25A, requested was 403V/25A.",""
"2024-01-10T13:30:44.211Z","CAR","V2G CurrentDemandReq",""
"2024-01-10T13:30:44.213Z","EVSE","V2G CurrentDemandRes",""
"2024-01-10T13:30:44.402Z","CAR","V2G CurrentDemandReq",""
"2024-01-10T13:30:44.506Z","EVSE","V2G CurrentDemandRes",""
"2024-01-10T13:30:44.556Z","EVSE","Isolation measurement R_F 900000.",""
"2024-01-10T13:30:44.783Z","CAR","V2G CurrentDemandReq",""
"2024-01-10T13:30:44.898Z","EVSE","V2G CurrentDemandRes",""
"2024-01-10T13:30:45.174Z","CAR","V2G CurrentDemandReq",""
"2024-01-10T13:30:45.280Z","EVSE","Change HLC Limits: 4140W/10.783746A, target_voltage 403, actual_voltage 383.91113, hack_bpt false",""
"2024-01-10T13:30:45.291Z","EVSE","V2G CurrentDemandRes",""
"2024-01-10T13:30:45.458Z","EVSE","DC power supply set: 403V/25A, requested was 403V/25A.",""
"2024-01-10T13:30:45.591Z","EVSE","Isolation measurement R_F 900000.",""
"2024-01-10T13:30:45.593Z","CAR","V2G CurrentDemandReq",""
"2024-01-10T13:30:45.648Z","EVSE","V2G CurrentDemandRes",""
"2024-01-10T13:30:45.920Z","CAR","V2G CurrentDemandReq",""
"2024-01-10T13:30:46.023Z","EVSE","V2G CurrentDemandRes",""
"2024-01-10T13:30:46.286Z","CAR","V2G CurrentDemandReq",""
"2024-01-10T13:30:46.420Z","EVSE","V2G CurrentDemandRes",""
"2024-01-10T13:30:46.551Z","EVSE","Isolation measurement R_F 900000.",""
"2024-01-10T13:30:46.686Z","CAR","V2G CurrentDemandReq",""
"2024-01-10T13:30:46.804Z","EVSE","V2G CurrentDemandRes",""
"2024-01-10T13:30:46.970Z","EVSE","Change HLC Limits: 4140W/10.870153A, target_voltage 403, actual_voltage 380.85938, hack_bpt false",""
"2024-01-10T13:30:47.093Z","CAR","V2G CurrentDemandReq",""
"2024-01-10T13:30:47.114Z","EVSE","DC power supply set: 403V/25A, requested was 403V/25A.",""
"2024-01-10T13:30:47.166Z","EVSE","V2G CurrentDemandRes",""
"2024-01-10T13:30:47.463Z","CAR","V2G CurrentDemandReq",""
"2024-01-10T13:30:47.555Z","EVSE","Isolation measurement R_F 900000.",""
"2024-01-10T13:30:47.567Z","EVSE","V2G CurrentDemandRes",""
"2024-01-10T13:30:47.845Z","CAR","V2G CurrentDemandReq",""
"2024-01-10T13:30:47.939Z","EVSE","V2G CurrentDemandRes",""
"2024-01-10T13:30:48.203Z","CAR","V2G CurrentDemandReq",""
"2024-01-10T13:30:48.307Z","EVSE","V2G CurrentDemandRes",""
"2024-01-10T13:30:48.440Z","EVSE","Change HLC Limits: 4140W/10.922667A, target_voltage 403, actual_voltage 379.02832, hack_bpt false",""
"2024-01-10T13:30:48.554Z","EVSE","Isolation measurement R_F 900000.",""
"2024-01-10T13:30:48.576Z","EVSE","DC power supply set: 403V/25A, requested was 403V/25A.",""
"2024-01-10T13:30:48.577Z","CAR","V2G CurrentDemandReq",""
"2024-01-10T13:30:48.683Z","EVSE","V2G CurrentDemandRes",""
"2024-01-10T13:30:48.991Z","CAR","V2G CurrentDemandReq",""
"2024-01-10T13:30:49.097Z","EVSE","V2G CurrentDemandRes",""
"2024-01-10T13:30:49.367Z","CAR","V2G CurrentDemandReq",""
"2024-01-10T13:30:49.511Z","EVSE","V2G CurrentDemandRes",""
"2024-01-10T13:30:49.551Z","EVSE","Isolation measurement R_F 900000.",""
"2024-01-10T13:30:49.770Z","CAR","V2G CurrentDemandReq",""
"2024-01-10T13:30:49.852Z","EVSE","V2G CurrentDemandRes",""
"2024-01-10T13:30:50.038Z","EVSE","Change HLC Limits: 4140W/10.887602A, target_voltage 403, actual_voltage 380.24902, hack_bpt false",""
"2024-01-10T13:30:50.145Z","CAR","V2G CurrentDemandReq",""
"2024-01-10T13:30:50.156Z","EVSE","DC power supply set: 403V/25A, requested was 403V/25A.",""
"2024-01-10T13:30:50.261Z","EVSE","V2G CurrentDemandRes",""
"2024-01-10T13:30:50.534Z","CAR","V2G CurrentDemandReq",""
"2024-01-10T13:30:50.566Z","EVSE","Isolation measurement R_F 900000.",""
"2024-01-10T13:30:50.642Z","EVSE","V2G CurrentDemandRes",""
"2024-01-10T13:30:50.906Z","CAR","V2G CurrentDemandReq",""
"2024-01-10T13:30:51.030Z","EVSE","V2G CurrentDemandRes",""
"2024-01-10T13:30:51.281Z","CAR","V2G CurrentDemandReq",""
"2024-01-10T13:30:51.375Z","EVSE","V2G CurrentDemandRes",""
"2024-01-10T13:30:51.551Z","EVSE","Change HLC Limits: 4140W/10.766628A, target_voltage 403, actual_voltage 384.52148, hack_bpt false",""
"2024-01-10T13:30:51.561Z","EVSE","Isolation measurement R_F 900000.",""
"2024-01-10T13:30:51.657Z","EVSE","DC power supply set: 403V/25A, requested was 403V/25A.",""
"2024-01-10T13:30:51.691Z","CAR","V2G CurrentDemandReq",""
"2024-01-10T13:30:51.819Z","EVSE","V2G CurrentDemandRes",""
"2024-01-10T13:30:52.120Z","CAR","V2G CurrentDemandReq",""
"2024-01-10T13:30:52.151Z","EVSE","V2G CurrentDemandRes",""
"2024-01-10T13:30:52.515Z","CAR","V2G CurrentDemandReq",""
"2024-01-10T13:30:52.546Z","EVSE","V2G CurrentDemandRes",""
"2024-01-10T13:30:52.555Z","EVSE","Isolation measurement R_F 900000.",""
"2024-01-10T13:30:52.839Z","CAR","V2G CurrentDemandReq",""
"2024-01-10T13:30:52.943Z","EVSE","V2G CurrentDemandRes",""
"2024-01-10T13:30:53.112Z","EVSE","Change HLC Limits: 4140W/10.993478A, target_voltage 403, actual_voltage 376.5869, hack_bpt false",""
"2024-01-10T13:30:53.238Z","CAR","V2G CurrentDemandReq",""
"2024-01-10T13:30:53.249Z","EVSE","DC power supply set: 403V/25A, requested was 403V/25A.",""
"2024-01-10T13:30:53.323Z","EVSE","V2G CurrentDemandRes",""
"2024-01-10T13:30:53.573Z","EVSE","Isolation measurement R_F 900000.",""
"2024-01-10T13:30:53.617Z","CAR","V2G CurrentDemandReq",""
"2024-01-10T13:30:53.680Z","EVSE","V2G CurrentDemandRes",""
"2024-01-10T13:30:54.041Z","CAR","V2G CurrentDemandReq",""
"2024-01-10T13:30:54.073Z","EVSE","V2G CurrentDemandRes",""
"2024-01-10T13:30:54.420Z","CAR","V2G CurrentDemandReq",""
"2024-01-10T13:30:54.461Z","EVSE","V2G CurrentDemandRes",""
"2024-01-10T13:30:54.574Z","EVSE","Isolation measurement R_F 900000.",""
"2024-01-10T13:30:54.764Z","CAR","V2G CurrentDemandReq",""
"2024-01-10T13:30:54.858Z","EVSE","V2G CurrentDemandRes",""
"2024-01-10T13:30:55.171Z","CAR","V2G CurrentDemandReq",""
"2024-01-10T13:30:55.234Z","EVSE","V2G CurrentDemandRes",""
"2024-01-10T13:30:55.550Z","CAR","V2G CurrentDemandReq",""
"2024-01-10T13:30:55.570Z","EVSE","Isolation measurement R_F 900000.",""
"2024-01-10T13:30:55.624Z","EVSE","V2G CurrentDemandRes",""
"2024-01-10T13:30:55.939Z","CAR","V2G CurrentDemandReq",""
"2024-01-10T13:30:56.036Z","EVSE","V2G CurrentDemandRes",""
"2024-01-10T13:30:56.296Z","CAR","V2G CurrentDemandReq",""
"2024-01-10T13:30:56.388Z","EVSE","V2G CurrentDemandRes",""
"2024-01-10T13:30:56.564Z","EVSE","Isolation measurement R_F 900000.",""
"2024-01-10T13:30:56.680Z","CAR","V2G CurrentDemandReq",""
"2024-01-10T13:30:56.795Z","EVSE","V2G CurrentDemandRes",""
"2024-01-10T13:30:57.039Z","CAR","V2G CurrentDemandReq",""
"2024-01-10T13:30:57.153Z","EVSE","V2G CurrentDemandRes",""
"2024-01-10T13:30:57.237Z","EVSE","Change HLC Limits: 4140W/11.029229A, target_voltage 403, actual_voltage 375.3662, hack_bpt false",""
"2024-01-10T13:30:57.414Z","EVSE","DC power supply set: 403V/25A, requested was 403V/25A.",""
"2024-01-10T13:30:57.437Z","CAR","V2G CurrentDemandReq",""
"2024-01-10T13:30:57.510Z","EVSE","V2G CurrentDemandRes",""
"2024-01-10T13:30:57.573Z","EVSE","Isolation measurement R_F 900000.",""
"2024-01-10T13:30:57.815Z","CAR","V2G CurrentDemandReq",""
"2024-01-10T13:30:57.908Z","EVSE","V2G CurrentDemandRes",""
"2024-01-10T13:30:58.182Z","CAR","V2G CurrentDemandReq",""
"2024-01-10T13:30:58.265Z","EVSE","V2G CurrentDemandRes",""
"2024-01-10T13:30:58.547Z","CAR","V2G CurrentDemandReq",""
"2024-01-10T13:30:58.566Z","EVSE","Isolation measurement R_F 900000.",""
"2024-01-10T13:30:58.640Z","EVSE","V2G CurrentDemandRes",""
"2024-01-10T13:30:58.808Z","EVSE","Change HLC Limits: 4140W/10.818144A, target_voltage 403, actual_voltage 382.69043, hack_bpt false",""
"2024-01-10T13:30:58.925Z","EVSE","DC power supply set: 403V/25A, requested was 403V/25A.",""
"2024-01-10T13:30:58.947Z","CAR","V2G CurrentDemandReq",""
"2024-01-10T13:30:59.020Z","EVSE","V2G CurrentDemandRes",""
"2024-01-10T13:30:59.358Z","CAR","V2G CurrentDemandReq",""
"2024-01-10T13:30:59.389Z","EVSE","V2G CurrentDemandRes",""
"2024-01-10T13:30:59.576Z","EVSE","Isolation measurement R_F 900000.",""
"2024-01-10T13:30:59.680Z","CAR","V2G CurrentDemandReq",""
"2024-01-10T13:30:59.773Z","EVSE","V2G CurrentDemandRes",""
"2024-01-10T13:31:00.066Z","CAR","V2G CurrentDemandReq",""
"2024-01-10T13:31:00.159Z","EVSE","V2G CurrentDemandRes",""
"2024-01-10T13:31:00.449Z","CAR","V2G CurrentDemandReq",""
"2024-01-10T13:31:00.542Z","EVSE","V2G CurrentDemandRes",""
"2024-01-10T13:31:00.572Z","EVSE","Isolation measurement R_F 900000.",""
"2024-01-10T13:31:00.846Z","CAR","V2G CurrentDemandReq",""
"2024-01-10T13:31:00.931Z","EVSE","V2G CurrentDemandRes",""
"2024-01-10T13:31:01.248Z","CAR","V2G CurrentDemandReq",""
"2024-01-10T13:31:01.311Z","EVSE","V2G CurrentDemandRes",""
"2024-01-10T13:31:01.595Z","EVSE","Isolation measurement R_F 900000.",""
"2024-01-10T13:31:01.627Z","CAR","V2G CurrentDemandReq",""
"2024-01-10T13:31:01.731Z","EVSE","Change HLC Limits: 4140W/10.940284A, target_voltage 403, actual_voltage 378.41797, hack_bpt false",""
"2024-01-10T13:31:01.753Z","EVSE","V2G CurrentDemandRes",""
"2024-01-10T13:31:01.853Z","EVSE","DC power supply set: 403V/25A, requested was 403V/25A.",""
"2024-01-10T13:31:02.011Z","CAR","V2G CurrentDemandReq",""
"2024-01-10T13:31:02.106Z","EVSE","V2G CurrentDemandRes",""
"2024-01-10T13:31:02.376Z","CAR","V2G CurrentDemandReq",""
"2024-01-10T13:31:02.495Z","EVSE","V2G CurrentDemandRes",""
"2024-01-10T13:31:02.568Z","EVSE","Isolation measurement R_F 900000.",""
"2024-01-10T13:31:02.765Z","CAR","V2G CurrentDemandReq",""
"2024-01-10T13:31:02.889Z","EVSE","V2G CurrentDemandRes",""
"2024-01-10T13:31:03.160Z","CAR","V2G CurrentDemandReq",""
"2024-01-10T13:31:03.266Z","EVSE","Change HLC Limits: 4140W/10.887602A, target_voltage 403, actual_voltage 380.24902, hack_bpt false",""
"2024-01-10T13:31:03.277Z","EVSE","V2G CurrentDemandRes",""
"2024-01-10T13:31:03.443Z","EVSE","DC power supply set: 403V/25A, requested was 403V/25A.",""
"2024-01-10T13:31:03.559Z","CAR","V2G CurrentDemandReq",""
"2024-01-10T13:31:03.590Z","EVSE","Isolation measurement R_F 900000.",""
"2024-01-10T13:31:03.628Z","EVSE","V2G CurrentDemandRes",""
"2024-01-10T13:31:03.905Z","CAR","V2G CurrentDemandReq",""
"2024-01-10T13:31:04.011Z","EVSE","V2G CurrentDemandRes",""
"2024-01-10T13:31:04.280Z","CAR","V2G CurrentDemandReq",""
"2024-01-10T13:31:04.396Z","EVSE","V2G CurrentDemandRes",""
"2024-01-10T13:31:04.563Z","EVSE","Isolation measurement R_F 900000.",""
"2024-01-10T13:31:04.647Z","CAR","V2G CurrentDemandReq",""
"2024-01-10T13:31:04.763Z","EVSE","V2G CurrentDemandRes",""
"2024-01-10T13:31:04.973Z","EVSE","Change HLC Limits: 4140W/10.800918A, target_voltage 403, actual_voltage 383.30078, hack_bpt false",""
"2024-01-10T13:31:05.079Z","CAR","V2G CurrentDemandReq",""
"2024-01-10T13:31:05.101Z","EVSE","DC power supply set: 403V/25A, requested was 403V/25A.",""
"2024-01-10T13:31:05.154Z","EVSE","V2G CurrentDemandRes",""
"2024-01-10T13:31:05.397Z","CAR","V2G CurrentDemandReq",""
"2024-01-10T13:31:05.513Z","EVSE","V2G CurrentDemandRes",""
"2024-01-10T13:31:05.564Z","EVSE","Isolation measurement R_F 900000.",""
"2024-01-10T13:31:05.783Z","CAR","V2G CurrentDemandReq",""
"2024-01-10T13:31:05.891Z","EVSE","V2G CurrentDemandRes",""
"2024-01-10T13:31:06.170Z","CAR","V2G CurrentDemandReq",""
"2024-01-10T13:31:06.276Z","EVSE","V2G CurrentDemandRes",""
"2024-01-10T13:31:06.567Z","CAR","V2G CurrentDemandReq",""
"2024-01-10T13:31:06.588Z","EVSE","Isolation measurement R_F 900000.",""
"2024-01-10T13:31:06.625Z","EVSE","V2G CurrentDemandRes",""
"2024-01-10T13:31:06.909Z","CAR","V2G CurrentDemandReq",""
"2024-01-10T13:31:07.027Z","EVSE","V2G CurrentDemandRes",""
"2024-01-10T13:31:07.289Z","CAR","V2G CurrentDemandReq",""
"2024-01-10T13:31:07.395Z","EVSE","V2G CurrentDemandRes",""
"2024-01-10T13:31:07.570Z","EVSE","Isolation measurement R_F 900000.",""
"2024-01-10T13:31:07.666Z","CAR","V2G CurrentDemandReq",""
"2024-01-10T13:31:07.762Z","EVSE","V2G CurrentDemandRes",""
"2024-01-10T13:31:07.840Z","EVSE","Change HLC Limits: 4140W/10.905107A, target_voltage 403, actual_voltage 379.63867, hack_bpt false",""
"2024-01-10T13:31:07.978Z","EVSE","DC power supply set: 403V/25A, requested was 403V/25A.",""
"2024-01-10T13:31:08.042Z","CAR","V2G CurrentDemandReq",""
"2024-01-10T13:31:08.155Z","EVSE","V2G CurrentDemandRes",""
"2024-01-10T13:31:08.415Z","CAR","V2G CurrentDemandReq",""
"2024-01-10T13:31:08.525Z","EVSE","V2G CurrentDemandRes",""
"2024-01-10T13:31:08.576Z","EVSE","Isolation measurement R_F 900000.",""
"2024-01-10T13:31:08.794Z","CAR","V2G CurrentDemandReq",""
"2024-01-10T13:31:08.912Z","EVSE","V2G CurrentDemandRes",""
"2024-01-10T13:31:09.193Z","CAR","V2G CurrentDemandReq",""
"2024-01-10T13:31:09.289Z","EVSE","V2G CurrentDemandRes",""
"2024-01-10T13:31:09.568Z","CAR","V2G CurrentDemandReq",""
"2024-01-10T13:31:09.581Z","EVSE","Isolation measurement R_F 900000.",""
"2024-01-10T13:31:09.670Z","EVSE","V2G CurrentDemandRes",""
"2024-01-10T13:31:09.930Z","CAR","V2G CurrentDemandReq",""
"2024-01-10T13:31:10.057Z","EVSE","V2G CurrentDemandRes",""
"2024-01-10T13:31:10.327Z","CAR","V2G CurrentDemandReq",""
"2024-01-10T13:31:10.440Z","EVSE","V2G CurrentDemandRes",""
"2024-01-10T13:31:10.586Z","EVSE","Isolation measurement R_F 900000.",""
"2024-01-10T13:31:10.744Z","CAR","V2G CurrentDemandReq",""
"2024-01-10T13:31:10.809Z","EVSE","V2G CurrentDemandRes",""
"2024-01-10T13:31:11.112Z","CAR","V2G CurrentDemandReq",""
"2024-01-10T13:31:11.216Z","EVSE","V2G CurrentDemandRes",""
"2024-01-10T13:31:11.480Z","CAR","V2G CurrentDemandReq",""
"2024-01-10T13:31:11.595Z","EVSE","Isolation measurement R_F 900000.",""
"2024-01-10T13:31:11.595Z","EVSE","Isolation measurement R_F 900000.",""
"2024-01-10T13:31:11.596Z","EVSE","V2G CurrentDemandRes",""
"2024-01-10T13:31:11.884Z","CAR","V2G CurrentDemandReq",""
"2024-01-10T13:31:11.885Z","EVSE","Change HLC Limits: 4140W/10.957958A, target_voltage 403, actual_voltage 377.80762, hack_bpt false",""
"2024-01-10T13:31:11.981Z","EVSE","V2G CurrentDemandRes",""
"2024-01-10T13:31:12.043Z","EVSE","DC power supply set: 403V/25A, requested was 403V/25A.",""
"2024-01-10T13:31:12.264Z","CAR","V2G CurrentDemandReq",""
"2024-01-10T13:31:12.359Z","EVSE","V2G CurrentDemandRes",""
"2024-01-10T13:31:12.577Z","EVSE","Isolation measurement R_F 900000.",""
"2024-01-10T13:31:12.630Z","CAR","V2G CurrentDemandReq",""
"2024-01-10T13:31:12.757Z","EVSE","V2G CurrentDemandRes",""
"2024-01-10T13:31:13.033Z","CAR","V2G CurrentDemandReq",""
"2024-01-10T13:31:13.106Z","EVSE","V2G CurrentDemandRes",""
"2024-01-10T13:31:13.374Z","EVSE","Change HLC Limits: 4140W/11.011325A, target_voltage 403, actual_voltage 375.97656, hack_bpt false",""
"2024-01-10T13:31:13.397Z","CAR","V2G CurrentDemandReq",""
"2024-01-10T13:31:13.545Z","EVSE","V2G CurrentDemandRes",""
"2024-01-10T13:31:13.557Z","EVSE","DC power supply set: 403V/25A, requested was 403V/25A.",""
"2024-01-10T13:31:13.579Z","EVSE","Isolation measurement R_F 900000.",""
"2024-01-10T13:31:13.772Z","CAR","V2G CurrentDemandReq",""
"2024-01-10T13:31:13.910Z","EVSE","V2G CurrentDemandRes",""
"2024-01-10T13:31:14.151Z","CAR","V2G CurrentDemandReq",""
"2024-01-10T13:31:14.245Z","EVSE","V2G CurrentDemandRes",""
"2024-01-10T13:31:14.529Z","CAR","V2G CurrentDemandReq",""
"2024-01-10T13:31:14.580Z","EVSE","Isolation measurement R_F 900000.",""
"2024-01-10T13:31:14.634Z","EVSE","V2G CurrentDemandRes",""
"2024-01-10T13:31:14.908Z","CAR","V2G CurrentDemandReq",""
"2024-01-10T13:31:15.042Z","EVSE","Change HLC Limits: 4140W/10.975689A, target_voltage 403, actual_voltage 377.19727, hack_bpt false",""
"2024-01-10T13:31:15.052Z","EVSE","V2G CurrentDemandRes",""
"2024-01-10T13:31:15.186Z","EVSE","DC power supply set: 403V/25A, requested was 403V/25A.",""
"2024-01-10T13:31:15.333Z","CAR","V2G CurrentDemandReq",""
"2024-01-10T13:31:15.427Z","EVSE","V2G CurrentDemandRes",""
"2024-01-10T13:31:15.580Z","EVSE","Isolation measurement R_F 900000.",""
"2024-01-10T13:31:15.654Z","CAR","V2G CurrentDemandReq",""
"2024-01-10T13:31:15.774Z","EVSE","V2G CurrentDemandRes",""
"2024-01-10T13:31:16.045Z","CAR","V2G CurrentDemandReq",""
"2024-01-10T13:31:16.149Z","EVSE","V2G CurrentDemandRes",""
"2024-01-10T13:31:16.414Z","CAR","V2G CurrentDemandReq",""
"2024-01-10T13:31:16.509Z","EVSE","V2G CurrentDemandRes",""
"2024-01-10T13:31:16.593Z","EVSE","Isolation measurement R_F 900000.",""
"2024-01-10T13:31:16.830Z","CAR","V2G CurrentDemandReq",""
"2024-01-10T13:31:16.904Z","EVSE","V2G CurrentDemandRes",""
"2024-01-10T13:31:17.172Z","CAR","V2G CurrentDemandReq",""
"2024-01-10T13:31:17.257Z","EVSE","V2G CurrentDemandRes",""
"2024-01-10T13:31:17.594Z","EVSE","Isolation measurement R_F 900000.",""
"2024-01-10T13:31:17.595Z","CAR","V2G CurrentDemandReq",""
"2024-01-10T13:31:17.648Z","EVSE","V2G CurrentDemandRes",""
"2024-01-10T13:31:17.969Z","CAR","V2G CurrentDemandReq",""
"2024-01-10T13:31:18.024Z","EVSE","V2G CurrentDemandRes",""
"2024-01-10T13:31:18.395Z","CAR","V2G CurrentDemandReq",""
"2024-01-10T13:31:18.418Z","EVSE","V2G CurrentDemandRes",""
"2024-01-10T13:31:18.595Z","EVSE","Isolation measurement R_F 900000.",""
"2024-01-10T13:31:18.778Z","CAR","V2G CurrentDemandReq",""
"2024-01-10T13:31:18.809Z","EVSE","V2G CurrentDemandRes",""
"2024-01-10T13:31:19.083Z","CAR","V2G CurrentDemandReq",""
"2024-01-10T13:31:19.201Z","EVSE","V2G CurrentDemandRes",""
"2024-01-10T13:31:19.307Z","EVSE","Change HLC Limits: 4140W/10.870153A, target_voltage 403, actual_voltage 380.85938, hack_bpt false",""
"2024-01-10T13:31:19.437Z","EVSE","DC power supply set: 403V/25A, requested was 403V/25A.",""
"2024-01-10T13:31:19.470Z","CAR","V2G CurrentDemandReq",""
"2024-01-10T13:31:19.576Z","EVSE","V2G CurrentDemandRes",""
"2024-01-10T13:31:19.586Z","EVSE","Isolation measurement R_F 900000.",""
"2024-01-10T13:31:19.925Z","CAR","V2G CurrentDemandReq",""
"2024-01-10T13:31:19.946Z","EVSE","V2G CurrentDemandRes",""
"2024-01-10T13:31:20.221Z","CAR","V2G CurrentDemandReq",""
"2024-01-10T13:31:20.315Z","EVSE","V2G CurrentDemandRes",""
"2024-01-10T13:31:20.593Z","EVSE","Isolation measurement R_F 900000.",""
"2024-01-10T13:31:20.606Z","CAR","V2G CurrentDemandReq",""
"2024-01-10T13:31:20.710Z","EVSE","V2G CurrentDemandRes",""
"2024-01-10T13:31:20.816Z","EVSE","Change HLC Limits: 4140W/10.905107A, target_voltage 403, actual_voltage 379.63867, hack_bpt false",""
"2024-01-10T13:31:20.916Z","EVSE","DC power supply set: 403V/25A, requested was 403V/25A.",""
"2024-01-10T13:31:21.032Z","CAR","V2G CurrentDemandReq",""
"2024-01-10T13:31:21.105Z","EVSE","V2G CurrentDemandRes",""
"2024-01-10T13:31:21.438Z","CAR","V2G CurrentDemandReq",""
"2024-01-10T13:31:21.473Z","EVSE","V2G CurrentDemandRes",""
"2024-01-10T13:31:21.587Z","EVSE","Isolation measurement R_F 900000.",""
"2024-01-10T13:31:21.791Z","CAR","V2G CurrentDemandReq",""
"2024-01-10T13:31:21.873Z","EVSE","V2G CurrentDemandRes",""
"2024-01-10T13:31:22.169Z","CAR","V2G CurrentDemandReq",""
"2024-01-10T13:31:22.254Z","EVSE","V2G CurrentDemandRes",""
"2024-01-10T13:31:22.405Z","EVSE","Change HLC Limits: 4140W/10.870153A, target_voltage 403, actual_voltage 380.85938, hack_bpt false",""
"2024-01-10T13:31:22.555Z","EVSE","DC power supply set: 403V/25A, requested was 403V/25A.",""
"2024-01-10T13:31:22.567Z","CAR","V2G CurrentDemandReq",""
"2024-01-10T13:31:22.587Z","EVSE","Isolation measurement R_F 900000.",""
"2024-01-10T13:31:22.663Z","EVSE","V2G CurrentDemandRes",""
"2024-01-10T13:31:22.914Z","CAR","V2G CurrentDemandReq",""
"2024-01-10T13:31:23.009Z","EVSE","V2G CurrentDemandRes",""
"2024-01-10T13:31:23.289Z","CAR","V2G CurrentDemandReq",""
"2024-01-10T13:31:23.393Z","EVSE","V2G CurrentDemandRes",""
"2024-01-10T13:31:23.594Z","EVSE","Isolation measurement R_F 900000.",""
"2024-01-10T13:31:23.681Z","CAR","V2G CurrentDemandReq",""
"2024-01-10T13:31:23.785Z","EVSE","V2G CurrentDemandRes",""
"2024-01-10T13:31:23.939Z","EVSE","Change HLC Limits: 4140W/10.940284A, target_voltage 403, actual_voltage 378.41797, hack_bpt false",""
"2024-01-10T13:31:24.057Z","EVSE","DC power supply set: 403V/25A, requested was 403V/25A.",""
"2024-01-10T13:31:24.083Z","CAR","V2G CurrentDemandReq",""
"2024-01-10T13:31:24.158Z","EVSE","V2G CurrentDemandRes",""
"2024-01-10T13:31:24.458Z","CAR","V2G CurrentDemandReq",""
"2024-01-10T13:31:24.541Z","EVSE","V2G CurrentDemandRes",""
"2024-01-10T13:31:24.582Z","EVSE","Isolation measurement R_F 900000.",""
"2024-01-10T13:31:24.820Z","CAR","V2G CurrentDemandReq",""
"2024-01-10T13:31:24.913Z","EVSE","V2G CurrentDemandRes",""
"2024-01-10T13:31:25.196Z","CAR","V2G CurrentDemandReq",""
"2024-01-10T13:31:25.298Z","EVSE","V2G CurrentDemandRes",""
"2024-01-10T13:31:25.472Z","EVSE","Change HLC Limits: 4140W/10.905107A, target_voltage 403, actual_voltage 379.63867, hack_bpt false",""
"2024-01-10T13:31:25.584Z","EVSE","DC power supply set: 403V/25A, requested was 403V/25A.",""
"2024-01-10T13:31:25.594Z","EVSE","Isolation measurement R_F 900000.",""
"2024-01-10T13:31:25.616Z","CAR","V2G CurrentDemandReq",""
"2024-01-10T13:31:25.687Z","EVSE","V2G CurrentDemandRes",""
"2024-01-10T13:31:25.989Z","CAR","V2G CurrentDemandReq",""
"2024-01-10T13:31:26.103Z","EVSE","V2G CurrentDemandRes",""
"2024-01-10T13:31:26.369Z","CAR","V2G CurrentDemandReq",""
"2024-01-10T13:31:26.475Z","EVSE","V2G CurrentDemandRes",""
"2024-01-10T13:31:26.587Z","EVSE","Isolation measurement R_F 900000.",""
"2024-01-10T13:31:26.770Z","CAR","V2G CurrentDemandReq",""
"2024-01-10T13:31:26.875Z","EVSE","V2G CurrentDemandRes",""
"2024-01-10T13:31:27.038Z","EVSE","Change HLC Limits: 4140W/10.940284A, target_voltage 403, actual_voltage 378.41797, hack_bpt false",""
"2024-01-10T13:31:27.163Z","EVSE","DC power supply set: 403V/25A, requested was 403V/25A.",""
"2024-01-10T13:31:27.184Z","CAR","V2G CurrentDemandReq",""
"2024-01-10T13:31:27.257Z","EVSE","V2G CurrentDemandRes",""
"2024-01-10T13:31:27.522Z","CAR","V2G CurrentDemandReq",""
"2024-01-10T13:31:27.581Z","EVSE","Isolation measurement R_F 900000.",""
"2024-01-10T13:31:27.634Z","EVSE","V2G CurrentDemandRes",""
"2024-01-10T13:31:27.910Z","CAR","V2G CurrentDemandReq",""
"2024-01-10T13:31:28.023Z","EVSE","V2G CurrentDemandRes",""
"2024-01-10T13:31:28.297Z","CAR","V2G CurrentDemandReq",""
"2024-01-10T13:31:28.412Z","EVSE","V2G CurrentDemandRes",""
"2024-01-10T13:31:28.613Z","EVSE","Isolation measurement R_F 900000.",""
"2024-01-10T13:31:28.615Z","EVSE","Change HLC Limits: 4140W/10.835425A, target_voltage 403, actual_voltage 382.08008, hack_bpt false",""
"2024-01-10T13:31:28.716Z","CAR","V2G CurrentDemandReq",""
"2024-01-10T13:31:28.758Z","EVSE","DC power supply set: 403V/25A, requested was 403V/25A.",""
"2024-01-10T13:31:28.790Z","EVSE","V2G CurrentDemandRes",""
"2024-01-10T13:31:29.087Z","CAR","V2G CurrentDemandReq",""
"2024-01-10T13:31:29.178Z","EVSE","V2G CurrentDemandRes",""
"2024-01-10T13:31:29.442Z","CAR","V2G CurrentDemandReq",""
"2024-01-10T13:31:29.556Z","EVSE","V2G CurrentDemandRes",""
"2024-01-10T13:31:29.596Z","EVSE","Isolation measurement R_F 900000.",""
"2024-01-10T13:31:29.823Z","CAR","V2G CurrentDemandReq",""
"2024-01-10T13:31:29.948Z","EVSE","V2G CurrentDemandRes",""
"2024-01-10T13:31:30.207Z","EVSE","Change HLC Limits: 4140W/10.870153A, target_voltage 403, actual_voltage 380.85938, hack_bpt false",""
"2024-01-10T13:31:30.228Z","CAR","V2G CurrentDemandReq",""
"2024-01-10T13:31:30.315Z","EVSE","V2G CurrentDemandRes",""
"2024-01-10T13:31:30.336Z","EVSE","DC power supply set: 403V/25A, requested was 403V/25A.",""
"2024-01-10T13:31:30.597Z","EVSE","Isolation measurement R_F 900000.",""
"2024-01-10T13:31:30.598Z","CAR","V2G CurrentDemandReq",""
"2024-01-10T13:31:30.704Z","EVSE","V2G CurrentDemandRes",""
"2024-01-10T13:31:30.960Z","CAR","V2G CurrentDemandReq",""
"2024-01-10T13:31:31.063Z","EVSE","V2G CurrentDemandRes",""
"2024-01-10T13:31:31.351Z","CAR","V2G CurrentDemandReq",""
"2024-01-10T13:31:31.436Z","EVSE","V2G CurrentDemandRes",""
"2024-01-10T13:31:31.588Z","EVSE","Isolation measurement R_F 900000.",""
"2024-01-10T13:31:31.773Z","CAR","V2G CurrentDemandReq",""
"2024-01-10T13:31:31.838Z","EVSE","Change HLC Limits: 4140W/11.029229A, target_voltage 403, actual_voltage 375.3662, hack_bpt false",""
"2024-01-10T13:31:31.849Z","EVSE","V2G CurrentDemandRes",""
"2024-01-10T13:31:31.992Z","EVSE","DC power supply set: 403V/25A, requested was 403V/25A.",""
"2024-01-10T13:31:32.106Z","CAR","V2G CurrentDemandReq",""
"2024-01-10T13:31:32.220Z","EVSE","V2G CurrentDemandRes",""
"2024-01-10T13:31:32.485Z","CAR","V2G CurrentDemandReq",""
"2024-01-10T13:31:32.596Z","EVSE","Isolation measurement R_F 900000.",""
"2024-01-10T13:31:32.619Z","EVSE","V2G CurrentDemandRes",""
"2024-01-10T13:31:32.854Z","CAR","V2G CurrentDemandReq",""
"2024-01-10T13:31:32.958Z","EVSE","V2G CurrentDemandRes",""
"2024-01-10T13:31:33.258Z","CAR","V2G CurrentDemandReq",""
"2024-01-10T13:31:33.361Z","EVSE","Change HLC Limits: 4140W/10.922667A, target_voltage 403, actual_voltage 379.02832, hack_bpt false",""
"2024-01-10T13:31:33.392Z","EVSE","V2G CurrentDemandRes",""
"2024-01-10T13:31:33.504Z","EVSE","DC power supply set: 403V/25A, requested was 403V/25A.",""
"2024-01-10T13:31:33.608Z","EVSE","Isolation measurement R_F 900000.",""
"2024-01-10T13:31:33.620Z","CAR","V2G CurrentDemandReq",""
"2024-01-10T13:31:33.733Z","EVSE","V2G CurrentDemandRes",""
"2024-01-10T13:31:34.019Z","CAR","V2G CurrentDemandReq",""
"2024-01-10T13:31:34.101Z","EVSE","V2G CurrentDemandRes",""
"2024-01-10T13:31:34.392Z","CAR","V2G CurrentDemandReq",""
"2024-01-10T13:31:34.474Z","EVSE","V2G CurrentDemandRes",""
"2024-01-10T13:31:34.596Z","EVSE","Isolation measurement R_F 900000.",""
"2024-01-10T13:31:34.794Z","CAR","V2G CurrentDemandReq",""
"2024-01-10T13:31:34.892Z","EVSE","V2G CurrentDemandRes",""
"2024-01-10T13:31:35.002Z","EVSE","Change HLC Limits: 4140W/10.818144A, target_voltage 403, actual_voltage 382.69043, hack_bpt false",""
"2024-01-10T13:31:35.118Z","EVSE","DC power supply set: 403V/25A, requested was 403V/25A.",""
"2024-01-10T13:31:35.150Z","CAR","V2G CurrentDemandReq",""
"2024-01-10T13:31:35.257Z","EVSE","V2G CurrentDemandRes",""
"2024-01-10T13:31:35.535Z","CAR","V2G CurrentDemandReq",""
"2024-01-10T13:31:35.596Z","EVSE","Isolation measurement R_F 900000.",""
"2024-01-10T13:31:35.628Z","EVSE","V2G CurrentDemandRes",""
"2024-01-10T13:31:35.938Z","CAR","V2G CurrentDemandReq",""
"2024-01-10T13:31:36.030Z","EVSE","V2G CurrentDemandRes",""
"2024-01-10T13:31:36.392Z","CAR","V2G CurrentDemandReq",""
"2024-01-10T13:31:36.413Z","EVSE","V2G CurrentDemandRes",""
"2024-01-10T13:31:36.545Z","EVSE","Change HLC Limits: 4140W/10.922667A, target_voltage 403, actual_voltage 379.02832, hack_bpt false",""
"2024-01-10T13:31:36.606Z","EVSE","Isolation measurement R_F 900000.",""
"2024-01-10T13:31:36.629Z","EVSE","DC power supply set: 403V/25A, requested was 403V/25A.",""
"2024-01-10T13:31:36.723Z","CAR","V2G CurrentDemandReq",""
"2024-01-10T13:31:36.795Z","EVSE","V2G CurrentDemandRes",""
"2024-01-10T13:31:37.133Z","CAR","V2G CurrentDemandReq",""
"2024-01-10T13:31:37.174Z","EVSE","V2G CurrentDemandRes",""
"2024-01-10T13:31:37.503Z","CAR","V2G CurrentDemandReq",""
"2024-01-10T13:31:37.555Z","EVSE","V2G CurrentDemandRes",""
"2024-01-10T13:31:37.614Z","EVSE","Isolation measurement R_F 900000.",""
"2024-01-10T13:31:37.884Z","CAR","V2G CurrentDemandReq",""
"2024-01-10T13:31:37.936Z","EVSE","V2G CurrentDemandRes",""
"2024-01-10T13:31:38.222Z","CAR","V2G CurrentDemandReq",""
"2024-01-10T13:31:38.314Z","EVSE","V2G CurrentDemandRes",""
"2024-01-10T13:31:38.633Z","EVSE","Isolation measurement R_F 900000.",""
"2024-01-10T13:31:38.635Z","CAR","V2G CurrentDemandReq",""
"2024-01-10T13:31:38.696Z","EVSE","V2G CurrentDemandRes",""
"2024-01-10T13:31:39.008Z","CAR","V2G CurrentDemandReq",""
"2024-01-10T13:31:39.090Z","EVSE","V2G CurrentDemandRes",""
"2024-01-10T13:31:39.379Z","EVSE","Change HLC Limits: 4140W/10.975689A, target_voltage 403, actual_voltage 377.19727, hack_bpt false",""
"2024-01-10T13:31:39.400Z","CAR","V2G CurrentDemandReq",""
"2024-01-10T13:31:39.482Z","EVSE","V2G CurrentDemandRes",""
"2024-01-10T13:31:39.502Z","EVSE","DC power supply set: 403V/25A, requested was 403V/25A.",""
"2024-01-10T13:31:39.616Z","EVSE","Isolation measurement R_F 900000.",""
"2024-01-10T13:31:39.772Z","CAR","V2G CurrentDemandReq",""
"2024-01-10T13:31:39.874Z","EVSE","V2G CurrentDemandRes",""
"2024-01-10T13:31:40.146Z","CAR","V2G CurrentDemandReq",""
"2024-01-10T13:31:40.301Z","EVSE","V2G CurrentDemandRes",""
"2024-01-10T13:31:40.563Z","CAR","V2G CurrentDemandReq",""
"2024-01-10T13:31:40.603Z","EVSE","Isolation measurement R_F 900000.",""
"2024-01-10T13:31:40.645Z","EVSE","V2G CurrentDemandRes",""
"2024-01-10T13:31:40.922Z","EVSE","Change HLC Limits: 4140W/10.940284A, target_voltage 403, actual_voltage 378.41797, hack_bpt false",""
"2024-01-10T13:31:40.943Z","CAR","V2G CurrentDemandReq",""
"2024-01-10T13:31:41.036Z","EVSE","V2G CurrentDemandRes",""
"2024-01-10T13:31:41.130Z","EVSE","DC power supply set: 403V/25A, requested was 403V/25A.",""
"2024-01-10T13:31:41.316Z","CAR","V2G CurrentDemandReq",""
"2024-01-10T13:31:41.399Z","EVSE","V2G CurrentDemandRes",""
"2024-01-10T13:31:41.635Z","EVSE","Isolation measurement R_F 900000.",""
"2024-01-10T13:31:41.677Z","CAR","V2G CurrentDemandReq",""
"2024-01-10T13:31:41.770Z","EVSE","V2G CurrentDemandRes",""
"2024-01-10T13:31:42.050Z","CAR","V2G CurrentDemandReq",""
"2024-01-10T13:31:42.143Z","EVSE","V2G CurrentDemandRes",""
"2024-01-10T13:31:42.443Z","CAR","V2G CurrentDemandReq",""
"2024-01-10T13:31:42.546Z","EVSE","V2G CurrentDemandRes",""
"2024-01-10T13:31:42.607Z","EVSE","Isolation measurement R_F 900000.",""
"2024-01-10T13:31:42.630Z","EVSE","Change HLC Limits: 4140W/10.870153A, target_voltage 403, actual_voltage 380.85938, hack_bpt false",""
"2024-01-10T13:31:42.825Z","EVSE","DC power supply set: 403V/25A, requested was 403V/25A.",""
"2024-01-10T13:31:42.848Z","CAR","V2G CurrentDemandReq",""
"2024-01-10T13:31:42.919Z","EVSE","V2G CurrentDemandRes",""
"2024-01-10T13:31:43.200Z","CAR","V2G CurrentDemandReq",""
"2024-01-10T13:31:43.315Z","EVSE","V2G CurrentDemandRes",""
"2024-01-10T13:31:43.573Z","CAR","V2G CurrentDemandReq",""
"2024-01-10T13:31:43.603Z","EVSE","Isolation measurement R_F 900000.",""
"2024-01-10T13:31:43.676Z","EVSE","V2G CurrentDemandRes",""
"2024-01-10T13:31:43.955Z","CAR","V2G CurrentDemandReq",""
"2024-01-10T13:31:44.047Z","EVSE","V2G CurrentDemandRes",""
"2024-01-10T13:31:44.154Z","EVSE","Change HLC Limits: 4140W/10.940284A, target_voltage 403, actual_voltage 378.41797, hack_bpt false",""
"2024-01-10T13:31:44.267Z","EVSE","DC power supply set: 403V/25A, requested was 403V/25A.",""
"2024-01-10T13:31:44.392Z","CAR","V2G CurrentDemandReq",""
"2024-01-10T13:31:44.423Z","EVSE","V2G CurrentDemandRes",""
"2024-01-10T13:31:44.609Z","EVSE","Isolation measurement R_F 900000.",""
"2024-01-10T13:31:44.726Z","CAR","V2G CurrentDemandReq",""
"2024-01-10T13:31:44.819Z","EVSE","V2G CurrentDemandRes",""
"2024-01-10T13:31:45.101Z","CAR","V2G CurrentDemandReq",""
"2024-01-10T13:31:45.216Z","EVSE","V2G CurrentDemandRes",""
"2024-01-10T13:31:45.488Z","CAR","V2G CurrentDemandReq",""
"2024-01-10T13:31:45.603Z","EVSE","V2G CurrentDemandRes",""
"2024-01-10T13:31:45.625Z","EVSE","Isolation measurement R_F 900000.",""
"2024-01-10T13:31:45.698Z","EVSE","Change HLC Limits: 4140W/10.975689A, target_voltage 403, actual_voltage 377.19727, hack_bpt false",""
"2024-01-10T13:31:45.802Z","EVSE","DC power supply set: 403V/25A, requested was 403V/25A.",""
"2024-01-10T13:31:45.896Z","CAR","V2G CurrentDemandReq",""
"2024-01-10T13:31:45.980Z","EVSE","V2G CurrentDemandRes",""
"2024-01-10T13:31:46.270Z","CAR","V2G CurrentDemandReq",""
"2024-01-10T13:31:46.364Z","EVSE","V2G CurrentDemandRes",""
"2024-01-10T13:31:46.609Z","EVSE","Isolation measurement R_F 900000.",""
"2024-01-10T13:31:46.631Z","CAR","V2G CurrentDemandReq",""
"2024-01-10T13:31:46.747Z","EVSE","V2G CurrentDemandRes",""
"2024-01-10T13:31:47.025Z","CAR","V2G CurrentDemandReq",""
"2024-01-10T13:31:47.132Z","EVSE","V2G CurrentDemandRes",""
"2024-01-10T13:31:47.228Z","EVSE","Change HLC Limits: 4140W/10.887602A, target_voltage 403, actual_voltage 380.24902, hack_bpt false",""
"2024-01-10T13:31:47.361Z","EVSE","DC power supply set: 403V/25A, requested was 403V/25A.",""
"2024-01-10T13:31:47.425Z","CAR","V2G CurrentDemandReq",""
"2024-01-10T13:31:47.518Z","EVSE","V2G CurrentDemandRes",""
"2024-01-10T13:31:47.610Z","EVSE","Isolation measurement R_F 900000.",""
"2024-01-10T13:31:47.797Z","CAR","V2G CurrentDemandReq",""
"2024-01-10T13:31:47.906Z","EVSE","V2G CurrentDemandRes",""
"2024-01-10T13:31:48.173Z","CAR","V2G CurrentDemandReq",""
"2024-01-10T13:31:48.283Z","EVSE","V2G CurrentDemandRes",""
"2024-01-10T13:31:48.559Z","CAR","V2G CurrentDemandReq",""
"2024-01-10T13:31:48.621Z","EVSE","Isolation measurement R_F 900000.",""
"2024-01-10T13:31:48.667Z","EVSE","V2G CurrentDemandRes",""
"2024-01-10T13:31:48.786Z","EVSE","Change HLC Limits: 4140W/10.975689A, target_voltage 403, actual_voltage 377.19727, hack_bpt false",""
"2024-01-10T13:31:48.932Z","EVSE","DC power supply set: 403V/25A, requested was 403V/25A.",""
"2024-01-10T13:31:48.977Z","CAR","V2G CurrentDemandReq",""
"2024-01-10T13:31:49.060Z","EVSE","V2G CurrentDemandRes",""
"2024-01-10T13:31:49.341Z","CAR","V2G CurrentDemandReq",""
"2024-01-10T13:31:49.457Z","EVSE","V2G CurrentDemandRes",""
"2024-01-10T13:31:49.645Z","EVSE","Isolation measurement R_F 900000.",""
"2024-01-10T13:31:49.718Z","CAR","V2G CurrentDemandReq",""
"2024-01-10T13:31:49.835Z","EVSE","V2G CurrentDemandRes",""
"2024-01-10T13:31:50.093Z","CAR","V2G CurrentDemandReq",""
"2024-01-10T13:31:50.198Z","EVSE","V2G CurrentDemandRes",""
"2024-01-10T13:31:50.504Z","CAR","V2G CurrentDemandReq",""
"2024-01-10T13:31:50.617Z","EVSE","Isolation measurement R_F 900000.",""
"2024-01-10T13:31:50.639Z","EVSE","V2G CurrentDemandRes",""
"2024-01-10T13:31:50.875Z","CAR","V2G CurrentDemandReq",""
"2024-01-10T13:31:50.979Z","EVSE","V2G CurrentDemandRes",""
"2024-01-10T13:31:51.258Z","CAR","V2G CurrentDemandReq",""
"2024-01-10T13:31:51.353Z","EVSE","V2G CurrentDemandRes",""
"2024-01-10T13:31:51.622Z","EVSE","Isolation measurement R_F 900000.",""
"2024-01-10T13:31:51.646Z","CAR","V2G CurrentDemandReq",""
"2024-01-10T13:31:51.731Z","EVSE","V2G CurrentDemandRes",""
"2024-01-10T13:31:52.034Z","CAR","V2G CurrentDemandReq",""
"2024-01-10T13:31:52.128Z","EVSE","V2G CurrentDemandRes",""
"2024-01-10T13:31:52.409Z","CAR","V2G CurrentDemandReq",""
"2024-01-10T13:31:52.514Z","EVSE","V2G CurrentDemandRes",""
"2024-01-10T13:31:52.616Z","EVSE","Isolation measurement R_F 900000.",""
"2024-01-10T13:31:52.840Z","CAR","V2G CurrentDemandReq",""
"2024-01-10T13:31:52.914Z","EVSE","V2G CurrentDemandRes",""
"2024-01-10T13:31:53.040Z","EVSE","Change HLC Limits: 4140W/10.905107A, target_voltage 403, actual_voltage 379.63867, hack_bpt false",""
"2024-01-10T13:31:53.169Z","EVSE","DC power supply set: 403V/25A, requested was 403V/25A.",""
"2024-01-10T13:31:53.202Z","CAR","V2G CurrentDemandReq",""
"2024-01-10T13:31:53.297Z","EVSE","V2G CurrentDemandRes",""
"2024-01-10T13:31:53.651Z","EVSE","Isolation measurement R_F 900000.",""
"2024-01-10T13:31:53.652Z","CAR","V2G CurrentDemandReq",""
"2024-01-10T13:31:53.673Z","EVSE","V2G CurrentDemandRes",""
"2024-01-10T13:31:53.946Z","CAR","V2G CurrentDemandReq",""
"2024-01-10T13:31:54.043Z","EVSE","V2G CurrentDemandRes",""
"2024-01-10T13:31:54.318Z","CAR","V2G CurrentDemandReq",""
"2024-01-10T13:31:54.412Z","EVSE","V2G CurrentDemandRes",""
"2024-01-10T13:31:54.620Z","EVSE","Isolation measurement R_F 900000.",""
"2024-01-10T13:31:54.694Z","EVSE","Change HLC Limits: 4140W/10.852761A, target_voltage 403, actual_voltage 381.46973, hack_bpt false",""
"2024-01-10T13:31:54.715Z","CAR","V2G CurrentDemandReq",""
"2024-01-10T13:31:54.809Z","EVSE","DC power supply set: 403V/25A, requested was 403V/25A.",""
"2024-01-10T13:31:54.830Z","EVSE","V2G CurrentDemandRes",""
"2024-01-10T13:31:55.094Z","CAR","V2G CurrentDemandReq",""
"2024-01-10T13:31:55.222Z","EVSE","V2G CurrentDemandRes",""
"2024-01-10T13:31:55.566Z","CAR","V2G CurrentDemandReq",""
"2024-01-10T13:31:55.587Z","EVSE","V2G CurrentDemandRes",""
"2024-01-10T13:31:55.617Z","EVSE","Isolation measurement R_F 900000.",""
"2024-01-10T13:31:55.882Z","CAR","V2G CurrentDemandReq",""
"2024-01-10T13:31:55.954Z","EVSE","V2G CurrentDemandRes",""
"2024-01-10T13:31:56.168Z","EVSE","Change HLC Limits: 4140W/10.905107A, target_voltage 403, actual_voltage 379.63867, hack_bpt false",""
"2024-01-10T13:31:56.242Z","CAR","V2G CurrentDemandReq",""
"2024-01-10T13:31:56.355Z","EVSE","DC power supply set: 403V/25A, requested was 403V/25A.",""
"2024-01-10T13:31:56.377Z","EVSE","V2G CurrentDemandRes",""
"2024-01-10T13:31:56.660Z","EVSE","Isolation measurement R_F 900000.",""
"2024-01-10T13:31:56.662Z","CAR","V2G CurrentDemandReq",""
"2024-01-10T13:31:56.725Z","EVSE","V2G CurrentDemandRes",""
"2024-01-10T13:31:57.021Z","CAR","V2G CurrentDemandReq",""
"2024-01-10T13:31:57.123Z","EVSE","V2G CurrentDemandRes",""
"2024-01-10T13:31:57.438Z","CAR","V2G CurrentDemandReq",""
"2024-01-10T13:31:57.491Z","EVSE","V2G CurrentDemandRes",""
"2024-01-10T13:31:57.628Z","EVSE","Isolation measurement R_F 900000.",""
"2024-01-10T13:31:57.787Z","CAR","V2G CurrentDemandReq",""
"2024-01-10T13:31:57.892Z","EVSE","V2G CurrentDemandRes",""
"2024-01-10T13:31:58.203Z","CAR","V2G CurrentDemandReq",""
"2024-01-10T13:31:58.266Z","EVSE","V2G CurrentDemandRes",""
"2024-01-10T13:31:58.555Z","CAR","V2G CurrentDemandReq",""
"2024-01-10T13:31:58.627Z","EVSE","Isolation measurement R_F 900000.",""
"2024-01-10T13:31:58.649Z","EVSE","V2G CurrentDemandRes",""
"2024-01-10T13:31:58.925Z","EVSE","Change HLC Limits: 4140W/10.975689A, target_voltage 403, actual_voltage 377.19727, hack_bpt false",""
"2024-01-10T13:31:58.948Z","CAR","V2G CurrentDemandReq",""
"2024-01-10T13:31:59.071Z","EVSE","DC power supply set: 403V/25A, requested was 403V/25A.",""
"2024-01-10T13:31:59.094Z","EVSE","V2G CurrentDemandRes",""
"2024-01-10T13:31:59.306Z","CAR","V2G CurrentDemandReq",""
"2024-01-10T13:31:59.398Z","EVSE","V2G CurrentDemandRes",""
"2024-01-10T13:31:59.631Z","EVSE","Isolation measurement R_F 900000.",""
"2024-01-10T13:31:59.694Z","CAR","V2G CurrentDemandReq",""
"2024-01-10T13:31:59.787Z","EVSE","V2G CurrentDemandRes",""
"2024-01-10T13:32:00.059Z","CAR","V2G CurrentDemandReq",""
"2024-01-10T13:32:00.174Z","EVSE","V2G CurrentDemandRes",""
"2024-01-10T13:32:00.440Z","CAR","V2G CurrentDemandReq",""
"2024-01-10T13:32:00.544Z","EVSE","Change HLC Limits: 4140W/10.905107A, target_voltage 403, actual_voltage 379.63867, hack_bpt false",""
"2024-01-10T13:32:00.576Z","EVSE","V2G CurrentDemandRes",""
"2024-01-10T13:32:00.638Z","EVSE","Isolation measurement R_F 900000.",""
"2024-01-10T13:32:00.661Z","EVSE","DC power supply set: 403V/25A, requested was 403V/25A.",""
"2024-01-10T13:32:00.828Z","CAR","V2G CurrentDemandReq",""
"2024-01-10T13:32:00.910Z","EVSE","V2G CurrentDemandRes",""
"2024-01-10T13:32:01.197Z","CAR","V2G CurrentDemandReq",""
"2024-01-10T13:32:01.281Z","EVSE","V2G CurrentDemandRes",""
"2024-01-10T13:32:01.599Z","CAR","V2G CurrentDemandReq",""
"2024-01-10T13:32:01.630Z","EVSE","Isolation measurement R_F 900000.",""
"2024-01-10T13:32:01.663Z","EVSE","V2G CurrentDemandRes",""
"2024-01-10T13:32:01.969Z","CAR","V2G CurrentDemandReq",""
"2024-01-10T13:32:02.096Z","EVSE","V2G CurrentDemandRes",""
"2024-01-10T13:32:02.362Z","CAR","V2G CurrentDemandReq",""
"2024-01-10T13:32:02.425Z","EVSE","V2G CurrentDemandRes",""
"2024-01-10T13:32:02.666Z","EVSE","Isolation measurement R_F 900000.",""
"2024-01-10T13:32:02.719Z","CAR","V2G CurrentDemandReq",""
"2024-01-10T13:32:02.823Z","EVSE","V2G CurrentDemandRes",""
"2024-01-10T13:32:03.098Z","CAR","V2G CurrentDemandReq",""
"2024-01-10T13:32:03.215Z","EVSE","V2G CurrentDemandRes",""
"2024-01-10T13:32:03.470Z","EVSE","Change HLC Limits: 4140W/10.975689A, target_voltage 403, actual_voltage 377.19727, hack_bpt false",""
"2024-01-10T13:32:03.502Z","CAR","V2G CurrentDemandReq",""
"2024-01-10T13:32:03.618Z","EVSE","DC power supply set: 403V/25A, requested was 403V/25A.",""
"2024-01-10T13:32:03.619Z","EVSE","V2G CurrentDemandRes",""
"2024-01-10T13:32:03.639Z","EVSE","Isolation measurement R_F 900000.",""
"2024-01-10T13:32:03.870Z","CAR","V2G CurrentDemandReq",""
"2024-01-10T13:32:03.975Z","EVSE","V2G CurrentDemandRes",""
"2024-01-10T13:32:04.236Z","CAR","V2G CurrentDemandReq",""
"2024-01-10T13:32:04.362Z","EVSE","V2G CurrentDemandRes",""
"2024-01-10T13:32:04.609Z","CAR","V2G CurrentDemandReq",""
"2024-01-10T13:32:04.628Z","EVSE","Isolation measurement R_F 900000.",""
"2024-01-10T13:32:04.723Z","EVSE","V2G CurrentDemandRes",""
"2024-01-10T13:32:05.010Z","EVSE","Change HLC Limits: 4140W/11.011325A, target_voltage 403, actual_voltage 375.97656, hack_bpt false",""
"2024-01-10T13:32:05.020Z","CAR","V2G CurrentDemandReq",""
"2024-01-10T13:32:05.126Z","EVSE","V2G CurrentDemandRes",""
"2024-01-10T13:32:05.220Z","EVSE","DC power supply set: 403V/25A, requested was 403V/25A.",""
"2024-01-10T13:32:05.359Z","CAR","V2G CurrentDemandReq",""
"2024-01-10T13:32:05.442Z","EVSE","V2G CurrentDemandRes",""
"2024-01-10T13:32:05.641Z","EVSE","Isolation measurement R_F 900000.",""
"2024-01-10T13:32:05.747Z","CAR","V2G CurrentDemandReq",""
"2024-01-10T13:32:05.842Z","EVSE","V2G CurrentDemandRes",""
"2024-01-10T13:32:06.119Z","CAR","V2G CurrentDemandReq",""
"2024-01-10T13:32:06.233Z","EVSE","V2G CurrentDemandRes",""
"2024-01-10T13:32:06.506Z","CAR","V2G CurrentDemandReq",""
"2024-01-10T13:32:06.624Z","EVSE","V2G CurrentDemandRes",""
"2024-01-10T13:32:06.635Z","EVSE","Change HLC Limits: 4140W/10.975689A, target_voltage 403, actual_voltage 377.19727, hack_bpt false",""
"2024-01-10T13:32:06.644Z","EVSE","Isolation measurement R_F 900000.",""
"2024-01-10T13:32:06.753Z","EVSE","DC power supply set: 403V/25A, requested was 403V/25A.",""
"2024-01-10T13:32:06.901Z","CAR","V2G CurrentDemandReq",""
"2024-01-10T13:32:07.017Z","EVSE","V2G CurrentDemandRes",""
"2024-01-10T13:32:07.279Z","CAR","V2G CurrentDemandReq",""
"2024-01-10T13:32:07.376Z","EVSE","V2G CurrentDemandRes",""
"2024-01-10T13:32:07.624Z","EVSE","Isolation measurement R_F 900000.",""
"2024-01-10T13:32:07.648Z","CAR","V2G CurrentDemandReq",""
"2024-01-10T13:32:07.753Z","EVSE","V2G CurrentDemandRes",""
"2024-01-10T13:32:08.037Z","CAR","V2G CurrentDemandReq",""
"2024-01-10T13:32:08.160Z","EVSE","Change HLC Limits: 4140W/10.905107A, target_voltage 403, actual_voltage 379.63867, hack_bpt false",""
"2024-01-10T13:32:08.160Z","EVSE","V2G CurrentDemandRes",""
"2024-01-10T13:32:08.275Z","EVSE","DC power supply set: 403V/25A, requested was 403V/25A.",""
"2024-01-10T13:32:08.409Z","CAR","V2G CurrentDemandReq",""
"2024-01-10T13:32:08.524Z","EVSE","V2G CurrentDemandRes",""
"2024-01-10T13:32:08.629Z","EVSE","Isolation measurement R_F 900000.",""
"2024-01-10T13:32:08.803Z","CAR","V2G CurrentDemandReq",""
"2024-01-10T13:32:08.910Z","EVSE","V2G CurrentDemandRes",""
"2024-01-10T13:32:09.179Z","CAR","V2G CurrentDemandReq",""
"2024-01-10T13:32:09.287Z","EVSE","V2G CurrentDemandRes",""
"2024-01-10T13:32:09.557Z","CAR","V2G CurrentDemandReq",""
"2024-01-10T13:32:09.645Z","EVSE","Isolation measurement R_F 900000.",""
"2024-01-10T13:32:09.669Z","EVSE","V2G CurrentDemandRes",""
"2024-01-10T13:32:09.670Z","EVSE","Change HLC Limits: 4140W/10.957958A, target_voltage 403, actual_voltage 377.80762, hack_bpt false",""
"2024-01-10T13:32:09.785Z","EVSE","DC power supply set: 403V/25A, requested was 403V/25A.",""
"2024-01-10T13:32:09.956Z","CAR","V2G CurrentDemandReq",""
"2024-01-10T13:32:10.044Z","EVSE","V2G CurrentDemandRes",""
"2024-01-10T13:32:10.343Z","EVSE","Transaction Finished: Local (0 kWh)",""
"2024-01-10T13:32:10.346Z","EVSE","Charger state: Charging->StoppingCharging",""
"2024-01-10T13:32:10.348Z","EVSE","DC power supply OFF",""
"2024-01-10T13:32:10.351Z","CAR","V2G CurrentDemandReq",""
"2024-01-10T13:32:10.427Z","EVSE","V2G CurrentDemandRes",""
"2024-01-10T13:32:10.738Z","EVSE","DC power supply OFF",""
"2024-01-10T13:32:10.881Z","EVSE","DC power supply OFF",""
"2024-01-10T13:32:11.146Z","CAR","V2G PowerDeliveryReq",""
"2024-01-10T13:32:11.149Z","EVSE","V2G PowerDeliveryRes",""
"2024-01-10T13:32:11.240Z","CAR","V2G SessionStopReq",""
"2024-01-10T13:32:11.263Z","CAR","Event CarRequestedStopPower",""
"2024-01-10T13:32:11.286Z","EVSE","Event PowerOff",""
"2024-01-10T13:32:11.372Z","EVSE","V2G SessionStopRes",""
"2024-01-10T13:32:12.624Z","EVSE","Change HLC Limits: 4140W/19.106976A, target_voltage 403, actual_voltage 216.6748, hack_bpt false",""
"2024-01-10T13:32:14.035Z","EVSE","Change HLC Limits: 4140W/25A, target_voltage 403, actual_voltage 119.018555, hack_bpt false",""
"2024-01-10T13:32:15.456Z","EVSE","Change HLC Limits: 4140W/25A, target_voltage 403, actual_voltage 68.96973, hack_bpt false",""
"2024-01-10T13:32:16.333Z","EVSE","D-LINK_PAUSE.req",""
"2024-01-10T13:32:16.334Z","EVSE","Set PWM Off",""
"2024-01-10T13:32:16.905Z","EVSE","Change HLC Limits: 4140W/25A, target_voltage 403, actual_voltage 40.893555, hack_bpt false",""
"2024-01-10T13:32:18.252Z","EVSE","Change HLC Limits: 4140W/25A, target_voltage 403, actual_voltage 28.686523, hack_bpt false",""
"2024-01-10T13:32:19.725Z","EVSE","Change HLC Limits: 4140W/25A, target_voltage 403, actual_voltage 17.700195, hack_bpt false",""
"2024-01-10T13:32:21.296Z","EVSE","Change HLC Limits: 4140W/25A, target_voltage 403, actual_voltage 10.375977, hack_bpt false",""
"2024-01-10T13:32:22.648Z","EVSE","Change HLC Limits: 4140W/10.272953A, target_voltage 403, actual_voltage 6.1035156, hack_bpt false",""
"2024-01-10T13:32:24.182Z","EVSE","Change HLC Limits: 4140W/10.272953A, target_voltage 403, actual_voltage 3.6621094, hack_bpt false",""
"2024-01-10T13:32:25.388Z","CAR","Event CarRequestedStopPower",""
"2024-01-10T13:32:25.668Z","EVSE","Change HLC Limits: 4140W/10.272953A, target_voltage 403, actual_voltage 2.4414062, hack_bpt false",""
"2024-01-10T13:32:25.698Z","EVSE","D-LINK_READY (false)",""
"2024-01-10T13:32:25.710Z","CAR","Event CarUnplugged",""
"2024-01-10T13:32:25.711Z","EVSE","Charger state: StoppingCharging->Finished",""
"2024-01-10T13:32:25.780Z","EVSE","SLAC UNMATCHED",""
"2024-01-10T13:32:25.842Z","EVSE","Session Finished",""
"2024-01-10T13:32:25.842Z","SYS","Session logging stopped.",""
